optimizer,budget,seed,w2,solved,loss,stalled
adam,1000,0,0.3708362281322479,False,0.6925172209739685,False
adam,1000,1,1.8765047788619995,False,0.4811960458755493,False
adam,1000,2,2.80378794670105,False,0.450754851102829,False
adam,1000,3,1.6509802341461182,False,0.4717903137207031,False
adam,1000,4,0.6775860786437988,False,0.6931463479995728,True
adam,1000,5,2.1640238761901855,False,0.48251017928123474,False
adam,1000,6,0.7714656591415405,False,0.6930546760559082,True
adam,1000,7,2.9465012550354004,False,0.445769339799881,False
adam,1000,8,0.6544660925865173,False,0.6931456923484802,True
adam,1000,9,1.9974933862686157,False,0.47704017162323,False
adam,1000,10,2.661083221435547,False,0.44108638167381287,False
adam,1000,11,0.4833816885948181,False,0.692919909954071,False
adam,1000,12,2.5821733474731445,False,0.45335519313812256,False
adam,1000,13,0.4455087184906006,False,0.6922378540039062,False
adam,1000,14,0.5093320608139038,False,0.6931440830230713,True
adam,1000,15,0.14422348141670227,False,0.6878203749656677,False
adam,1000,16,0.33744195103645325,False,0.6931286454200745,True
adam,1000,17,0.8568949699401855,False,0.6931444406509399,True
adam,1000,18,1.9823973178863525,False,0.47647354006767273,False
adam,1000,19,2.3106026649475098,False,0.45517659187316895,False
adam,1000,20,1.4382085800170898,False,0.49556395411491394,False
adam,1000,21,0.8859589695930481,False,0.6926116943359375,False
adam,1000,22,1.0407689809799194,False,0.5232819318771362,False
adam,1000,23,0.4665118455886841,False,0.693061351776123,True
adam,1000,24,0.3962945342063904,False,0.691241979598999,False
adam,1000,25,0.3262757956981659,False,0.6906201839447021,False
adam,1000,26,0.4191018342971802,False,0.6930642127990723,True
adam,1000,27,1.6036893129348755,False,0.45384204387664795,False
adam,1000,28,1.519026756286621,False,0.48645004630088806,False
adam,1000,29,0.3351641893386841,False,0.6930184364318848,False
adam,2000,0,0.1345161497592926,False,0.6846743226051331,False
adam,2000,1,3.7140841484069824,False,0.41653144359588623,False
adam,2000,2,5.272712707519531,False,0.37678980827331543,False
adam,2000,3,3.2361056804656982,False,0.4134081304073334,False
adam,2000,4,0.6782063841819763,False,0.6931463479995728,True
adam,2000,5,4.22374963760376,False,0.41293439269065857,False
adam,2000,6,0.7338951826095581,False,0.693053126335144,True
adam,2000,7,5.387142658233643,False,0.3735488951206207,False
adam,2000,8,0.6549157500267029,False,0.6931456923484802,True
adam,2000,9,3.897718667984009,False,0.41169843077659607,False
adam,2000,10,4.977720260620117,False,0.3715941607952118,False
adam,2000,11,0.5019962191581726,False,0.6928823590278625,False
adam,2000,12,4.866057872772217,False,0.38353538513183594,False
adam,2000,13,0.5990753173828125,False,0.6920004487037659,False
adam,2000,14,0.5040199160575867,False,0.6931437849998474,True
adam,2000,15,3.0303754806518555,False,0.4324168264865875,False
adam,2000,16,0.3255179524421692,False,0.6931245923042297,True
adam,2000,17,0.859085738658905,False,0.6931445598602295,True
adam,2000,18,3.9064884185791016,False,0.4103691875934601,False
adam,2000,19,4.493669033050537,False,0.38625115156173706,False
adam,2000,20,2.9077279567718506,False,0.43853920698165894,False
adam,2000,21,0.9839862585067749,False,0.6925997734069824,False
adam,2000,22,2.3116791248321533,False,0.46559393405914307,False
adam,2000,23,3.063464879989624,False,0.4344271123409271,False
adam,2000,24,3.4679741859436035,False,0.4080948233604431,False
adam,2000,25,1.6624757051467896,False,0.47377678751945496,False
adam,2000,26,0.3378886282444,False,0.6928871273994446,False
adam,2000,27,2.9869844913482666,False,0.40335068106651306,False
adam,2000,28,3.257817268371582,False,0.42346426844596863,False
adam,2000,29,0.3531687557697296,False,0.6930124163627625,False
adam,4000,0,4.638856410980225,False,0.3829149007797241,False
adam,4000,1,8.171405792236328,False,0.3032802641391754,False
adam,4000,2,10.33377742767334,True,0.2656906843185425,False
adam,4000,3,7.352989673614502,False,0.30579131841659546,False
adam,4000,4,0.6811823844909668,False,0.6931463479995728,True
adam,4000,5,9.050145149230957,False,0.294210821390152,False
adam,4000,6,3.656521797180176,False,0.420348197221756,False
adam,4000,7,10.437630653381348,True,0.26338204741477966,False
adam,4000,8,0.6570822596549988,False,0.6931455731391907,True
adam,4000,9,8.424997329711914,False,0.29862484335899353,False
adam,4000,10,9.897018432617188,False,0.2633499801158905,False
adam,4000,11,5.5649213790893555,False,0.36890384554862976,False
adam,4000,12,9.795036315917969,False,0.273074746131897,False
adam,4000,13,4.652296543121338,False,0.385135293006897,False
adam,4000,14,2.3022964000701904,False,0.469870388507843,False
adam,4000,15,7.727530479431152,False,0.30555281043052673,False
adam,4000,16,6.416335582733154,False,0.34870484471321106,False
adam,4000,17,0.8695502877235413,False,0.6931444406509399,True
adam,4000,18,8.419023513793945,False,0.2983146905899048,False
adam,4000,19,9.459400177001953,False,0.27339687943458557,False
adam,4000,20,6.8021721839904785,False,0.3318443298339844,False
adam,4000,21,1.2604265213012695,False,0.6925764679908752,False
adam,4000,22,5.704631805419922,False,0.3629996180534363,False
adam,4000,23,8.866851806640625,False,0.28515946865081787,False
adam,4000,24,8.748825073242188,False,0.2767510712146759,False
adam,4000,25,4.9895429611206055,False,0.36531928181648254,False
adam,4000,26,7.966619968414307,False,0.30885234475135803,False
adam,4000,27,6.687413215637207,False,0.3084624111652374,False
adam,4000,28,7.520362377166748,False,0.3152754306793213,False
adam,4000,29,0.4145060181617737,False,0.6929887533187866,False
adam,8000,0,14.222579002380371,True,0.1956985890865326,False
adam,8000,1,18.297624588012695,True,0.1500551849603653,False
adam,8000,2,20.573631286621094,True,0.13284191489219666,False
adam,8000,3,17.414438247680664,True,0.14965899288654327,False
adam,8000,4,0.7061007022857666,False,0.693147599697113,True
adam,8000,5,19.43394660949707,True,0.1443864107131958,False
adam,8000,6,14.851370811462402,True,0.19218170642852783,False
adam,8000,7,20.666913986206055,True,0.1314716786146164,False
adam,8000,8,0.679036021232605,False,0.6931455731391907,True
adam,8000,9,18.541385650634766,True,0.14805543422698975,False
adam,8000,10,20.09302520751953,True,0.12985706329345703,False
adam,8000,11,16.539270401000977,True,0.17656762897968292,False
adam,8000,12,20.051803588867188,True,0.13616912066936493,False
adam,8000,13,14.844282150268555,True,0.19325856864452362,False
adam,8000,14,13.323750495910645,True,0.2169947773218155,False
adam,8000,15,17.888818740844727,True,0.14680823683738708,False
adam,8000,16,17.481040954589844,True,0.1645117551088333,False
adam,8000,17,0.9450380802154541,False,0.6931448578834534,True
adam,8000,18,18.45786476135254,True,0.14968381822109222,False
adam,8000,19,19.944988250732422,True,0.13450634479522705,False
adam,8000,20,16.732528686523438,True,0.16755814850330353,False
adam,8000,21,3.975149393081665,False,0.4043222665786743,False
adam,8000,22,15.23119831085205,True,0.1885019689798355,False
adam,8000,23,19.172178268432617,True,0.13767948746681213,False
adam,8000,24,19.152202606201172,True,0.12987272441387177,False
adam,8000,25,14.42680835723877,True,0.18767622113227844,False
adam,8000,26,18.854516983032227,True,0.14660055935382843,False
adam,8000,27,16.35668182373047,True,0.15938642621040344,False
adam,8000,28,17.627622604370117,True,0.1604049801826477,False
adam,8000,29,8.535923957824707,False,0.2895718812942505,False
adam,16000,0,34.59524917602539,True,0.05089773237705231,False
adam,16000,1,38.632476806640625,True,0.040105871856212616,False
adam,16000,2,40.988590240478516,True,0.037022825330495834,False
adam,16000,3,37.758609771728516,True,0.03811582550406456,False
adam,16000,4,0.668734610080719,False,0.6931463479995728,True
adam,16000,5,39.875003814697266,True,0.04019610956311226,False
adam,16000,6,35.24280548095703,True,0.04952768236398697,False
adam,16000,7,41.06884002685547,True,0.036563485860824585,False
adam,16000,8,0.8068639039993286,False,0.6931454539299011,True
adam,16000,9,38.87409210205078,True,0.03944038227200508,False
adam,16000,10,40.426273345947266,True,0.03420735523104668,False
adam,16000,11,37.17678451538086,True,0.04891063645482063,False
adam,16000,12,40.491641998291016,True,0.03696401044726372,False
adam,16000,13,35.35658645629883,True,0.05322059243917465,False
adam,16000,14,33.84746551513672,True,0.05778951942920685,False
adam,16000,15,38.1067008972168,True,0.036643385887145996,False
adam,16000,16,38.083351135253906,True,0.0445467010140419,False
adam,16000,17,1.0259919166564941,False,0.6931443214416504,True
adam,16000,18,38.79772186279297,True,0.041267357766628265,False
adam,16000,19,40.513919830322266,True,0.03715718910098076,False
adam,16000,20,37.1727180480957,True,0.04396606609225273,False
adam,16000,21,25.27092933654785,True,0.09614284336566925,False
adam,16000,22,35.60227966308594,True,0.05039193481206894,False
adam,16000,23,39.418853759765625,True,0.03595004975795746,False
adam,16000,24,39.402713775634766,True,0.031337227672338486,False
adam,16000,25,34.80366897583008,True,0.047641243785619736,False
adam,16000,26,39.41096878051758,True,0.040146198123693466,False
adam,16000,27,36.726688385009766,True,0.04429735243320465,False
adam,16000,28,38.130977630615234,True,0.0440618097782135,False
adam,16000,29,29.11461639404297,True,0.06937218457460403,False
adam,40000,0,94.50887298583984,True,0.002318174345418811,False
adam,40000,1,97.93414306640625,True,0.002089817775413394,False
adam,40000,2,100.48233032226562,True,0.0018019089475274086,False
adam,40000,3,97.38093566894531,True,0.0016544508980587125,False
adam,40000,4,36.61677932739258,True,0.04260943457484245,False
adam,40000,5,98.80029296875,True,0.002400614321231842,False
adam,40000,6,95.19503784179688,True,0.002104030456393957,False
adam,40000,7,100.53633117675781,True,0.001794831594452262,False
adam,40000,8,0.8920151591300964,False,0.6931452751159668,True
adam,40000,9,98.3846664428711,True,0.0018394914222881198,False
adam,40000,10,99.89956665039062,True,0.0015267595881596208,False
adam,40000,11,96.89481353759766,True,0.002529948716983199,False
adam,40000,12,100.08626556396484,True,0.0016638061497360468,False
adam,40000,13,95.15740203857422,True,0.0027498104609549046,False
adam,40000,14,93.67894744873047,True,0.0029320174362510443,False
adam,40000,15,97.58576202392578,True,0.001570240710861981,False
adam,40000,16,97.83638000488281,True,0.002117057563737035,False
adam,40000,17,7.119365692138672,False,0.32539471983909607,False
adam,40000,18,97.95572662353516,True,0.002321419771760702,False
adam,40000,19,100.19723510742188,True,0.001740589621476829,False
adam,40000,20,97.04945373535156,True,0.0018760613165795803,False
adam,40000,21,85.7288589477539,True,0.004393238574266434,False
adam,40000,22,95.24424743652344,True,0.002583904657512903,False
adam,40000,23,98.65782928466797,True,0.0017382970545440912,False
adam,40000,24,99.2833251953125,True,0.0009889676002785563,False
adam,40000,25,94.5411148071289,True,0.0021200128830969334,False
adam,40000,26,98.78382110595703,True,0.0020763950888067484,False
adam,40000,27,96.1076431274414,True,0.0025732910726219416,False
adam,40000,28,97.59669494628906,True,0.0022816243581473827,False
adam,40000,29,89.5071029663086,True,0.00244979839771986,False
sgd,1000,0,0.6414812207221985,False,0.6925800442695618,False
sgd,1000,1,1.8328627347946167,False,0.4830111265182495,False
sgd,1000,2,0.009934570640325546,False,0.6931451559066772,True
sgd,1000,3,1.8934094905853271,False,0.4615146219730377,False
sgd,1000,4,0.8134734034538269,False,0.6931463479995728,True
sgd,1000,5,1.9214227199554443,False,0.4923865497112274,False
sgd,1000,6,0.9504761099815369,False,0.6930544972419739,True
sgd,1000,7,1.4800904989242554,False,0.5028514266014099,False
sgd,1000,8,0.6459009051322937,False,0.6931455731391907,True
sgd,1000,9,1.7535595893859863,False,0.49230480194091797,False
sgd,1000,10,1.3249045610427856,False,0.49516594409942627,False
sgd,1000,11,0.6582923531532288,False,0.6929206848144531,False
sgd,1000,12,1.684806227684021,False,0.4881664514541626,False
sgd,1000,13,1.579671859741211,False,0.4870204031467438,False
sgd,1000,14,1.8054192066192627,False,0.48975443840026855,False
sgd,1000,15,1.3993651866912842,False,0.509218156337738,False
sgd,1000,16,0.5458173751831055,False,0.6931362152099609,True
sgd,1000,17,0.725787341594696,False,0.6931446194648743,True
sgd,1000,18,0.7892816662788391,False,0.5388095378875732,False
sgd,1000,19,1.9224199056625366,False,0.47030094265937805,False
sgd,1000,20,1.6867345571517944,False,0.484334260225296,False
sgd,1000,21,0.9964037537574768,False,0.6926223635673523,False
sgd,1000,22,0.07596765458583832,False,0.6930885910987854,True
sgd,1000,23,0.2165965437889099,False,0.6930996179580688,True
sgd,1000,24,0.5874089598655701,False,0.6918574571609497,False
sgd,1000,25,1.585045576095581,False,0.47725212574005127,False
sgd,1000,26,0.5723976492881775,False,0.6930888295173645,True
sgd,1000,27,1.930724024772644,False,0.44013339281082153,False
sgd,1000,28,1.7471212148666382,False,0.4766113758087158,False
sgd,1000,29,1.8048919439315796,False,0.49309325218200684,False
sgd,2000,0,0.671163022518158,False,0.6925656199455261,False
sgd,2000,1,2.859518051147461,False,0.44428789615631104,False
sgd,2000,2,0.03841749578714371,False,0.6931321024894714,True
sgd,2000,3,2.893017053604126,False,0.4246748983860016,False
sgd,2000,4,0.8135330080986023,False,0.6931463479995728,True
sgd,2000,5,2.9478378295898438,False,0.4538092017173767,False
sgd,2000,6,0.9488404989242554,False,0.6930543780326843,True
sgd,2000,7,2.5757832527160645,False,0.45861881971359253,False
sgd,2000,8,0.6461393237113953,False,0.6931455731391907,True
sgd,2000,9,2.8113183975219727,False,0.4512152075767517,False
sgd,2000,10,2.443695545196533,False,0.4486921727657318,False
sgd,2000,11,0.6803178787231445,False,0.6929173469543457,False
sgd,2000,12,2.7264208793640137,False,0.44827401638031006,False
sgd,2000,13,2.6281774044036865,False,0.4464954435825348,False
sgd,2000,14,2.8413827419281006,False,0.45041197538375854,False
sgd,2000,15,2.526869058609009,False,0.4622914791107178,False
sgd,2000,16,0.5474863052368164,False,0.6931362152099609,True
sgd,2000,17,0.726085364818573,False,0.693144679069519,True
sgd,2000,18,2.1202995777130127,False,0.47089263796806335,False
sgd,2000,19,2.9159646034240723,False,0.4340449571609497,False
sgd,2000,20,2.72324538230896,False,0.4447963833808899,False
sgd,2000,21,1.026017665863037,False,0.6926169395446777,False
sgd,2000,22,0.1330902874469757,False,0.6930612325668335,True
sgd,2000,23,0.23802806437015533,False,0.6930959820747375,True
sgd,2000,24,0.41060730814933777,False,0.6913771033287048,False
sgd,2000,25,2.644526958465576,False,0.4357394278049469,False
sgd,2000,26,0.5725662112236023,False,0.6930885314941406,True
sgd,2000,27,2.882878303527832,False,0.4066081941127777,False
sgd,2000,28,2.746802806854248,False,0.43985581398010254,False
sgd,2000,29,2.851288318634033,False,0.452933669090271,False
sgd,4000,0,0.7040771842002869,False,0.6925424933433533,False
sgd,4000,1,4.554928302764893,False,0.3916890621185303,False
sgd,4000,2,0.11800283193588257,False,0.6931113600730896,True
sgd,4000,3,4.544001579284668,False,0.3746594488620758,False
sgd,4000,4,0.8136522173881531,False,0.6931463479995728,True
sgd,4000,5,4.662292957305908,False,0.40013736486434937,False
sgd,4000,6,0.9453701972961426,False,0.6930541396141052,True
sgd,4000,7,4.321467399597168,False,0.402863472700119,False
sgd,4000,8,0.6466161608695984,False,0.6931455731391907,True
sgd,4000,9,4.545162677764893,False,0.3962353467941284,False
sgd,4000,10,4.175869941711426,False,0.39362621307373047,False
sgd,4000,11,0.7189603447914124,False,0.6929116249084473,False
sgd,4000,12,4.419836044311523,False,0.3958168029785156,False
sgd,4000,13,4.31438684463501,False,0.39443033933639526,False
sgd,4000,14,4.547461032867432,False,0.39725279808044434,False
sgd,4000,15,4.306560039520264,False,0.4042997658252716,False
sgd,4000,16,0.5507840514183044,False,0.6931362152099609,True
sgd,4000,17,0.7266814112663269,False,0.6931446194648743,True
sgd,4000,18,3.961003541946411,False,0.4086843430995941,False
sgd,4000,19,4.564190864562988,False,0.3843434154987335,False
sgd,4000,20,4.412445545196533,False,0.392566978931427,False
sgd,4000,21,1.0778552293777466,False,0.6926082372665405,False
sgd,4000,22,0.1599666327238083,False,0.6930201649665833,False
sgd,4000,23,0.2792576849460602,False,0.6930897235870361,True
sgd,4000,24,2.7508862018585205,False,0.43180739879608154,False
sgd,4000,25,4.338260650634766,False,0.38307899236679077,False
sgd,4000,26,0.5723744034767151,False,0.6930882334709167,True
sgd,4000,27,4.449129104614258,False,0.36149460077285767,False
sgd,4000,28,4.387417316436768,False,0.3906140923500061,False
sgd,4000,29,4.579017162322998,False,0.3983859121799469,False
sgd,8000,0,0.6664309501647949,False,0.6924875378608704,False
sgd,8000,1,7.318875789642334,False,0.32193344831466675,False
sgd,8000,2,0.19104985892772675,False,0.6930973529815674,True
sgd,8000,3,7.235718250274658,False,0.30836567282676697,False
sgd,8000,4,0.8138906359672546,False,0.6931463479995728,True
sgd,8000,5,7.466421127319336,False,0.3284449875354767,False
sgd,8000,6,0.9375720024108887,False,0.693053662776947,True
sgd,8000,7,7.134217262268066,False,0.33067452907562256,False
sgd,8000,8,0.6475698351860046,False,0.6931455731391907,True
sgd,8000,9,7.357630252838135,False,0.3240429162979126,False
sgd,8000,10,6.948302745819092,False,0.3233526647090912,False
sgd,8000,11,0.7790377736091614,False,0.6929035186767578,False
sgd,8000,12,7.170064449310303,False,0.3268072009086609,False
sgd,8000,13,7.041812896728516,False,0.32651183009147644,False
sgd,8000,14,7.321333408355713,False,0.3271161615848541,False
sgd,8000,15,7.157261848449707,False,0.33009597659111023,False
sgd,8000,16,0.5572213530540466,False,0.6931361556053162,True
sgd,8000,17,0.7278735041618347,False,0.6931446194648743,True
sgd,8000,18,6.838684558868408,False,0.33301153779029846,False
sgd,8000,19,7.2565412521362305,False,0.3181833028793335,False
sgd,8000,20,7.1584062576293945,False,0.32372814416885376,False
sgd,8000,21,1.1594825983047485,False,0.6925958395004272,False
sgd,8000,22,3.615429639816284,False,0.4214187264442444,False
sgd,8000,23,0.35298240184783936,False,0.6930801272392273,True
sgd,8000,24,5.9008073806762695,False,0.34038063883781433,False
sgd,8000,25,7.069087505340576,False,0.3148551285266876,False
sgd,8000,26,0.5697529315948486,False,0.6930873394012451,True
sgd,8000,27,7.003303050994873,False,0.3017221689224243,False
sgd,8000,28,7.068850517272949,False,0.32502296566963196,False
sgd,8000,29,7.389864444732666,False,0.32631903886795044,False
sgd,16000,0,5.59034538269043,False,0.3575840890407562,False
sgd,16000,1,11.5789794921875,True,0.23907631635665894,False
sgd,16000,2,2.858302116394043,False,0.44882893562316895,False
sgd,16000,3,11.392473220825195,True,0.22936682403087616,False
sgd,16000,4,0.8143674731254578,False,0.6931463479995728,True
sgd,16000,5,11.779797554016113,True,0.24358142912387848,False
sgd,16000,6,0.9180836081504822,False,0.6930525898933411,True
sgd,16000,7,11.451037406921387,True,0.2456725537776947,False
sgd,16000,8,0.6494771838188171,False,0.6931455731391907,True
sgd,16000,9,11.66732406616211,True,0.23926930129528046,False
sgd,16000,10,11.211310386657715,True,0.24034705758094788,False
sgd,16000,11,0.8524197936058044,False,0.6928930878639221,False
sgd,16000,12,11.421828269958496,True,0.24437619745731354,False
sgd,16000,13,11.250529289245605,True,0.24569298326969147,False
sgd,16000,14,11.58647346496582,True,0.2441921979188919,False
sgd,16000,15,11.500950813293457,True,0.24394772946834564,False
sgd,16000,16,0.5697742700576782,False,0.6931359767913818,True
sgd,16000,17,0.7302576899528503,False,0.6931445598602295,True
sgd,16000,18,11.20501708984375,True,0.24596911668777466,False
sgd,16000,19,11.421319961547852,True,0.23905856907367706,False
sgd,16000,20,11.401288986206055,True,0.24158042669296265,False
sgd,16000,21,1.2675303220748901,False,0.6925806999206543,False
sgd,16000,22,8.960081100463867,False,0.28967002034187317,False
sgd,16000,23,0.45948490500450134,False,0.6930688619613647,True
sgd,16000,24,10.484790802001953,False,0.2440173178911209,False
sgd,16000,25,11.269936561584473,False,0.23419934511184692,False
sgd,16000,26,0.5538136959075928,False,0.6930851936340332,True
sgd,16000,27,10.976893424987793,False,0.22951823472976685,False
sgd,16000,28,11.246112823486328,False,0.2454826682806015,False
sgd,16000,29,11.703285217285156,True,0.24143308401107788,False
sgd,40000,0,16.558935165405273,True,0.16654366254806519,False
sgd,40000,1,19.75058364868164,True,0.13580957055091858,False
sgd,40000,2,15.579627990722656,True,0.18582431972026825,False
sgd,40000,3,19.400718688964844,True,0.1301189661026001,False
sgd,40000,4,0.8157979846000671,False,0.6931463479995728,True
sgd,40000,5,20.007482528686523,True,0.13891877233982086,False
sgd,40000,6,0.807952344417572,False,0.6930467486381531,False
sgd,40000,7,19.718618392944336,True,0.1400756537914276,False
sgd,40000,8,0.6551991701126099,False,0.6931455731391907,True
sgd,40000,9,19.8700008392334,True,0.13518820703029633,False
sgd,40000,10,19.430070877075195,True,0.13591927289962769,False
sgd,40000,11,0.8268933296203613,False,0.6928666830062866,False
sgd,40000,12,19.651010513305664,True,0.13987548649311066,False
sgd,40000,13,19.40367889404297,True,0.14309905469417572,False
sgd,40000,14,19.771135330200195,True,0.1407785415649414,False
sgd,40000,15,19.743854522705078,True,0.13880442082881927,False
sgd,40000,16,0.604499340057373,False,0.693135678768158,True
sgd,40000,17,0.7374082803726196,False,0.6931445598602295,True
sgd,40000,18,19.504026412963867,True,0.13946424424648285,False
sgd,40000,19,19.487276077270508,True,0.13865798711776733,False
sgd,40000,20,19.595884323120117,True,0.13785356283187866,False
sgd,40000,21,1.3731260299682617,False,0.6925556659698486,False
sgd,40000,22,18.33212661743164,True,0.1527150720357895,False
sgd,40000,23,0.5466387271881104,False,0.6930533051490784,True
sgd,40000,24,19.001903533935547,True,0.1312911957502365,False
sgd,40000,25,19.353759765625,True,0.13311481475830078,False
sgd,40000,26,5.124491214752197,False,0.3770723342895508,False
sgd,40000,27,18.777542114257812,True,0.1355811059474945,False
sgd,40000,28,19.420612335205078,True,0.1424684226512909,False
sgd,40000,29,19.926782608032227,True,0.13686063885688782,False
