arm,depth,activation,seed,test_errors,train_errors_10k,final_train_loss,penultimate_train_loss,loss_plateaued,duration_seconds
mnist_mlp_25ep,8,gelu,3,201,19,0.01337204465760539,0.010535889806536337,True,16.585643250029534
mnist_mlp_25ep,8,gelu,4,224,32,0.012658645348468174,0.00932147302730785,True,16.30559358303435
mnist_mlp_25ep,8,gelu,5,204,44,0.01021181832010237,0.016771953481063247,False,16.535055459011346
mnist_mlp_25ep,8,gelu,6,164,9,0.010672653510763,0.012341939032520167,False,16.417925541987643
mnist_mlp_25ep,8,gelu,7,193,17,0.013820909822328637,0.013423572396983703,True,16.484762249980122
mnist_mlp_25ep,8,gelu,8,213,24,0.014508329854781428,0.011098347962771853,True,16.69154933304526
mnist_mlp_25ep,8,gelu,9,194,24,0.013671692725860824,0.013497673962265254,True,16.426394500071183
mnist_mlp_25ep,8,gelu,10,182,31,0.01301212555517753,0.01113447131086141,True,16.34900675015524
mnist_mlp_25ep,8,gelu,11,197,14,0.01051103398995474,0.011475704851994912,False,16.548426124965772
mnist_mlp_25ep,8,gelu,12,195,13,0.009753384472616016,0.011940887935149172,False,16.46744495909661
mnist_mlp_25ep,8,relu,3,232,48,0.013638594048904875,0.016500826580449938,False,10.457080584019423
mnist_mlp_25ep,8,relu,4,205,18,0.012370145737628142,0.015257732451272507,False,10.287995125167072
mnist_mlp_25ep,8,relu,5,187,11,0.010560082591542353,0.015860212118551136,False,10.368373249890283
mnist_mlp_25ep,8,relu,6,210,28,0.01359231437019383,0.011308925927554567,True,10.672927082981914
mnist_mlp_25ep,8,relu,7,210,34,0.014580896439403296,0.01472531625678142,True,10.359243874903768
mnist_mlp_25ep,8,relu,8,216,28,0.014457285950581232,0.012872807538571457,True,10.455243374919519
mnist_mlp_25ep,8,relu,9,201,17,0.014004158686101437,0.013336185479909182,True,10.490591083886102
mnist_mlp_25ep,8,relu,10,196,34,0.014598293248936535,0.013661494014877826,True,10.293016166891903
mnist_mlp_25ep,8,relu,11,216,27,0.017013922005084652,0.013139894301940997,True,10.344807249959558
mnist_mlp_25ep,8,relu,12,222,24,0.015276687995779017,0.016122260598962504,False,10.277774000074714
mnist_mlp_25ep,8,tanh,3,239,45,0.017934785437335572,0.023546046935518584,False,16.996985958190635
mnist_mlp_25ep,8,tanh,4,229,28,0.026190719459950922,0.02387683342670401,True,16.60566550004296
mnist_mlp_25ep,8,tanh,5,291,102,0.025241964013905573,0.025366348516196013,True,16.485525333089754
mnist_mlp_25ep,8,tanh,6,243,66,0.023604933105409145,0.023662912492950758,True,16.49378287489526
mnist_mlp_25ep,8,tanh,7,224,41,0.02615947984084487,0.019981106945251424,True,16.687053375178948
mnist_mlp_25ep,8,tanh,8,225,50,0.02186461487263441,0.021733039758602777,True,16.141826249891892
mnist_mlp_25ep,8,tanh,9,265,56,0.026496363920966784,0.025467207769552868,True,15.875139749841765
mnist_mlp_25ep,8,tanh,10,276,84,0.022797580936054388,0.0211356612170736,True,16.005345250014216
mnist_mlp_25ep,8,tanh,11,279,73,0.023584140492479005,0.022330553259840236,True,16.22388220904395
mnist_mlp_25ep,8,tanh,12,280,60,0.020732969416181246,0.022256893786787985,False,15.66204912494868
mnist_mlp_25ep,12,gelu,3,234,64,0.024470596253623564,0.025045040977249543,False,22.946636833949015
mnist_mlp_25ep,12,gelu,4,187,30,0.019928117907171448,0.016300384148955346,True,22.544941749889404
mnist_mlp_25ep,12,gelu,5,231,33,0.02242097833653291,0.017645240327653786,True,22.76062958408147
mnist_mlp_25ep,12,gelu,6,220,55,0.12276386130601168,0.06170833635504047,True,22.45840054214932
mnist_mlp_25ep,12,gelu,7,212,36,0.022169144282241662,0.03143318191791574,False,22.884678959148005
mnist_mlp_25ep,12,gelu,8,468,278,0.06702983255982399,0.021530771326522032,True,22.736574791837484
mnist_mlp_25ep,12,gelu,9,202,34,0.018966735811779895,0.021457679856320223,False,23.636005999986082
mnist_mlp_25ep,12,gelu,10,218,51,0.020712051651533694,0.034433689347406225,False,24.987608082825318
mnist_mlp_25ep,12,gelu,11,226,49,0.02301349005380956,0.016893461971729994,True,24.770571667002514
mnist_mlp_25ep,12,gelu,12,207,42,0.019657478189406295,0.022350671892613173,False,25.32777800015174
mnist_mlp_25ep,12,relu,3,259,50,0.024679821478947997,0.022324617222044617,True,16.72689324989915
mnist_mlp_25ep,12,relu,4,279,85,0.193595827349027,0.03516803418546915,True,16.51310299988836
mnist_mlp_25ep,12,relu,5,229,78,0.036437747214734556,0.03151182831724485,True,15.6372036668472
mnist_mlp_25ep,12,relu,6,254,69,0.016037472587668647,0.025079299981643755,False,15.250968832988292
mnist_mlp_25ep,12,relu,7,270,147,0.0497305791536967,0.06021094439377388,False,14.359401041874662
mnist_mlp_25ep,12,relu,8,245,88,0.06197884492874146,0.07978046630223593,False,16.272758041974157
mnist_mlp_25ep,12,relu,9,237,84,0.17988705424765747,0.08879650626977285,True,15.864591208985075
mnist_mlp_25ep,12,relu,10,197,47,0.03059630472858747,0.037102563185741504,False,15.103397708153352
mnist_mlp_25ep,12,relu,11,223,43,0.024022212873523435,0.026341191320121287,False,15.039093917002901
mnist_mlp_25ep,12,relu,12,239,80,0.023587144014177223,0.024485335687796275,False,15.045739209046587
mnist_mlp_25ep,12,tanh,3,311,162,0.08734840229054291,0.06422403188149134,True,24.681235291995108
mnist_mlp_25ep,12,tanh,4,297,147,0.06991785941322645,0.07884117713967959,False,24.66151550016366
mnist_mlp_25ep,12,tanh,5,289,150,0.06533175275822481,0.07003476603627205,False,24.601759541081265
mnist_mlp_25ep,12,tanh,6,386,233,0.06499935044844946,0.07698930281301339,False,24.45270066615194
mnist_mlp_25ep,12,tanh,7,303,156,0.06883863331178824,0.06276940191586812,True,24.64048095815815
mnist_mlp_25ep,12,tanh,8,302,152,0.08144420181711515,0.05701534580389658,True,24.965715625090525
mnist_mlp_25ep,12,tanh,9,311,153,0.07669179201523463,0.08015848970413209,False,26.35093816719018
mnist_mlp_25ep,12,tanh,10,301,184,0.07778511174917221,0.07269434890548389,True,26.18947424995713
mnist_mlp_25ep,12,tanh,11,268,112,0.05887695148984591,0.06532211954196294,False,25.60542116709985
mnist_mlp_25ep,12,tanh,12,273,153,0.07110773171583812,0.07144773946205775,True,25.548622500151396
