activation,parameter,seed,eval_errors,solved,w2_abs,w1_abs
sin_family,1.3,0,172,False,0.16371914744377136,0.32297590374946594
sin_family,1.3,1,97,False,3.9361572265625,0.8889870047569275
sin_family,1.3,2,55,False,5.385982990264893,0.8311394453048706
sin_family,1.3,3,93,False,3.4606149196624756,0.9054697751998901
sin_family,1.3,4,192,False,0.6756086349487305,0.0012925449991598725
sin_family,1.3,5,99,False,4.405828475952148,0.8566255569458008
sin_family,1.3,6,188,False,0.7371331453323364,0.013911730609834194
sin_family,1.3,7,45,False,5.4600830078125,0.8248611092567444
sin_family,1.3,8,198,False,0.6512607336044312,0.0018140265019610524
sin_family,1.3,9,104,False,4.118483543395996,0.8664612174034119
sin_family,1.3,10,115,False,5.126456260681152,0.8397426009178162
sin_family,1.3,11,211,False,0.4990554749965668,0.03450021147727966
sin_family,1.3,12,104,False,5.01946496963501,0.8290255665779114
sin_family,1.3,13,196,False,0.585280179977417,0.061049364507198334
sin_family,1.3,14,188,False,0.49572011828422546,0.009148482233285904
sin_family,1.3,15,99,False,3.1698403358459473,0.9109432697296143
sin_family,1.3,16,201,False,0.32766130566596985,0.018574628978967667
sin_family,1.3,17,211,False,0.8541456460952759,0.001933082938194275
sin_family,1.3,18,105,False,4.123405933380127,0.8633029460906982
sin_family,1.3,19,108,False,4.676105499267578,0.8575360178947449
sin_family,1.3,20,108,False,3.105721950531006,0.9221702814102173
sin_family,1.3,21,197,False,0.9771661758422852,0.02415931038558483
sin_family,1.3,22,101,False,2.485069751739502,0.9674555659294128
sin_family,1.3,23,96,False,3.22869610786438,0.8891010880470276
sin_family,1.3,24,102,False,3.5849363803863525,0.9025217890739441
sin_family,1.3,25,112,False,1.7464511394500732,1.0318597555160522
sin_family,1.3,26,214,False,0.35514208674430847,0.06042664498090744
sin_family,1.3,27,96,False,3.16447377204895,0.9149378538131714
sin_family,1.3,28,102,False,3.468597888946533,0.8780209422111511
sin_family,1.3,29,197,False,0.3514174520969391,0.030515331774950027
sin_family,1.3,30,106,False,3.9964258670806885,0.8618743419647217
sin_family,1.3,31,91,False,5.328344345092773,0.8456839323043823
sin_family,1.3,32,91,False,3.6779563426971436,0.8786326050758362
sin_family,1.3,33,123,False,4.255018711090088,0.8773025870323181
sin_family,1.3,34,96,False,3.754448890686035,0.8794944286346436
sin_family,1.3,35,90,False,2.5608391761779785,0.9530660510063171
sin_family,1.3,36,104,False,5.134210586547852,0.8512067794799805
sin_family,1.3,37,170,False,0.3169082701206207,0.03344925493001938
sin_family,1.3,38,111,False,5.991888523101807,0.8297861814498901
sin_family,1.3,39,88,False,5.088850975036621,0.8276248574256897
sin_family,1.3,40,93,False,4.60363245010376,0.8678736090660095
sin_family,1.3,41,104,False,2.8791213035583496,0.9288017153739929
sin_family,1.3,42,80,False,4.712850093841553,0.8434439301490784
sin_family,1.3,43,103,False,2.7745161056518555,0.9507670998573303
sin_family,1.3,44,45,False,5.758046627044678,0.837868869304657
sin_family,1.3,45,107,False,2.6864681243896484,0.9748364090919495
sin_family,1.3,46,186,False,0.5616170763969421,0.04063699021935463
sin_family,1.3,47,92,False,3.4906868934631348,0.9068402647972107
sin_family,1.3,48,190,False,0.6999469995498657,0.010509361512959003
sin_family,1.3,49,115,False,2.6749236583709717,0.9509317874908447
sin_family,1.3,50,198,False,1.0183364152908325,0.04976143315434456
sin_family,1.3,51,63,False,4.511268138885498,0.8379224538803101
sin_family,1.3,52,86,False,4.119558334350586,0.8663740158081055
sin_family,1.3,53,96,False,4.018772602081299,0.8739311695098877
sin_family,1.3,54,103,False,1.4461734294891357,1.080843210220337
sin_family,1.3,55,187,False,0.10750074684619904,0.026201730594038963
sin_family,1.3,56,98,False,3.427875518798828,0.9046794176101685
sin_family,1.3,57,186,False,0.7283892035484314,0.016032280400395393
sin_family,1.3,58,107,False,1.6177858114242554,1.064943790435791
sin_family,1.3,59,189,False,0.1651574671268463,0.01053667813539505
sin_family,1.3,60,91,False,4.116603851318359,0.8546800017356873
sin_family,1.3,61,111,False,5.1576151847839355,0.8308870792388916
sin_family,1.3,62,99,False,4.099820137023926,0.8840394616127014
sin_family,1.3,63,106,False,5.237949371337891,0.8311386704444885
sin_family,1.3,64,112,False,2.9778056144714355,0.9593099355697632
sin_family,1.3,65,188,False,0.2367566078901291,0.015403524972498417
sin_family,1.3,66,195,False,0.1924920678138733,0.012887516058981419
sin_family,1.3,67,76,False,5.294900894165039,0.8264135718345642
sin_family,1.3,68,201,False,0.6878201961517334,0.014885006472468376
sin_family,1.3,69,91,False,4.1030049324035645,0.8529708981513977
sin_family,1.3,70,203,False,0.8265682458877563,0.018661433830857277
sin_family,1.3,71,99,False,5.769857883453369,0.8325415849685669
sin_family,1.3,72,112,False,3.563300848007202,0.8952089548110962
sin_family,1.3,73,102,False,3.8334884643554688,0.8983896374702454
sin_family,1.3,74,212,False,0.3346596658229828,0.014656761661171913
sin_family,1.3,75,91,False,5.224520683288574,0.8264579176902771
sin_family,1.3,76,112,False,4.6055498123168945,0.8542777895927429
sin_family,1.3,77,85,False,5.577319622039795,0.8347771167755127
sin_family,1.3,78,103,False,3.1692538261413574,0.9124773144721985
sin_family,1.3,79,196,False,0.25824978947639465,0.030547788366675377
sin_family,1.3,80,191,False,0.49144694209098816,0.0076286680996418
sin_family,1.3,81,101,False,2.6498255729675293,0.9199537634849548
sin_family,1.3,82,182,False,1.1466493606567383,0.027934979647397995
sin_family,1.3,83,103,False,3.886425256729126,0.8956499695777893
sin_family,1.3,84,57,False,4.9853515625,0.8305264711380005
sin_family,1.3,85,90,False,4.6125030517578125,0.8500110507011414
sin_family,1.3,86,202,False,0.5619500875473022,0.0661633163690567
sin_family,1.3,87,95,False,3.6981029510498047,0.8843759298324585
sin_family,1.3,88,99,False,4.770239353179932,0.8499546647071838
sin_family,1.3,89,39,False,5.3853936195373535,0.8253491520881653
sin_family,1.3,90,25,False,5.600954055786133,0.811295747756958
sin_family,1.3,91,107,False,4.368477821350098,0.8797886967658997
sin_family,1.3,92,200,False,0.6850809454917908,0.04502849280834198
sin_family,1.3,93,104,False,4.2161641120910645,0.862447202205658
sin_family,1.3,94,94,False,3.3870084285736084,0.8980962038040161
sin_family,1.3,95,47,False,5.380850791931152,0.8329428434371948
sin_family,1.3,96,90,False,5.037208557128906,0.8523091077804565
sin_family,1.3,97,104,False,2.999221086502075,0.9147942662239075
sin_family,1.3,98,119,False,1.688067078590393,1.0471229553222656
sin_family,1.3,99,203,False,0.2043384313583374,0.007942255586385727
sin_family,1.3,100,96,False,4.285480976104736,0.8435803055763245
sin_family,1.3,101,105,False,1.6860237121582031,1.0511449575424194
sin_family,1.3,102,91,False,3.1460556983947754,0.9008633494377136
sin_family,1.3,103,190,False,0.22365868091583252,0.018465474247932434
sin_family,1.3,104,91,False,4.030365467071533,0.8698163628578186
sin_family,1.3,105,104,False,3.757131338119507,0.8944815993309021
sin_family,1.3,106,101,False,5.117865085601807,0.83501136302948
sin_family,1.3,107,111,False,3.129678249359131,0.9145534634590149
sin_family,1.3,108,97,False,4.539523124694824,0.8511097431182861
sin_family,1.3,109,96,False,4.37950325012207,0.8695951104164124
sin_family,1.3,110,96,False,4.747137069702148,0.864874541759491
sin_family,1.3,111,100,False,3.144810438156128,0.9125708341598511
sin_family,1.3,112,108,False,2.9853014945983887,0.9207763075828552
sin_family,1.3,113,105,False,4.500885009765625,0.8621135950088501
sin_family,1.3,114,105,False,4.1721510887146,0.8442357182502747
sin_family,1.3,115,105,False,4.82742166519165,0.8458892107009888
sin_family,1.3,116,8,False,6.403797149658203,0.8153108954429626
sin_family,1.3,117,204,False,0.28680458664894104,0.009462582878768444
sin_family,1.3,118,111,False,5.291589260101318,0.8506396412849426
sin_family,1.3,119,104,False,4.187794208526611,0.8573747277259827
sin_family,1.3,120,190,False,0.6404409408569336,0.03568635508418083
sin_family,1.3,121,208,False,0.7284201383590698,0.0052882106974720955
sin_family,1.3,122,110,False,2.3269472122192383,0.9996126294136047
sin_family,1.3,123,102,False,5.038852691650391,0.8476831912994385
sin_family,1.3,124,89,False,5.012995719909668,0.8488804697990417
sin_family,1.3,125,207,False,0.3062382936477661,0.009585817344486713
sin_family,1.3,126,101,False,3.5968894958496094,0.8873486518859863
sin_family,1.3,127,69,False,4.897928237915039,0.8342711925506592
sin_family,1.3,128,204,False,0.8072677850723267,0.038940221071243286
sin_family,1.3,129,107,False,4.588379383087158,0.8344136476516724
sin_family,1.3,130,101,False,5.0134358406066895,0.8504160046577454
sin_family,1.3,131,101,False,4.184962272644043,0.8709463477134705
sin_family,1.3,132,94,False,3.606228828430176,0.8975106477737427
sin_family,1.3,133,186,False,0.3507521450519562,0.011694727465510368
sin_family,1.3,134,102,False,4.854466438293457,0.8369203209877014
sin_family,1.3,135,100,False,1.1466354131698608,1.1456385850906372
sin_family,1.3,136,193,False,0.48086023330688477,0.009431307204067707
sin_family,1.3,137,114,False,4.027364253997803,0.8745170831680298
sin_family,1.3,138,100,False,3.6695010662078857,0.8840065598487854
sin_family,1.3,139,98,False,1.8763916492462158,1.010515809059143
sin_family,1.3,140,97,False,2.259320020675659,0.9751096963882446
sin_family,1.3,141,72,False,4.26687479019165,0.8341796398162842
sin_family,1.3,142,92,False,3.713858127593994,0.8773745894432068
sin_family,1.3,143,199,False,0.5025411248207092,0.03484073281288147
sin_family,1.3,144,104,False,3.290102005004883,0.9084861278533936
sin_family,1.3,145,91,False,4.324887275695801,0.8782040476799011
sin_family,1.3,146,110,False,4.369379997253418,0.8671677112579346
sin_family,1.3,147,95,False,5.2230658531188965,0.8502679467201233
sin_family,1.3,148,95,False,2.136563301086426,0.9769281148910522
sin_family,1.3,149,182,False,0.3123292922973633,0.037143487483263016
sin_family,1.3,150,25,False,6.061656951904297,0.8232434988021851
sin_family,1.3,151,15,False,5.823573589324951,0.8169249296188354
sin_family,1.3,152,83,False,5.020740509033203,0.8352403044700623
sin_family,1.3,153,95,False,3.9763379096984863,0.8803315162658691
sin_family,1.3,154,87,False,3.2491183280944824,0.8989881277084351
sin_family,1.3,155,101,False,3.4632949829101562,0.93281090259552
sin_family,1.3,156,110,False,1.2082221508026123,1.1454569101333618
sin_family,1.3,157,206,False,0.22866594791412354,0.015334401279687881
sin_family,1.3,158,201,False,0.21241049468517303,0.0021099993027746677
sin_family,1.3,159,43,False,5.124361038208008,0.8204365372657776
sin_family,1.3,160,199,False,0.09909341484308243,0.044152867048978806
sin_family,1.3,161,199,False,0.35777315497398376,0.05551155284047127
sin_family,1.3,162,99,False,3.8848724365234375,0.8732187747955322
sin_family,1.3,163,100,False,3.560044288635254,0.9150739312171936
sin_family,1.3,164,92,False,4.550278663635254,0.8605042099952698
sin_family,1.3,165,108,False,3.4630327224731445,0.9007309675216675
sin_family,1.3,166,105,False,2.1108791828155518,1.006263017654419
sin_family,1.3,167,102,False,2.856908082962036,0.9506102800369263
sin_family,1.3,168,108,False,4.389213562011719,0.8553694486618042
sin_family,1.3,169,44,False,5.7759599685668945,0.8341675400733948
sin_family,1.3,170,96,False,2.3651046752929688,0.989113450050354
sin_family,1.3,171,106,False,1.1140722036361694,1.1963107585906982
sin_family,1.3,172,25,False,6.684280872344971,0.8059025406837463
sin_family,1.3,173,108,False,4.9295477867126465,0.8450577259063721
sin_family,1.3,174,105,False,2.8212943077087402,0.9444423913955688
sin_family,1.3,175,104,False,2.2077994346618652,0.969226598739624
sin_family,1.3,176,199,False,0.4248265326023102,0.0007518391357734799
sin_family,1.3,177,169,False,0.5468032956123352,0.0403965525329113
sin_family,1.3,178,102,False,4.151520729064941,0.8766672015190125
sin_family,1.3,179,217,False,0.30848202109336853,0.01206623762845993
sin_family,1.3,180,22,False,5.803401947021484,0.8271780014038086
sin_family,1.3,181,93,False,3.901196241378784,0.8741419911384583
sin_family,1.3,182,100,False,2.256131649017334,0.9847906827926636
sin_family,1.3,183,92,False,4.412378787994385,0.8640018701553345
sin_family,1.3,184,67,False,5.388726234436035,0.8473017811775208
sin_family,1.3,185,202,False,0.3733431398868561,0.0026091947220265865
sin_family,1.3,186,94,False,2.7880401611328125,0.9205800890922546
sin_family,1.3,187,106,False,2.1588058471679688,1.0114810466766357
sin_family,1.3,188,90,False,4.520134449005127,0.868820309638977
sin_family,1.3,189,85,False,3.5342016220092773,0.8949645161628723
sin_family,1.3,190,41,False,5.057163715362549,0.8162572979927063
sin_family,1.3,191,53,False,5.278270721435547,0.8302085995674133
sin_family,1.3,192,102,False,3.545865774154663,0.9046680331230164
sin_family,1.3,193,107,False,3.92093825340271,0.8853783011436462
sin_family,1.3,194,67,False,5.401946544647217,0.8376720547676086
sin_family,1.3,195,100,False,3.985745668411255,0.8764660954475403
sin_family,1.3,196,202,False,0.6375131607055664,0.008090700954198837
sin_family,1.3,197,112,False,1.6580350399017334,1.0451058149337769
sin_family,1.3,198,92,False,4.124321460723877,0.8646462559700012
sin_family,1.3,199,105,False,3.630420684814453,0.883510410785675
sin_family,1.35,0,171,False,0.21763862669467926,0.18681924045085907
sin_family,1.35,1,89,False,4.108510971069336,0.910042941570282
sin_family,1.35,2,10,False,5.447360038757324,0.8595428466796875
sin_family,1.35,3,93,False,3.648409128189087,0.9218989014625549
sin_family,1.35,4,192,False,0.673122227191925,0.0012711700983345509
sin_family,1.35,5,31,False,4.531936168670654,0.8814139366149902
sin_family,1.35,6,188,False,0.7401086688041687,0.013536307029426098
sin_family,1.35,7,12,False,5.490110397338867,0.8543092608451843
sin_family,1.35,8,198,False,0.6476973295211792,0.0017886472633108497
sin_family,1.35,9,62,False,4.285727500915527,0.8881855607032776
sin_family,1.35,10,33,False,5.222546100616455,0.8668996095657349
sin_family,1.35,11,211,False,0.49608755111694336,0.03433701768517494
sin_family,1.35,12,29,False,5.117188930511475,0.85611891746521
sin_family,1.35,13,196,False,0.5717988610267639,0.0614592470228672
sin_family,1.35,14,188,False,0.48736873269081116,0.009774512611329556
sin_family,1.35,15,99,False,3.2707812786102295,0.9305860996246338
sin_family,1.35,16,201,False,0.3298337757587433,0.017391793429851532
sin_family,1.35,17,211,False,0.8492892980575562,0.0019049777183681726
sin_family,1.35,18,105,False,4.288245677947998,0.8846259117126465
sin_family,1.35,19,41,False,4.8004302978515625,0.8821501731872559
sin_family,1.35,20,108,False,3.2727394104003906,0.9380272626876831
sin_family,1.35,21,197,False,0.9705258011817932,0.023817166686058044
sin_family,1.35,22,101,False,2.6408193111419678,0.9791958332061768
sin_family,1.35,23,96,False,3.3725478649139404,0.9066178202629089
sin_family,1.35,24,102,False,3.6581056118011475,0.9252870678901672
sin_family,1.35,25,109,False,1.8196476697921753,1.040661334991455
sin_family,1.35,26,214,False,0.3665977120399475,0.04943385720252991
sin_family,1.35,27,96,False,3.3140456676483154,0.929103434085846
sin_family,1.35,28,102,False,3.6413800716400146,0.8962588310241699
sin_family,1.35,29,197,False,0.34970879554748535,0.03005358763039112
sin_family,1.35,30,75,False,4.177409648895264,0.8827221393585205
sin_family,1.35,31,29,False,5.405726432800293,0.8719581961631775
sin_family,1.35,32,91,False,3.8638248443603516,0.8978947401046753
sin_family,1.35,33,123,False,4.369881629943848,0.9003760814666748
sin_family,1.35,34,96,False,3.913496732711792,0.899736225605011
sin_family,1.35,35,90,False,2.7205846309661865,0.9642512798309326
sin_family,1.35,36,38,False,5.200570106506348,0.8785581588745117
sin_family,1.35,37,170,False,0.3108535706996918,0.034372907131910324
sin_family,1.35,38,31,False,6.01972770690918,0.8578630089759827
sin_family,1.35,39,22,False,5.227192401885986,0.8525445461273193
sin_family,1.35,40,32,False,4.710793495178223,0.8932363986968994
sin_family,1.35,41,102,False,3.0499579906463623,0.9429763555526733
sin_family,1.35,42,20,False,4.875241279602051,0.8687739968299866
sin_family,1.35,43,103,False,2.9159891605377197,0.9649842381477356
sin_family,1.35,44,7,False,6.001514911651611,0.8636910319328308
sin_family,1.35,45,107,False,2.841357707977295,0.9864668250083923
sin_family,1.35,46,186,False,0.5573496222496033,0.04005705192685127
sin_family,1.35,47,92,False,3.6776413917541504,0.923561692237854
sin_family,1.35,48,190,False,0.6766067147254944,0.010532500222325325
sin_family,1.35,49,115,False,2.8383917808532715,0.9627629518508911
sin_family,1.35,50,198,False,1.0117226839065552,0.04909912496805191
sin_family,1.35,51,10,False,4.63844633102417,0.8640119433403015
sin_family,1.35,52,60,False,4.156631946563721,0.8928983211517334
sin_family,1.35,53,96,False,4.174362659454346,0.8950172066688538
sin_family,1.35,54,101,False,1.3398876190185547,1.1203322410583496
sin_family,1.35,55,187,False,0.10573333501815796,0.025856969878077507
sin_family,1.35,56,93,False,3.622074604034424,0.9234521985054016
sin_family,1.35,57,186,False,0.7287788391113281,0.015660667791962624
sin_family,1.35,58,103,False,1.6331392526626587,1.0817068815231323
sin_family,1.35,59,189,False,0.1628875583410263,0.010389545932412148
sin_family,1.35,60,39,False,4.288671493530273,0.8768810033798218
sin_family,1.35,61,29,False,5.255675792694092,0.8575677275657654
sin_family,1.35,62,99,False,4.243100166320801,0.905284583568573
sin_family,1.35,63,18,False,5.326000690460205,0.8573636412620544
sin_family,1.35,64,112,False,3.130072832107544,0.9721246957778931
sin_family,1.35,65,188,False,0.23042471706867218,0.016438109800219536
sin_family,1.35,66,195,False,0.19032952189445496,0.01271918322890997
sin_family,1.35,67,13,False,5.393600940704346,0.8529707193374634
sin_family,1.35,68,201,False,0.6837703585624695,0.01465657539665699
sin_family,1.35,69,57,False,4.267604351043701,0.8746454119682312
sin_family,1.35,70,204,False,0.8249582052230835,0.018313782289624214
sin_family,1.35,71,25,False,5.778110504150391,0.8615657091140747
sin_family,1.35,72,112,False,3.5834152698516846,0.9198781847953796
sin_family,1.35,73,102,False,3.976876735687256,0.9195650219917297
sin_family,1.35,74,212,False,0.3340384066104889,0.014362086541950703
sin_family,1.35,75,19,False,5.296276569366455,0.8536939024925232
sin_family,1.35,76,46,False,4.7405104637146,0.8786758780479431
sin_family,1.35,77,18,False,5.615572452545166,0.863288164138794
sin_family,1.35,78,103,False,3.3350982666015625,0.9275652766227722
sin_family,1.35,79,196,False,0.2586182951927185,0.02971399761736393
sin_family,1.35,80,191,False,0.4889135956764221,0.007519142236560583
sin_family,1.35,81,101,False,2.811627149581909,0.9339895248413086
sin_family,1.35,82,182,False,1.1398688554763794,0.027500657364726067
sin_family,1.35,83,103,False,4.046970844268799,0.9153403043746948
sin_family,1.35,84,14,False,5.094371318817139,0.8573055267333984
sin_family,1.35,85,30,False,4.768971920013428,0.8741809725761414
sin_family,1.35,86,202,False,0.5648327469825745,0.06310731917619705
sin_family,1.35,87,95,False,3.8931329250335693,0.9030154347419739
sin_family,1.35,88,45,False,4.873244285583496,0.8746492862701416
sin_family,1.35,89,6,False,5.451544284820557,0.8544434309005737
sin_family,1.35,90,7,False,5.659182071685791,0.841757595539093
sin_family,1.35,91,80,False,4.509008884429932,0.9035634994506836
sin_family,1.35,92,200,False,0.6774367094039917,0.04435860365629196
sin_family,1.35,93,104,False,4.371545314788818,0.8841452598571777
sin_family,1.35,94,94,False,3.572035312652588,0.9143730401992798
sin_family,1.35,95,10,False,5.421359539031982,0.8624643683433533
sin_family,1.35,96,14,False,5.172196388244629,0.8788290023803711
sin_family,1.35,97,104,False,3.1761293411254883,0.9290139079093933
sin_family,1.35,98,135,False,0.47928720712661743,0.9042254686355591
sin_family,1.35,99,203,False,0.20441946387290955,0.007805561181157827
sin_family,1.35,100,29,False,4.4518256187438965,0.8668161034584045
sin_family,1.35,101,104,False,1.7107555866241455,1.0676136016845703
sin_family,1.35,102,91,False,3.3299899101257324,0.9160438776016235
sin_family,1.35,103,190,False,0.22181087732315063,0.018189506605267525
sin_family,1.35,104,91,False,4.160965919494629,0.8920618295669556
sin_family,1.35,105,104,False,3.923732280731201,0.9141954779624939
sin_family,1.35,106,31,False,5.219374656677246,0.8614981770515442
sin_family,1.35,107,111,False,3.2798962593078613,0.9315499663352966
sin_family,1.35,108,31,False,4.674339294433594,0.8756481409072876
sin_family,1.35,109,96,False,4.4996867179870605,0.8928224444389343
sin_family,1.35,110,43,False,4.882541656494141,0.8894971609115601
sin_family,1.35,111,100,False,3.315944194793701,0.9288964867591858
sin_family,1.35,112,107,False,3.163753032684326,0.934943675994873
sin_family,1.35,113,84,False,4.672039985656738,0.8837106823921204
sin_family,1.35,114,49,False,4.340202331542969,0.8663972616195679
sin_family,1.35,115,22,False,5.113559722900391,0.8665837645530701
sin_family,1.35,116,0,True,6.448378562927246,0.8468099236488342
sin_family,1.35,117,204,False,0.2844753563404083,0.009349074214696884
sin_family,1.35,118,72,False,5.344409465789795,0.8776137232780457
sin_family,1.35,119,73,False,4.367585182189941,0.8786188364028931
sin_family,1.35,120,190,False,0.6383236050605774,0.03497539088129997
sin_family,1.35,121,208,False,0.7270286083221436,0.005178006365895271
sin_family,1.35,122,110,False,2.314868450164795,1.0231603384017944
sin_family,1.35,123,20,False,5.160630702972412,0.8738898038864136
sin_family,1.35,124,21,False,5.128872394561768,0.8752825260162354
sin_family,1.35,125,207,False,0.30328884720802307,0.0094713494181633
sin_family,1.35,126,101,False,3.7455060482025146,0.9065932631492615
sin_family,1.35,127,17,False,5.013978958129883,0.860714316368103
sin_family,1.35,128,204,False,0.7866171598434448,0.039166662842035294
sin_family,1.35,129,40,False,4.748719215393066,0.8584679961204529
sin_family,1.35,130,18,False,5.1429853439331055,0.8766398429870605
sin_family,1.35,131,57,False,4.3258867263793945,0.8941101431846619
sin_family,1.35,132,94,False,3.7535855770111084,0.9170833826065063
sin_family,1.35,133,186,False,0.34641003608703613,0.011874538846313953
sin_family,1.35,134,32,False,4.940389156341553,0.8634249567985535
sin_family,1.35,135,99,False,1.1313438415527344,1.166292428970337
sin_family,1.35,136,193,False,0.4802936613559723,0.009246772155165672
sin_family,1.35,137,114,False,4.192244529724121,0.8954053521156311
sin_family,1.35,138,82,False,3.8601224422454834,0.9038819074630737
sin_family,1.35,139,97,False,1.9790197610855103,1.0181792974472046
sin_family,1.35,140,97,False,2.3928918838500977,0.9850365519523621
sin_family,1.35,141,20,False,4.4232563972473145,0.8584856986999512
sin_family,1.35,142,92,False,3.8891100883483887,0.8968349695205688
sin_family,1.35,143,199,False,0.49932432174682617,0.034354567527770996
sin_family,1.35,144,104,False,3.4847617149353027,0.9237430691719055
sin_family,1.35,145,91,False,4.479744911193848,0.9000807404518127
sin_family,1.35,146,110,False,4.517607688903809,0.8894755840301514
sin_family,1.35,147,37,False,5.340074062347412,0.8753310441970825
sin_family,1.35,148,95,False,2.2740797996520996,0.9853031635284424
sin_family,1.35,149,182,False,0.3122968375682831,0.03623116388916969
sin_family,1.35,150,1,False,6.092428207397461,0.8546285033226013
sin_family,1.35,151,0,False,5.872043132781982,0.8479165434837341
sin_family,1.35,152,13,False,5.129652500152588,0.861255407333374
sin_family,1.35,153,95,False,4.140951156616211,0.9007026553153992
sin_family,1.35,154,87,False,3.44051194190979,0.9150130152702332
sin_family,1.35,155,101,False,3.6335408687591553,0.9483088850975037
sin_family,1.35,156,109,False,1.1077874898910522,1.1897014379501343
sin_family,1.35,157,206,False,0.2233944833278656,0.015218288637697697
sin_family,1.35,158,201,False,0.21341805160045624,0.0020722663030028343
sin_family,1.35,159,12,False,5.214319705963135,0.8481953740119934
sin_family,1.35,160,199,False,0.09723886102437973,0.04363848641514778
sin_family,1.35,161,199,False,0.3546522259712219,0.05475451052188873
sin_family,1.35,162,90,False,4.0680437088012695,0.8933050632476807
sin_family,1.35,163,100,False,3.777686834335327,0.9314829111099243
sin_family,1.35,164,29,False,4.633865833282471,0.8864306807518005
sin_family,1.35,165,108,False,3.638127088546753,0.918211817741394
sin_family,1.35,166,105,False,2.1566591262817383,1.0219144821166992
sin_family,1.35,167,102,False,3.0097742080688477,0.9640424251556396
sin_family,1.35,168,41,False,4.551700115203857,0.878705620765686
sin_family,1.35,169,5,False,5.7983856201171875,0.8644083142280579
sin_family,1.35,170,92,False,2.5037522315979004,1.0003257989883423
sin_family,1.35,171,104,False,1.149145245552063,1.2014259099960327
sin_family,1.35,172,1,False,6.777806758880615,0.8361910581588745
sin_family,1.35,173,30,False,5.023049354553223,0.8714107275009155
sin_family,1.35,174,104,False,2.987016439437866,0.9574283361434937
sin_family,1.35,175,102,False,2.3506765365600586,0.9784572720527649
sin_family,1.35,176,199,False,0.42066866159439087,0.0007495229365304112
sin_family,1.35,177,169,False,0.5359070301055908,0.040527600795030594
sin_family,1.35,178,98,False,4.294930458068848,0.8983325958251953
sin_family,1.35,179,217,False,0.3000992238521576,0.011957572773098946
sin_family,1.35,180,0,True,5.868222236633301,0.8579753041267395
sin_family,1.35,181,85,False,4.053572654724121,0.895534098148346
sin_family,1.35,182,100,False,2.374328136444092,0.995076596736908
sin_family,1.35,183,81,False,4.558741569519043,0.8868083357810974
sin_family,1.35,184,20,False,5.451374053955078,0.87574303150177
sin_family,1.35,185,202,False,0.37264060974121094,0.0025626758579164743
sin_family,1.35,186,94,False,2.956451892852783,0.9353827834129333
sin_family,1.35,187,104,False,2.2869322299957275,1.0198557376861572
sin_family,1.35,188,25,False,4.6638360023498535,0.8925234079360962
sin_family,1.35,189,85,False,3.6995086669921875,0.9133052229881287
sin_family,1.35,190,9,False,5.106139183044434,0.8445774912834167
sin_family,1.35,191,15,False,5.339001655578613,0.8579062223434448
sin_family,1.35,192,102,False,3.7353615760803223,0.9221542477607727
sin_family,1.35,193,107,False,4.095051288604736,0.9055172204971313
sin_family,1.35,194,21,False,5.420973777770996,0.8665762543678284
sin_family,1.35,195,100,False,4.14089298248291,0.8979127407073975
sin_family,1.35,196,202,False,0.6370651721954346,0.007930860854685307
sin_family,1.35,197,107,False,1.8719971179962158,1.0355474948883057
sin_family,1.35,198,48,False,4.287759780883789,0.8868539333343506
sin_family,1.35,199,105,False,3.8072147369384766,0.9018155932426453
sin_family,1.4,0,169,False,0.25049126148223877,0.14017707109451294
sin_family,1.4,1,17,False,4.237933158874512,0.9319000840187073
sin_family,1.4,2,0,True,5.470949649810791,0.8870420455932617
sin_family,1.4,3,60,False,3.80136775970459,0.9398903250694275
sin_family,1.4,4,192,False,0.6707332730293274,0.0012506232596933842
sin_family,1.4,5,4,False,4.613890171051025,0.9061142802238464
sin_family,1.4,6,188,False,0.7428405284881592,0.013182937167584896
sin_family,1.4,7,0,False,5.48913049697876,0.8825715184211731
sin_family,1.4,8,198,False,0.6442149877548218,0.0017643844475969672
sin_family,1.4,9,20,False,4.4079203605651855,0.9105508923530579
sin_family,1.4,10,5,False,5.274521350860596,0.8937397599220276
sin_family,1.4,11,211,False,0.4930746257305145,0.03421735391020775
sin_family,1.4,12,8,False,5.1728515625,0.8828305006027222
sin_family,1.4,13,196,False,0.5586068034172058,0.061924200505018234
sin_family,1.4,14,188,False,0.4789048433303833,0.010562775656580925
sin_family,1.4,15,99,False,3.3387210369110107,0.9510890245437622
sin_family,1.4,16,201,False,0.33233726024627686,0.016177518293261528
sin_family,1.4,17,211,False,0.8444998264312744,0.0018780630780383945
sin_family,1.4,18,26,False,4.4093194007873535,0.9065654277801514
sin_family,1.4,19,11,False,4.879417419433594,0.9068262577056885
sin_family,1.4,20,108,False,3.41030216217041,0.9553323984146118
sin_family,1.4,21,197,False,0.9640609622001648,0.023487843573093414
sin_family,1.4,22,101,False,2.778041362762451,0.992837131023407
sin_family,1.4,23,96,False,3.4986677169799805,0.9246715307235718
sin_family,1.4,24,102,False,3.6962227821350098,0.94841068983078
sin_family,1.4,25,108,False,1.8817696571350098,1.0509834289550781
sin_family,1.4,26,214,False,0.3749062418937683,0.04268571361899376
sin_family,1.4,27,96,False,3.437284231185913,0.9447985887527466
sin_family,1.4,28,69,False,3.7795093059539795,0.9158583283424377
sin_family,1.4,29,197,False,0.34804046154022217,0.029612576588988304
sin_family,1.4,30,19,False,4.313023567199707,0.9044471979141235
sin_family,1.4,31,7,False,5.442425727844238,0.8977943658828735
sin_family,1.4,32,23,False,4.008885860443115,0.9181872010231018
sin_family,1.4,33,31,False,4.4452948570251465,0.9237189292907715
sin_family,1.4,34,32,False,4.032858848571777,0.9208441376686096
sin_family,1.4,35,90,False,2.8607850074768066,0.9773433804512024
sin_family,1.4,36,12,False,5.228700160980225,0.9053640365600586
sin_family,1.4,37,170,False,0.30443060398101807,0.03564928099513054
sin_family,1.4,38,9,False,6.000284671783447,0.885395884513855
sin_family,1.4,39,6,False,5.312792778015137,0.8776171803474426
sin_family,1.4,40,6,False,4.77623176574707,0.9185153841972351
sin_family,1.4,41,102,False,3.1952779293060303,0.9589011669158936
sin_family,1.4,42,8,False,4.983133792877197,0.8941962122917175
sin_family,1.4,43,103,False,3.0334699153900146,0.9807279109954834
sin_family,1.4,44,0,True,6.179807186126709,0.8896936774253845
sin_family,1.4,45,107,False,2.9767444133758545,0.9999986886978149
sin_family,1.4,46,186,False,0.5531485080718994,0.03949989378452301
sin_family,1.4,47,69,False,3.828917980194092,0.9417807459831238
sin_family,1.4,48,190,False,0.6555467844009399,0.010545047000050545
sin_family,1.4,49,115,False,2.981051206588745,0.9765124917030334
sin_family,1.4,50,198,False,1.0050841569900513,0.048471078276634216
sin_family,1.4,51,3,False,4.7205610275268555,0.8899686932563782
sin_family,1.4,52,28,False,4.160351753234863,0.9190208315849304
sin_family,1.4,53,35,False,4.28857421875,0.9168319702148438
sin_family,1.4,54,100,False,1.186988353729248,1.172321081161499
sin_family,1.4,55,187,False,0.10404692590236664,0.025533068925142288
sin_family,1.4,56,22,False,3.7777957916259766,0.9434798955917358
sin_family,1.4,57,186,False,0.7291195392608643,0.015306501649320126
sin_family,1.4,58,102,False,1.6339260339736938,1.099784255027771
sin_family,1.4,59,189,False,0.1606801599264145,0.010251582600176334
sin_family,1.4,60,11,False,4.412709712982178,0.8996310830116272
sin_family,1.4,61,7,False,5.309719085693359,0.8838512301445007
sin_family,1.4,62,38,False,4.346276760101318,0.9272470474243164
sin_family,1.4,63,7,False,5.371557235717773,0.8831979632377625
sin_family,1.4,64,112,False,3.2603182792663574,0.9866287112236023
sin_family,1.4,65,188,False,0.22402094304561615,0.017663579434156418
sin_family,1.4,66,195,False,0.18822689354419708,0.012561233714222908
sin_family,1.4,67,1,False,5.446476936340332,0.8791679739952087
sin_family,1.4,68,201,False,0.679880678653717,0.014435832388699055
sin_family,1.4,69,16,False,4.387992858886719,0.8970107436180115
sin_family,1.4,70,204,False,0.8234578967094421,0.017978481948375702
sin_family,1.4,71,6,False,5.758968830108643,0.8894835710525513
sin_family,1.4,72,112,False,3.5725553035736084,0.944490373134613
sin_family,1.4,73,38,False,4.082113742828369,0.9414312243461609
sin_family,1.4,74,212,False,0.3334291875362396,0.014081280678510666
sin_family,1.4,75,5,False,5.327717304229736,0.8804230093955994
sin_family,1.4,76,14,False,4.8311076164245605,0.903205931186676
sin_family,1.4,77,2,False,5.620016574859619,0.8908253312110901
sin_family,1.4,78,103,False,3.471553325653076,0.9442795515060425
sin_family,1.4,79,196,False,0.25886771082878113,0.028941869735717773
sin_family,1.4,80,191,False,0.48643824458122253,0.007414531894028187
sin_family,1.4,81,101,False,2.94911527633667,0.9496428370475769
sin_family,1.4,82,182,False,1.1331312656402588,0.027085548266768456
sin_family,1.4,83,42,False,4.167078018188477,0.9360051155090332
sin_family,1.4,84,0,True,5.156188488006592,0.8837105631828308
sin_family,1.4,85,5,False,4.875817775726318,0.8987504243850708
sin_family,1.4,86,202,False,0.5667571425437927,0.06052449718117714
sin_family,1.4,87,35,False,4.046504974365234,0.9229300022125244
sin_family,1.4,88,14,False,4.9336371421813965,0.8994074463844299
sin_family,1.4,89,0,True,5.4781012535095215,0.8826444745063782
sin_family,1.4,90,0,True,5.678581714630127,0.8711400628089905
sin_family,1.4,91,24,False,4.606698989868164,0.9277311563491821
sin_family,1.4,92,200,False,0.6699009537696838,0.04373428598046303
sin_family,1.4,93,24,False,4.483766555786133,0.9064889550209045
sin_family,1.4,94,87,False,3.7231931686401367,0.9322625398635864
sin_family,1.4,95,0,True,5.427008628845215,0.8909875750541687
sin_family,1.4,96,0,True,5.252933502197266,0.9052454233169556
sin_family,1.4,97,104,False,3.3252170085906982,0.9448861479759216
sin_family,1.4,98,200,False,0.9940186142921448,0.0507812574505806
sin_family,1.4,99,203,False,0.2044917196035385,0.007674910128116608
sin_family,1.4,100,1,False,4.579827785491943,0.8903127908706665
sin_family,1.4,101,101,False,1.7111612558364868,1.0865415334701538
sin_family,1.4,102,64,False,3.4844653606414795,0.9328485131263733
sin_family,1.4,103,190,False,0.21999730169773102,0.017926806584000587
sin_family,1.4,104,23,False,4.256021022796631,0.9146433472633362
sin_family,1.4,105,44,False,4.051610946655273,0.9349602460861206
sin_family,1.4,106,7,False,5.274127006530762,0.8876916170120239
sin_family,1.4,107,111,False,3.399257183074951,0.9497855305671692
sin_family,1.4,108,8,False,4.761641502380371,0.9003251194953918
sin_family,1.4,109,33,False,4.579259395599365,0.9163410663604736
sin_family,1.4,110,10,False,4.970961570739746,0.9142864346504211
sin_family,1.4,111,100,False,3.456390619277954,0.9467251896858215
sin_family,1.4,112,107,False,3.314004421234131,0.950823187828064
sin_family,1.4,113,26,False,4.794210433959961,0.906108021736145
sin_family,1.4,114,12,False,4.462828636169434,0.8891717195510864
sin_family,1.4,115,6,False,5.31361722946167,0.8890668749809265
sin_family,1.4,116,0,True,6.446608543395996,0.876964271068573
sin_family,1.4,117,204,False,0.2822110950946808,0.009240932762622833
sin_family,1.4,118,20,False,5.361173152923584,0.9041061997413635
sin_family,1.4,119,23,False,4.499699115753174,0.9006044864654541
sin_family,1.4,120,190,False,0.6360006928443909,0.034309182316064835
sin_family,1.4,121,208,False,0.7256888151168823,0.00507217925041914
sin_family,1.4,122,110,False,2.2767395973205566,1.047716498374939
sin_family,1.4,123,6,False,5.2357378005981445,0.8998721837997437
sin_family,1.4,124,2,False,5.195767879486084,0.9013814926147461
sin_family,1.4,125,207,False,0.3004085123538971,0.009362593293190002
sin_family,1.4,126,54,False,3.857045888900757,0.9267805218696594
sin_family,1.4,127,2,False,5.08010721206665,0.8869289755821228
sin_family,1.4,128,204,False,0.7665629386901855,0.03941268473863602
sin_family,1.4,129,7,False,4.859132289886475,0.8829405903816223
sin_family,1.4,130,8,False,5.224634647369385,0.9025630950927734
sin_family,1.4,131,14,False,4.424156665802002,0.9176486730575562
sin_family,1.4,132,57,False,3.8657519817352295,0.9376009702682495
sin_family,1.4,133,186,False,0.3422855734825134,0.012015081010758877
sin_family,1.4,134,9,False,4.986458778381348,0.8896355032920837
sin_family,1.4,135,98,False,1.0990147590637207,1.1906245946884155
sin_family,1.4,136,193,False,0.4797375798225403,0.009069908410310745
sin_family,1.4,137,36,False,4.314915180206299,0.9171523451805115
sin_family,1.4,138,24,False,4.008406639099121,0.9247848391532898
sin_family,1.4,139,97,False,2.071763515472412,1.027479887008667
sin_family,1.4,140,97,False,2.512254476547241,0.9967789649963379
sin_family,1.4,141,8,False,4.533352375030518,0.883101224899292
sin_family,1.4,142,23,False,4.02470588684082,0.917327344417572
sin_family,1.4,143,199,False,0.4961867332458496,0.03389103710651398
sin_family,1.4,144,94,False,3.646658420562744,0.9407328963279724
sin_family,1.4,145,31,False,4.5916337966918945,0.9226585626602173
sin_family,1.4,146,33,False,4.6220903396606445,0.9122310280799866
sin_family,1.4,147,6,False,5.399823188781738,0.9005774855613708
sin_family,1.4,148,95,False,2.3991572856903076,0.995532214641571
sin_family,1.4,149,182,False,0.3122052550315857,0.035372570157051086
sin_family,1.4,150,0,True,6.088009834289551,0.8847823739051819
sin_family,1.4,151,0,True,5.875157356262207,0.8776284456253052
sin_family,1.4,152,1,False,5.191919326782227,0.8871363401412964
sin_family,1.4,153,36,False,4.2648701667785645,0.9221173524856567
sin_family,1.4,154,62,False,3.596189498901367,0.9327358603477478
sin_family,1.4,155,101,False,3.7704660892486572,0.965343713760376
sin_family,1.4,156,109,False,0.9604698419570923,1.253090739250183
sin_family,1.4,157,206,False,0.21840503811836243,0.015113957226276398
sin_family,1.4,158,201,False,0.21423648297786713,0.0020373230800032616
sin_family,1.4,159,0,True,5.25795841217041,0.8754070401191711
sin_family,1.4,160,199,False,0.09545823186635971,0.04315429925918579
sin_family,1.4,161,199,False,0.35160738229751587,0.05403270572423935
sin_family,1.4,162,16,False,4.2073540687561035,0.9142873287200928
sin_family,1.4,163,71,False,3.9700474739074707,0.9492290019989014
sin_family,1.4,164,4,False,4.684969425201416,0.9118840098381042
sin_family,1.4,165,108,False,3.7787985801696777,0.9370532035827637
sin_family,1.4,166,105,False,2.1840474605560303,1.0387530326843262
sin_family,1.4,167,102,False,3.139507293701172,0.9791673421859741
sin_family,1.4,168,11,False,4.666203498840332,0.902478039264679
sin_family,1.4,169,0,True,5.788496494293213,0.8935320377349854
sin_family,1.4,170,92,False,2.626103162765503,1.0133442878723145
sin_family,1.4,171,104,False,1.1786385774612427,1.2071534395217896
sin_family,1.4,172,0,True,6.699558258056641,0.8670501708984375
sin_family,1.4,173,9,False,5.075649261474609,0.8974136710166931
sin_family,1.4,174,104,False,3.1294703483581543,0.9721507430076599
sin_family,1.4,175,102,False,2.4794023036956787,0.9894876480102539
sin_family,1.4,176,199,False,0.41662269830703735,0.0007410615216940641
sin_family,1.4,177,169,False,0.5254813432693481,0.04066203162074089
sin_family,1.4,178,25,False,4.396124362945557,0.9205002784729004
sin_family,1.4,179,217,False,0.29146382212638855,0.011855341494083405
sin_family,1.4,180,0,True,5.872391700744629,0.8879324197769165
sin_family,1.4,181,26,False,4.164600372314453,0.917669415473938
sin_family,1.4,182,100,False,2.4774138927459717,1.0070751905441284
sin_family,1.4,183,22,False,4.660880088806152,0.9100281000137329
sin_family,1.4,184,2,False,5.476600170135498,0.903404176235199
sin_family,1.4,185,202,False,0.3719533085823059,0.002518176333978772
sin_family,1.4,186,94,False,3.098801612854004,0.9518254399299622
sin_family,1.4,187,104,False,2.4033195972442627,1.030048131942749
sin_family,1.4,188,4,False,4.759462833404541,0.9164820909500122
sin_family,1.4,189,54,False,3.8285346031188965,0.93274986743927
sin_family,1.4,190,0,True,5.121023654937744,0.872014582157135
sin_family,1.4,191,4,False,5.362147331237793,0.8848540782928467
sin_family,1.4,192,50,False,3.887585163116455,0.9409929513931274
sin_family,1.4,193,40,False,4.226554870605469,0.9266184568405151
sin_family,1.4,194,2,False,5.399809837341309,0.8946265578269958
sin_family,1.4,195,34,False,4.2538957595825195,0.9199784994125366
sin_family,1.4,196,202,False,0.6366354823112488,0.007777590770274401
sin_family,1.4,197,104,False,2.0831756591796875,1.0317504405975342
sin_family,1.4,198,11,False,4.40624475479126,0.9096209406852722
sin_family,1.4,199,53,False,3.9456846714019775,0.9213036298751831
sin_family,1.45,0,169,False,0.2726348042488098,0.11721299588680267
sin_family,1.45,1,1,False,4.331075191497803,0.9539632201194763
sin_family,1.45,2,0,True,5.466699600219727,0.913474977016449
sin_family,1.45,3,18,False,3.9224495887756348,0.9587787389755249
sin_family,1.45,4,192,False,0.6684407591819763,0.001230802503414452
sin_family,1.45,5,0,True,4.6612348556518555,0.9303319454193115
sin_family,1.45,6,188,False,0.745353102684021,0.012849587947130203
sin_family,1.45,7,0,True,5.46549129486084,0.909568190574646
sin_family,1.45,8,198,False,0.6408175230026245,0.0017411335138604045
sin_family,1.45,9,6,False,4.492852687835693,0.932996928691864
sin_family,1.45,10,0,True,5.293097019195557,0.9199053645133972
sin_family,1.45,11,211,False,0.49000802636146545,0.034142374992370605
sin_family,1.45,12,0,True,5.196598052978516,0.9088248014450073
sin_family,1.45,13,196,False,0.5456666946411133,0.06245095655322075
sin_family,1.45,14,188,False,0.4702359139919281,0.011609620414674282
sin_family,1.45,15,46,False,3.378816843032837,0.9719153046607971
sin_family,1.45,16,201,False,0.3382691442966461,0.013896544463932514
sin_family,1.45,17,211,False,0.8397777676582336,0.0018522668397054076
sin_family,1.45,18,12,False,4.49418830871582,0.9285839796066284
sin_family,1.45,19,0,True,4.9232072830200195,0.9311253428459167
sin_family,1.45,20,35,False,3.5207390785217285,0.973473072052002
sin_family,1.45,21,197,False,0.9577722549438477,0.023170454427599907
sin_family,1.45,22,101,False,2.896698474884033,1.0078154802322388
sin_family,1.45,23,25,False,3.6095833778381348,0.9429368376731873
sin_family,1.45,24,43,False,3.7064883708953857,0.9714168310165405
sin_family,1.45,25,108,False,1.9328724145889282,1.0624712705612183
sin_family,1.45,26,214,False,0.3812998831272125,0.0380612351000309
sin_family,1.45,27,96,False,3.5363757610321045,0.9614752531051636
sin_family,1.45,28,32,False,3.8869073390960693,0.9361603260040283
sin_family,1.45,29,197,False,0.3464124798774719,0.029190637171268463
sin_family,1.45,30,9,False,4.410348415374756,0.9264429807662964
sin_family,1.45,31,0,False,5.448766708374023,0.9229243397712708
sin_family,1.45,32,10,False,4.1184401512146,0.9389001131057739
sin_family,1.45,33,8,False,4.489541053771973,0.9468910694122314
sin_family,1.45,34,8,False,4.118671894073486,0.9422523379325867
sin_family,1.45,35,90,False,2.9814000129699707,0.9917777180671692
sin_family,1.45,36,0,False,5.2280778884887695,0.9313572645187378
sin_family,1.45,37,170,False,0.29732558131217957,0.03748306259512901
sin_family,1.45,38,0,False,5.949618339538574,0.9120521545410156
sin_family,1.45,39,0,True,5.357658386230469,0.9023771286010742
sin_family,1.45,40,0,True,4.809225559234619,0.9433247447013855
sin_family,1.45,41,52,False,3.3160903453826904,0.9759482145309448
sin_family,1.45,42,0,True,5.048202991485596,0.9192057847976685
sin_family,1.45,43,103,False,3.1285150051116943,0.9974268674850464
sin_family,1.45,44,0,True,6.304530143737793,0.9153573513031006
sin_family,1.45,45,107,False,3.092639446258545,1.0148591995239258
sin_family,1.45,46,186,False,0.5490080118179321,0.03896475210785866
sin_family,1.45,47,22,False,3.9477477073669434,0.9608322978019714
sin_family,1.45,48,190,False,0.6364807486534119,0.01054824236780405
sin_family,1.45,49,115,False,3.1030399799346924,0.991602897644043
sin_family,1.45,50,198,False,0.9983811974525452,0.04787831008434296
sin_family,1.45,51,0,True,4.767692565917969,0.9154071807861328
sin_family,1.45,52,12,False,4.1392107009887695,0.9444447159767151
sin_family,1.45,53,12,False,4.368455410003662,0.9388116002082825
sin_family,1.45,54,101,False,0.9695076942443848,1.2492914199829102
sin_family,1.45,55,188,False,0.10243415087461472,0.025228247046470642
sin_family,1.45,56,8,False,3.8989946842193604,0.964080274105072
sin_family,1.45,57,186,False,0.7294185161590576,0.014968525618314743
sin_family,1.45,58,102,False,1.6214144229888916,1.1188932657241821
sin_family,1.45,59,189,False,0.15853285789489746,0.010121948085725307
sin_family,1.45,60,4,False,4.497101306915283,0.9223797917366028
sin_family,1.45,61,0,True,5.330687999725342,0.9094336628913879
sin_family,1.45,62,15,False,4.416325569152832,0.9493886828422546
sin_family,1.45,63,0,True,5.385296821594238,0.9083585739135742
sin_family,1.45,64,112,False,3.369189977645874,1.0022801160812378
sin_family,1.45,65,188,False,0.21755994856357574,0.019133208319544792
sin_family,1.45,66,195,False,0.1861805021762848,0.012412765063345432
sin_family,1.45,67,0,True,5.464943885803223,0.9046854376792908
sin_family,1.45,68,201,False,0.6761457920074463,0.014222240075469017
sin_family,1.45,69,3,False,4.4716291427612305,0.9195029139518738
sin_family,1.45,70,204,False,0.8220701813697815,0.01765470579266548
sin_family,1.45,71,0,True,5.719990253448486,0.9162257313728333
sin_family,1.45,72,42,False,3.537966012954712,0.9687198996543884
sin_family,1.45,73,10,False,4.155472278594971,0.9634552001953125
sin_family,1.45,74,212,False,0.33283308148384094,0.013813305646181107
sin_family,1.45,75,0,True,5.32908296585083,0.9063887596130371
sin_family,1.45,76,5,False,4.886653423309326,0.9274232983589172
sin_family,1.45,77,0,True,5.599786281585693,0.9172614216804504
sin_family,1.45,78,47,False,3.5808827877044678,0.96201491355896
sin_family,1.45,79,196,False,0.2590115964412689,0.028224611654877663
sin_family,1.45,80,191,False,0.4840201735496521,0.0073144035413861275
sin_family,1.45,81,54,False,3.063009262084961,0.9663555026054382
sin_family,1.45,82,182,False,1.1264467239379883,0.02668825536966324
sin_family,1.45,83,12,False,4.25269079208374,0.9570406079292297
sin_family,1.45,84,0,True,5.1822919845581055,0.9094163179397583
sin_family,1.45,85,1,False,4.942379951477051,0.9231821298599243
sin_family,1.45,86,202,False,0.5679417252540588,0.0582992248237133
sin_family,1.45,87,9,False,4.16309928894043,0.9434467554092407
sin_family,1.45,88,1,False,4.961174964904785,0.9238137602806091
sin_family,1.45,89,0,True,5.475585460662842,0.9097654223442078
sin_family,1.45,90,0,True,5.6699137687683105,0.8992758393287659
sin_family,1.45,91,2,False,4.6700053215026855,0.9517770409584045
sin_family,1.45,92,200,False,0.662482738494873,0.043150756508111954
sin_family,1.45,93,12,False,4.560530662536621,0.9289236664772034
sin_family,1.45,94,25,False,3.843195915222168,0.9511009454727173
sin_family,1.45,95,0,True,5.406936168670654,0.9183553457260132
sin_family,1.45,96,0,True,5.292079925537109,0.9310797452926636
sin_family,1.45,97,41,False,3.4479849338531494,0.9618085622787476
sin_family,1.45,98,201,False,1.0955992937088013,0.04227101057767868
sin_family,1.45,99,203,False,0.20455706119537354,0.007549814879894257
sin_family,1.45,100,0,True,4.643449306488037,0.9143862128257751
sin_family,1.45,101,101,False,1.6871201992034912,1.1077651977539062
sin_family,1.45,102,19,False,3.6112446784973145,0.9506567716598511
sin_family,1.45,103,190,False,0.21821896731853485,0.017676331102848053
sin_family,1.45,104,9,False,4.3005547523498535,0.9377371072769165
sin_family,1.45,105,16,False,4.1461076736450195,0.9561484456062317
sin_family,1.45,106,0,True,5.2946367263793945,0.91322922706604
sin_family,1.45,107,56,False,3.491086959838867,0.9686712622642517
sin_family,1.45,108,0,True,4.810156345367432,0.9246987700462341
sin_family,1.45,109,12,False,4.626474857330322,0.9396946430206299
sin_family,1.45,110,0,True,5.02263879776001,0.938782274723053
sin_family,1.45,111,25,False,3.5686371326446533,0.9654380083084106
sin_family,1.45,112,34,False,3.4373703002929688,0.9677818417549133
sin_family,1.45,113,8,False,4.875970363616943,0.928678035736084
sin_family,1.45,114,4,False,4.5481061935424805,0.9120078086853027
sin_family,1.45,115,0,True,5.429659366607666,0.9124955534934998
sin_family,1.45,116,0,True,6.413478851318359,0.9056481122970581
sin_family,1.45,117,204,False,0.2800077497959137,0.009137849323451519
sin_family,1.45,118,5,False,5.35093355178833,0.929833173751831
sin_family,1.45,119,9,False,4.592092037200928,0.9227344989776611
sin_family,1.45,120,190,False,0.6334896087646484,0.03368411958217621
sin_family,1.45,121,208,False,0.7244510650634766,0.004970956593751907
sin_family,1.45,122,110,False,2.2160427570343018,1.073032021522522
sin_family,1.45,123,0,True,5.274934768676758,0.9252504110336304
sin_family,1.45,124,0,True,5.22554349899292,0.9267895221710205
sin_family,1.45,125,207,False,0.2975957989692688,0.00925907026976347
sin_family,1.45,126,12,False,3.937086343765259,0.9473363757133484
sin_family,1.45,127,0,True,5.107722759246826,0.9125248193740845
sin_family,1.45,128,204,False,0.747078001499176,0.03967851400375366
sin_family,1.45,129,0,True,4.929654598236084,0.9073070883750916
sin_family,1.45,130,0,True,5.269351482391357,0.9278163909912109
sin_family,1.45,131,2,False,4.487849235534668,0.9410573244094849
sin_family,1.45,132,18,False,3.947828769683838,0.9584915041923523
sin_family,1.45,133,186,False,0.3383825123310089,0.012111257761716843
sin_family,1.45,134,0,False,5.002408504486084,0.9152271747589111
sin_family,1.45,135,95,False,1.0484920740127563,1.2195152044296265
sin_family,1.45,136,193,False,0.4791927635669708,0.008900211192667484
sin_family,1.45,137,12,False,4.402297019958496,0.9391765594482422
sin_family,1.45,138,3,False,4.119687557220459,0.9460515975952148
sin_family,1.45,139,97,False,2.1543209552764893,1.038041591644287
sin_family,1.45,140,97,False,2.6171023845672607,1.0098602771759033
sin_family,1.45,141,0,True,4.60650634765625,0.907524585723877
sin_family,1.45,142,4,False,4.125833988189697,0.9382570385932922
sin_family,1.45,143,199,False,0.4931255877017975,0.03344833105802536
sin_family,1.45,144,21,False,3.7778851985931396,0.9587810039520264
sin_family,1.45,145,13,False,4.668205738067627,0.9453741312026978
sin_family,1.45,146,8,False,4.6910600662231445,0.9349290132522583
sin_family,1.45,147,0,True,5.416296482086182,0.9254761934280396
sin_family,1.45,148,95,False,2.5110573768615723,1.0071697235107422
sin_family,1.45,149,182,False,0.3120613992214203,0.03456302732229233
sin_family,1.45,150,0,True,6.059490203857422,0.9135595560073853
sin_family,1.45,151,0,True,5.846685886383057,0.905917227268219
sin_family,1.45,152,0,True,5.21879243850708,0.9125175476074219
sin_family,1.45,153,9,False,4.354439735412598,0.9439535737037659
sin_family,1.45,154,15,False,3.718822717666626,0.9514489769935608
sin_family,1.45,155,49,False,3.8768932819366455,0.9832779169082642
sin_family,1.45,156,112,False,0.7443849444389343,1.378677248954773
sin_family,1.45,157,205,False,0.2136845737695694,0.015021300874650478
sin_family,1.45,158,201,False,0.21489156782627106,0.002004790585488081
sin_family,1.45,159,0,True,5.267328262329102,0.9017738103866577
sin_family,1.45,160,199,False,0.09374722838401794,0.04269785061478615
sin_family,1.45,161,199,False,0.3486359715461731,0.053343627601861954
sin_family,1.45,162,9,False,4.309230804443359,0.9355630278587341
sin_family,1.45,163,27,False,4.1390910148620605,0.967745840549469
sin_family,1.45,164,0,True,4.711454391479492,0.9366137385368347
sin_family,1.45,165,36,False,3.888758897781372,0.9566150903701782
sin_family,1.45,166,105,False,2.195000410079956,1.0563678741455078
sin_family,1.45,167,102,False,3.247173547744751,0.9954014420509338
sin_family,1.45,168,0,True,4.741993427276611,0.9261610507965088
sin_family,1.45,169,0,True,5.755322456359863,0.9214316606521606
sin_family,1.45,170,92,False,2.7320868968963623,1.0276423692703247
sin_family,1.45,171,104,False,1.2032209634780884,1.2132858037948608
sin_family,1.45,172,0,True,6.464077472686768,0.8980533480644226
sin_family,1.45,173,0,True,5.097051620483398,0.9227516651153564
sin_family,1.45,174,100,False,3.2493889331817627,0.9880123734474182
sin_family,1.45,175,102,False,2.5933940410614014,1.0018422603607178
sin_family,1.45,176,196,False,0.41266965866088867,0.0005335311871021986
sin_family,1.45,177,169,False,0.5154978632926941,0.040799882262945175
sin_family,1.45,178,7,False,4.462838172912598,0.9426733255386353
sin_family,1.45,179,217,False,0.28310635685920715,0.011764692142605782
sin_family,1.45,180,0,True,5.647812366485596,0.9197069406509399
sin_family,1.45,181,11,False,4.241089820861816,0.9399676322937012
sin_family,1.45,182,100,False,2.565523624420166,1.0203111171722412
sin_family,1.45,183,6,False,4.727405071258545,0.933153510093689
sin_family,1.45,184,0,True,5.4741411209106445,0.9300746321678162
sin_family,1.45,185,202,False,0.3712826073169708,0.0024755275808274746
sin_family,1.45,186,39,False,3.216296911239624,0.9692889451980591
sin_family,1.45,187,104,False,2.5073461532592773,1.0416250228881836
sin_family,1.45,188,0,True,4.816780090332031,0.9401986598968506
sin_family,1.45,189,15,False,3.925865411758423,0.9527190327644348
sin_family,1.45,190,0,True,5.1107707023620605,0.8984124660491943
sin_family,1.45,191,0,True,5.357490062713623,0.9108603000640869
sin_family,1.45,192,13,False,4.006543159484863,0.9605383276939392
sin_family,1.45,193,8,False,4.321617126464844,0.9480462670326233
sin_family,1.45,194,0,True,5.350201606750488,0.9216012358665466
sin_family,1.45,195,14,False,4.331972599029541,0.9421257972717285
sin_family,1.45,196,202,False,0.6362214684486389,0.007630407344549894
sin_family,1.45,197,104,False,2.285888433456421,1.032651662826538
sin_family,1.45,198,2,False,4.4877190589904785,0.9324091076850891
sin_family,1.45,199,13,False,4.050604343414307,0.9413665533065796
