setting,activation,parameter,seed,eval_errors,solved
annulus2d,sin_family,1.0,0,63,False
annulus2d,sin_family,1.0,1,64,False
annulus2d,sin_family,1.0,2,125,False
annulus2d,sin_family,1.0,3,111,False
annulus2d,sin_family,1.0,4,147,False
annulus2d,sin_family,1.0,5,124,False
annulus2d,sin_family,1.0,6,129,False
annulus2d,sin_family,1.0,7,61,False
annulus2d,sin_family,1.0,8,147,False
annulus2d,sin_family,1.0,9,122,False
annulus2d,sin_family,1.0,10,45,False
annulus2d,sin_family,1.0,11,137,False
annulus2d,sin_family,1.0,12,44,False
annulus2d,sin_family,1.0,13,83,False
annulus2d,sin_family,1.0,14,117,False
annulus2d,sin_family,1.0,15,102,False
annulus2d,sin_family,1.0,16,151,False
annulus2d,sin_family,1.0,17,73,False
annulus2d,sin_family,1.0,18,72,False
annulus2d,sin_family,1.0,19,117,False
annulus2d,sin_family,1.0,20,66,False
annulus2d,sin_family,1.0,21,44,False
annulus2d,sin_family,1.0,22,56,False
annulus2d,sin_family,1.0,23,73,False
annulus2d,sin_family,1.0,24,39,False
annulus2d,sin_family,1.0,25,133,False
annulus2d,sin_family,1.0,26,77,False
annulus2d,sin_family,1.0,27,50,False
annulus2d,sin_family,1.0,28,45,False
annulus2d,sin_family,1.0,29,147,False
annulus2d,sin_family,1.0,30,119,False
annulus2d,sin_family,1.0,31,73,False
annulus2d,sin_family,1.0,32,46,False
annulus2d,sin_family,1.0,33,132,False
annulus2d,sin_family,1.0,34,96,False
annulus2d,sin_family,1.0,35,97,False
annulus2d,sin_family,1.0,36,105,False
annulus2d,sin_family,1.0,37,65,False
annulus2d,sin_family,1.0,38,123,False
annulus2d,sin_family,1.0,39,151,False
annulus2d,sin_family,1.0,40,68,False
annulus2d,sin_family,1.0,41,67,False
annulus2d,sin_family,1.0,42,75,False
annulus2d,sin_family,1.0,43,124,False
annulus2d,sin_family,1.0,44,52,False
annulus2d,sin_family,1.0,45,150,False
annulus2d,sin_family,1.0,46,143,False
annulus2d,sin_family,1.0,47,126,False
annulus2d,sin_family,1.0,48,143,False
annulus2d,sin_family,1.0,49,118,False
annulus2d,sin_family,1.0,50,137,False
annulus2d,sin_family,1.0,51,138,False
annulus2d,sin_family,1.0,52,121,False
annulus2d,sin_family,1.0,53,100,False
annulus2d,sin_family,1.0,54,49,False
annulus2d,sin_family,1.0,55,136,False
annulus2d,sin_family,1.0,56,79,False
annulus2d,sin_family,1.0,57,73,False
annulus2d,sin_family,1.0,58,63,False
annulus2d,sin_family,1.0,59,63,False
annulus2d,sin_family,1.0,60,142,False
annulus2d,sin_family,1.0,61,64,False
annulus2d,sin_family,1.0,62,40,False
annulus2d,sin_family,1.0,63,56,False
annulus2d,sin_family,1.0,64,157,False
annulus2d,sin_family,1.0,65,55,False
annulus2d,sin_family,1.0,66,75,False
annulus2d,sin_family,1.0,67,110,False
annulus2d,sin_family,1.0,68,79,False
annulus2d,sin_family,1.0,69,99,False
annulus2d,sin_family,1.0,70,88,False
annulus2d,sin_family,1.0,71,85,False
annulus2d,sin_family,1.0,72,73,False
annulus2d,sin_family,1.0,73,56,False
annulus2d,sin_family,1.0,74,72,False
annulus2d,sin_family,1.0,75,61,False
annulus2d,sin_family,1.0,76,69,False
annulus2d,sin_family,1.0,77,71,False
annulus2d,sin_family,1.0,78,120,False
annulus2d,sin_family,1.0,79,130,False
annulus2d,sin_family,1.0,80,166,False
annulus2d,sin_family,1.0,81,73,False
annulus2d,sin_family,1.0,82,64,False
annulus2d,sin_family,1.0,83,123,False
annulus2d,sin_family,1.0,84,140,False
annulus2d,sin_family,1.0,85,152,False
annulus2d,sin_family,1.0,86,72,False
annulus2d,sin_family,1.0,87,134,False
annulus2d,sin_family,1.0,88,64,False
annulus2d,sin_family,1.0,89,148,False
annulus2d,sin_family,1.0,90,44,False
annulus2d,sin_family,1.0,91,54,False
annulus2d,sin_family,1.0,92,69,False
annulus2d,sin_family,1.0,93,63,False
annulus2d,sin_family,1.0,94,143,False
annulus2d,sin_family,1.0,95,104,False
annulus2d,sin_family,1.0,96,112,False
annulus2d,sin_family,1.0,97,59,False
annulus2d,sin_family,1.0,98,58,False
annulus2d,sin_family,1.0,99,126,False
annulus2d,sin_family,1.1,0,102,False
annulus2d,sin_family,1.1,1,62,False
annulus2d,sin_family,1.1,2,78,False
annulus2d,sin_family,1.1,3,119,False
annulus2d,sin_family,1.1,4,81,False
annulus2d,sin_family,1.1,5,67,False
annulus2d,sin_family,1.1,6,128,False
annulus2d,sin_family,1.1,7,147,False
annulus2d,sin_family,1.1,8,147,False
annulus2d,sin_family,1.1,9,120,False
annulus2d,sin_family,1.1,10,34,False
annulus2d,sin_family,1.1,11,103,False
annulus2d,sin_family,1.1,12,132,False
annulus2d,sin_family,1.1,13,145,False
annulus2d,sin_family,1.1,14,107,False
annulus2d,sin_family,1.1,15,53,False
annulus2d,sin_family,1.1,16,90,False
annulus2d,sin_family,1.1,17,67,False
annulus2d,sin_family,1.1,18,61,False
annulus2d,sin_family,1.1,19,121,False
annulus2d,sin_family,1.1,20,53,False
annulus2d,sin_family,1.1,21,33,False
annulus2d,sin_family,1.1,22,149,False
annulus2d,sin_family,1.1,23,72,False
annulus2d,sin_family,1.1,24,27,False
annulus2d,sin_family,1.1,25,52,False
annulus2d,sin_family,1.1,26,46,False
annulus2d,sin_family,1.1,27,72,False
annulus2d,sin_family,1.1,28,60,False
annulus2d,sin_family,1.1,29,81,False
annulus2d,sin_family,1.1,30,131,False
annulus2d,sin_family,1.1,31,60,False
annulus2d,sin_family,1.1,32,54,False
annulus2d,sin_family,1.1,33,141,False
annulus2d,sin_family,1.1,34,76,False
annulus2d,sin_family,1.1,35,118,False
annulus2d,sin_family,1.1,36,133,False
annulus2d,sin_family,1.1,37,42,False
annulus2d,sin_family,1.1,38,125,False
annulus2d,sin_family,1.1,39,86,False
annulus2d,sin_family,1.1,40,71,False
annulus2d,sin_family,1.1,41,92,False
annulus2d,sin_family,1.1,42,79,False
annulus2d,sin_family,1.1,43,101,False
annulus2d,sin_family,1.1,44,64,False
annulus2d,sin_family,1.1,45,156,False
annulus2d,sin_family,1.1,46,39,False
annulus2d,sin_family,1.1,47,126,False
annulus2d,sin_family,1.1,48,145,False
annulus2d,sin_family,1.1,49,119,False
annulus2d,sin_family,1.1,50,141,False
annulus2d,sin_family,1.1,51,138,False
annulus2d,sin_family,1.1,52,125,False
annulus2d,sin_family,1.1,53,61,False
annulus2d,sin_family,1.1,54,59,False
annulus2d,sin_family,1.1,55,129,False
annulus2d,sin_family,1.1,56,72,False
annulus2d,sin_family,1.1,57,111,False
annulus2d,sin_family,1.1,58,88,False
annulus2d,sin_family,1.1,59,58,False
annulus2d,sin_family,1.1,60,61,False
annulus2d,sin_family,1.1,61,87,False
annulus2d,sin_family,1.1,62,65,False
annulus2d,sin_family,1.1,63,60,False
annulus2d,sin_family,1.1,64,135,False
annulus2d,sin_family,1.1,65,47,False
annulus2d,sin_family,1.1,66,63,False
annulus2d,sin_family,1.1,67,139,False
annulus2d,sin_family,1.1,68,71,False
annulus2d,sin_family,1.1,69,72,False
annulus2d,sin_family,1.1,70,148,False
annulus2d,sin_family,1.1,71,82,False
annulus2d,sin_family,1.1,72,64,False
annulus2d,sin_family,1.1,73,75,False
annulus2d,sin_family,1.1,74,56,False
annulus2d,sin_family,1.1,75,80,False
annulus2d,sin_family,1.1,76,66,False
annulus2d,sin_family,1.1,77,52,False
annulus2d,sin_family,1.1,78,121,False
annulus2d,sin_family,1.1,79,121,False
annulus2d,sin_family,1.1,80,167,False
annulus2d,sin_family,1.1,81,74,False
annulus2d,sin_family,1.1,82,54,False
annulus2d,sin_family,1.1,83,124,False
annulus2d,sin_family,1.1,84,135,False
annulus2d,sin_family,1.1,85,154,False
annulus2d,sin_family,1.1,86,78,False
annulus2d,sin_family,1.1,87,154,False
annulus2d,sin_family,1.1,88,77,False
annulus2d,sin_family,1.1,89,147,False
annulus2d,sin_family,1.1,90,132,False
annulus2d,sin_family,1.1,91,65,False
annulus2d,sin_family,1.1,92,69,False
annulus2d,sin_family,1.1,93,67,False
annulus2d,sin_family,1.1,94,119,False
annulus2d,sin_family,1.1,95,146,False
annulus2d,sin_family,1.1,96,131,False
annulus2d,sin_family,1.1,97,58,False
annulus2d,sin_family,1.1,98,61,False
annulus2d,sin_family,1.1,99,84,False
annulus2d,sin_family,1.25,0,79,False
annulus2d,sin_family,1.25,1,78,False
annulus2d,sin_family,1.25,2,77,False
annulus2d,sin_family,1.25,3,142,False
annulus2d,sin_family,1.25,4,81,False
annulus2d,sin_family,1.25,5,57,False
annulus2d,sin_family,1.25,6,127,False
annulus2d,sin_family,1.25,7,59,False
annulus2d,sin_family,1.25,8,146,False
annulus2d,sin_family,1.25,9,121,False
annulus2d,sin_family,1.25,10,97,False
annulus2d,sin_family,1.25,11,108,False
annulus2d,sin_family,1.25,12,44,False
annulus2d,sin_family,1.25,13,145,False
annulus2d,sin_family,1.25,14,105,False
annulus2d,sin_family,1.25,15,90,False
annulus2d,sin_family,1.25,16,139,False
annulus2d,sin_family,1.25,17,118,False
annulus2d,sin_family,1.25,18,63,False
annulus2d,sin_family,1.25,19,119,False
annulus2d,sin_family,1.25,20,44,False
annulus2d,sin_family,1.25,21,82,False
annulus2d,sin_family,1.25,22,149,False
annulus2d,sin_family,1.25,23,70,False
annulus2d,sin_family,1.25,24,146,False
annulus2d,sin_family,1.25,25,49,False
annulus2d,sin_family,1.25,26,143,False
annulus2d,sin_family,1.25,27,130,False
annulus2d,sin_family,1.25,28,71,False
annulus2d,sin_family,1.25,29,67,False
annulus2d,sin_family,1.25,30,32,False
annulus2d,sin_family,1.25,31,63,False
annulus2d,sin_family,1.25,32,117,False
annulus2d,sin_family,1.25,33,140,False
annulus2d,sin_family,1.25,34,70,False
annulus2d,sin_family,1.25,35,90,False
annulus2d,sin_family,1.25,36,132,False
annulus2d,sin_family,1.25,37,23,False
annulus2d,sin_family,1.25,38,122,False
annulus2d,sin_family,1.25,39,155,False
annulus2d,sin_family,1.25,40,70,False
annulus2d,sin_family,1.25,41,87,False
annulus2d,sin_family,1.25,42,27,False
annulus2d,sin_family,1.25,43,84,False
annulus2d,sin_family,1.25,44,44,False
annulus2d,sin_family,1.25,45,57,False
annulus2d,sin_family,1.25,46,139,False
annulus2d,sin_family,1.25,47,126,False
annulus2d,sin_family,1.25,48,152,False
annulus2d,sin_family,1.25,49,97,False
annulus2d,sin_family,1.25,50,144,False
annulus2d,sin_family,1.25,51,144,False
annulus2d,sin_family,1.25,52,69,False
annulus2d,sin_family,1.25,53,152,False
annulus2d,sin_family,1.25,54,35,False
annulus2d,sin_family,1.25,55,162,False
annulus2d,sin_family,1.25,56,74,False
annulus2d,sin_family,1.25,57,122,False
annulus2d,sin_family,1.25,58,12,False
annulus2d,sin_family,1.25,59,21,False
annulus2d,sin_family,1.25,60,56,False
annulus2d,sin_family,1.25,61,85,False
annulus2d,sin_family,1.25,62,20,False
annulus2d,sin_family,1.25,63,44,False
annulus2d,sin_family,1.25,64,109,False
annulus2d,sin_family,1.25,65,46,False
annulus2d,sin_family,1.25,66,42,False
annulus2d,sin_family,1.25,67,140,False
annulus2d,sin_family,1.25,68,61,False
annulus2d,sin_family,1.25,69,112,False
annulus2d,sin_family,1.25,70,62,False
annulus2d,sin_family,1.25,71,71,False
annulus2d,sin_family,1.25,72,48,False
annulus2d,sin_family,1.25,73,43,False
annulus2d,sin_family,1.25,74,134,False
annulus2d,sin_family,1.25,75,110,False
annulus2d,sin_family,1.25,76,105,False
annulus2d,sin_family,1.25,77,15,False
annulus2d,sin_family,1.25,78,120,False
annulus2d,sin_family,1.25,79,74,False
annulus2d,sin_family,1.25,80,137,False
annulus2d,sin_family,1.25,81,75,False
annulus2d,sin_family,1.25,82,281,False
annulus2d,sin_family,1.25,83,123,False
annulus2d,sin_family,1.25,84,111,False
annulus2d,sin_family,1.25,85,148,False
annulus2d,sin_family,1.25,86,75,False
annulus2d,sin_family,1.25,87,131,False
annulus2d,sin_family,1.25,88,40,False
annulus2d,sin_family,1.25,89,52,False
annulus2d,sin_family,1.25,90,70,False
annulus2d,sin_family,1.25,91,43,False
annulus2d,sin_family,1.25,92,44,False
annulus2d,sin_family,1.25,93,31,False
annulus2d,sin_family,1.25,94,133,False
annulus2d,sin_family,1.25,95,128,False
annulus2d,sin_family,1.25,96,136,False
annulus2d,sin_family,1.25,97,68,False
annulus2d,sin_family,1.25,98,53,False
annulus2d,sin_family,1.25,99,42,False
annulus2d,sin_family,1.5,0,146,False
annulus2d,sin_family,1.5,1,49,False
annulus2d,sin_family,1.5,2,19,False
annulus2d,sin_family,1.5,3,140,False
annulus2d,sin_family,1.5,4,33,False
annulus2d,sin_family,1.5,5,73,False
annulus2d,sin_family,1.5,6,126,False
annulus2d,sin_family,1.5,7,14,False
annulus2d,sin_family,1.5,8,55,False
annulus2d,sin_family,1.5,9,15,False
annulus2d,sin_family,1.5,10,82,False
annulus2d,sin_family,1.5,11,138,False
annulus2d,sin_family,1.5,12,38,False
annulus2d,sin_family,1.5,13,144,False
annulus2d,sin_family,1.5,14,107,False
annulus2d,sin_family,1.5,15,71,False
annulus2d,sin_family,1.5,16,25,False
annulus2d,sin_family,1.5,17,65,False
annulus2d,sin_family,1.5,18,23,False
annulus2d,sin_family,1.5,19,121,False
annulus2d,sin_family,1.5,20,43,False
annulus2d,sin_family,1.5,21,102,False
annulus2d,sin_family,1.5,22,8,False
annulus2d,sin_family,1.5,23,140,False
annulus2d,sin_family,1.5,24,146,False
annulus2d,sin_family,1.5,25,71,False
annulus2d,sin_family,1.5,26,145,False
annulus2d,sin_family,1.5,27,121,False
annulus2d,sin_family,1.5,28,67,False
annulus2d,sin_family,1.5,29,46,False
annulus2d,sin_family,1.5,30,158,False
annulus2d,sin_family,1.5,31,13,False
annulus2d,sin_family,1.5,32,128,False
annulus2d,sin_family,1.5,33,140,False
annulus2d,sin_family,1.5,34,0,True
annulus2d,sin_family,1.5,35,125,False
annulus2d,sin_family,1.5,36,52,False
annulus2d,sin_family,1.5,37,18,False
annulus2d,sin_family,1.5,38,124,False
annulus2d,sin_family,1.5,39,166,False
annulus2d,sin_family,1.5,40,140,False
annulus2d,sin_family,1.5,41,144,False
annulus2d,sin_family,1.5,42,28,False
annulus2d,sin_family,1.5,43,121,False
annulus2d,sin_family,1.5,44,21,False
annulus2d,sin_family,1.5,45,16,False
annulus2d,sin_family,1.5,46,143,False
annulus2d,sin_family,1.5,47,126,False
annulus2d,sin_family,1.5,48,149,False
annulus2d,sin_family,1.5,49,114,False
annulus2d,sin_family,1.5,50,143,False
annulus2d,sin_family,1.5,51,138,False
annulus2d,sin_family,1.5,52,21,False
annulus2d,sin_family,1.5,53,145,False
annulus2d,sin_family,1.5,54,113,False
annulus2d,sin_family,1.5,55,154,False
annulus2d,sin_family,1.5,56,128,False
annulus2d,sin_family,1.5,57,134,False
annulus2d,sin_family,1.5,58,40,False
annulus2d,sin_family,1.5,59,67,False
annulus2d,sin_family,1.5,60,141,False
annulus2d,sin_family,1.5,61,88,False
annulus2d,sin_family,1.5,62,12,False
annulus2d,sin_family,1.5,63,30,False
annulus2d,sin_family,1.5,64,110,False
annulus2d,sin_family,1.5,65,54,False
annulus2d,sin_family,1.5,66,21,False
annulus2d,sin_family,1.5,67,140,False
annulus2d,sin_family,1.5,68,132,False
annulus2d,sin_family,1.5,69,47,False
annulus2d,sin_family,1.5,70,155,False
annulus2d,sin_family,1.5,71,28,False
annulus2d,sin_family,1.5,72,54,False
annulus2d,sin_family,1.5,73,61,False
annulus2d,sin_family,1.5,74,34,False
annulus2d,sin_family,1.5,75,58,False
annulus2d,sin_family,1.5,76,126,False
annulus2d,sin_family,1.5,77,17,False
annulus2d,sin_family,1.5,78,128,False
annulus2d,sin_family,1.5,79,48,False
annulus2d,sin_family,1.5,80,85,False
annulus2d,sin_family,1.5,81,140,False
annulus2d,sin_family,1.5,82,24,False
annulus2d,sin_family,1.5,83,125,False
annulus2d,sin_family,1.5,84,135,False
annulus2d,sin_family,1.5,85,156,False
annulus2d,sin_family,1.5,86,43,False
annulus2d,sin_family,1.5,87,125,False
annulus2d,sin_family,1.5,88,149,False
annulus2d,sin_family,1.5,89,59,False
annulus2d,sin_family,1.5,90,32,False
annulus2d,sin_family,1.5,91,147,False
annulus2d,sin_family,1.5,92,65,False
annulus2d,sin_family,1.5,93,32,False
annulus2d,sin_family,1.5,94,133,False
annulus2d,sin_family,1.5,95,128,False
annulus2d,sin_family,1.5,96,124,False
annulus2d,sin_family,1.5,97,49,False
annulus2d,sin_family,1.5,98,56,False
annulus2d,sin_family,1.5,99,74,False
annulus2d,sin_family,2.0,0,138,False
annulus2d,sin_family,2.0,1,42,False
annulus2d,sin_family,2.0,2,17,False
annulus2d,sin_family,2.0,3,98,False
annulus2d,sin_family,2.0,4,35,False
annulus2d,sin_family,2.0,5,20,False
annulus2d,sin_family,2.0,6,128,False
annulus2d,sin_family,2.0,7,18,False
annulus2d,sin_family,2.0,8,60,False
annulus2d,sin_family,2.0,9,139,False
annulus2d,sin_family,2.0,10,66,False
annulus2d,sin_family,2.0,11,59,False
annulus2d,sin_family,2.0,12,51,False
annulus2d,sin_family,2.0,13,124,False
annulus2d,sin_family,2.0,14,92,False
annulus2d,sin_family,2.0,15,54,False
annulus2d,sin_family,2.0,16,22,False
annulus2d,sin_family,2.0,17,64,False
annulus2d,sin_family,2.0,18,42,False
annulus2d,sin_family,2.0,19,53,False
annulus2d,sin_family,2.0,20,14,False
annulus2d,sin_family,2.0,21,35,False
annulus2d,sin_family,2.0,22,29,False
annulus2d,sin_family,2.0,23,43,False
annulus2d,sin_family,2.0,24,21,False
annulus2d,sin_family,2.0,25,112,False
annulus2d,sin_family,2.0,26,95,False
annulus2d,sin_family,2.0,27,31,False
annulus2d,sin_family,2.0,28,82,False
annulus2d,sin_family,2.0,29,24,False
annulus2d,sin_family,2.0,30,154,False
annulus2d,sin_family,2.0,31,37,False
annulus2d,sin_family,2.0,32,14,False
annulus2d,sin_family,2.0,33,44,False
annulus2d,sin_family,2.0,34,88,False
annulus2d,sin_family,2.0,35,55,False
annulus2d,sin_family,2.0,36,49,False
annulus2d,sin_family,2.0,37,20,False
annulus2d,sin_family,2.0,38,125,False
annulus2d,sin_family,2.0,39,62,False
annulus2d,sin_family,2.0,40,139,False
annulus2d,sin_family,2.0,41,29,False
annulus2d,sin_family,2.0,42,67,False
annulus2d,sin_family,2.0,43,131,False
annulus2d,sin_family,2.0,44,94,False
annulus2d,sin_family,2.0,45,16,False
annulus2d,sin_family,2.0,46,140,False
annulus2d,sin_family,2.0,47,126,False
annulus2d,sin_family,2.0,48,71,False
annulus2d,sin_family,2.0,49,67,False
annulus2d,sin_family,2.0,50,143,False
annulus2d,sin_family,2.0,51,12,False
annulus2d,sin_family,2.0,52,31,False
annulus2d,sin_family,2.0,53,102,False
annulus2d,sin_family,2.0,54,30,False
annulus2d,sin_family,2.0,55,82,False
annulus2d,sin_family,2.0,56,106,False
annulus2d,sin_family,2.0,57,131,False
annulus2d,sin_family,2.0,58,21,False
annulus2d,sin_family,2.0,59,28,False
annulus2d,sin_family,2.0,60,138,False
annulus2d,sin_family,2.0,61,78,False
annulus2d,sin_family,2.0,62,35,False
annulus2d,sin_family,2.0,63,142,False
annulus2d,sin_family,2.0,64,141,False
annulus2d,sin_family,2.0,65,113,False
annulus2d,sin_family,2.0,66,61,False
annulus2d,sin_family,2.0,67,129,False
annulus2d,sin_family,2.0,68,33,False
annulus2d,sin_family,2.0,69,23,False
annulus2d,sin_family,2.0,70,41,False
annulus2d,sin_family,2.0,71,27,False
annulus2d,sin_family,2.0,72,23,False
annulus2d,sin_family,2.0,73,22,False
annulus2d,sin_family,2.0,74,17,False
annulus2d,sin_family,2.0,75,84,False
annulus2d,sin_family,2.0,76,59,False
annulus2d,sin_family,2.0,77,37,False
annulus2d,sin_family,2.0,78,120,False
annulus2d,sin_family,2.0,79,32,False
annulus2d,sin_family,2.0,80,86,False
annulus2d,sin_family,2.0,81,142,False
annulus2d,sin_family,2.0,82,83,False
annulus2d,sin_family,2.0,83,104,False
annulus2d,sin_family,2.0,84,30,False
annulus2d,sin_family,2.0,85,132,False
annulus2d,sin_family,2.0,86,51,False
annulus2d,sin_family,2.0,87,60,False
annulus2d,sin_family,2.0,88,34,False
annulus2d,sin_family,2.0,89,63,False
annulus2d,sin_family,2.0,90,43,False
annulus2d,sin_family,2.0,91,74,False
annulus2d,sin_family,2.0,92,38,False
annulus2d,sin_family,2.0,93,98,False
annulus2d,sin_family,2.0,94,34,False
annulus2d,sin_family,2.0,95,118,False
annulus2d,sin_family,2.0,96,80,False
annulus2d,sin_family,2.0,97,28,False
annulus2d,sin_family,2.0,98,48,False
annulus2d,sin_family,2.0,99,36,False
annulus2d,sin_family,3.0,0,52,False
annulus2d,sin_family,3.0,1,26,False
annulus2d,sin_family,3.0,2,30,False
annulus2d,sin_family,3.0,3,65,False
annulus2d,sin_family,3.0,4,39,False
annulus2d,sin_family,3.0,5,50,False
annulus2d,sin_family,3.0,6,143,False
annulus2d,sin_family,3.0,7,26,False
annulus2d,sin_family,3.0,8,81,False
annulus2d,sin_family,3.0,9,18,False
annulus2d,sin_family,3.0,10,28,False
annulus2d,sin_family,3.0,11,38,False
annulus2d,sin_family,3.0,12,114,False
annulus2d,sin_family,3.0,13,95,False
annulus2d,sin_family,3.0,14,35,False
annulus2d,sin_family,3.0,15,76,False
annulus2d,sin_family,3.0,16,129,False
annulus2d,sin_family,3.0,17,20,False
annulus2d,sin_family,3.0,18,13,False
annulus2d,sin_family,3.0,19,70,False
annulus2d,sin_family,3.0,20,13,False
annulus2d,sin_family,3.0,21,49,False
annulus2d,sin_family,3.0,22,22,False
annulus2d,sin_family,3.0,23,28,False
annulus2d,sin_family,3.0,24,25,False
annulus2d,sin_family,3.0,25,139,False
annulus2d,sin_family,3.0,26,108,False
annulus2d,sin_family,3.0,27,73,False
annulus2d,sin_family,3.0,28,2,False
annulus2d,sin_family,3.0,29,47,False
annulus2d,sin_family,3.0,30,17,False
annulus2d,sin_family,3.0,31,137,False
annulus2d,sin_family,3.0,32,119,False
annulus2d,sin_family,3.0,33,19,False
annulus2d,sin_family,3.0,34,51,False
annulus2d,sin_family,3.0,35,21,False
annulus2d,sin_family,3.0,36,17,False
annulus2d,sin_family,3.0,37,23,False
annulus2d,sin_family,3.0,38,146,False
annulus2d,sin_family,3.0,39,67,False
annulus2d,sin_family,3.0,40,76,False
annulus2d,sin_family,3.0,41,57,False
annulus2d,sin_family,3.0,42,22,False
annulus2d,sin_family,3.0,43,64,False
annulus2d,sin_family,3.0,44,65,False
annulus2d,sin_family,3.0,45,55,False
annulus2d,sin_family,3.0,46,113,False
annulus2d,sin_family,3.0,47,52,False
annulus2d,sin_family,3.0,48,21,False
annulus2d,sin_family,3.0,49,84,False
annulus2d,sin_family,3.0,50,0,False
annulus2d,sin_family,3.0,51,19,False
annulus2d,sin_family,3.0,52,24,False
annulus2d,sin_family,3.0,53,84,False
annulus2d,sin_family,3.0,54,31,False
annulus2d,sin_family,3.0,55,78,False
annulus2d,sin_family,3.0,56,10,False
annulus2d,sin_family,3.0,57,17,False
annulus2d,sin_family,3.0,58,75,False
annulus2d,sin_family,3.0,59,111,False
annulus2d,sin_family,3.0,60,107,False
annulus2d,sin_family,3.0,61,100,False
annulus2d,sin_family,3.0,62,80,False
annulus2d,sin_family,3.0,63,34,False
annulus2d,sin_family,3.0,64,40,False
annulus2d,sin_family,3.0,65,99,False
annulus2d,sin_family,3.0,66,12,False
annulus2d,sin_family,3.0,67,108,False
annulus2d,sin_family,3.0,68,24,False
annulus2d,sin_family,3.0,69,98,False
annulus2d,sin_family,3.0,70,121,False
annulus2d,sin_family,3.0,71,44,False
annulus2d,sin_family,3.0,72,49,False
annulus2d,sin_family,3.0,73,18,False
annulus2d,sin_family,3.0,74,22,False
annulus2d,sin_family,3.0,75,82,False
annulus2d,sin_family,3.0,76,29,False
annulus2d,sin_family,3.0,77,133,False
annulus2d,sin_family,3.0,78,52,False
annulus2d,sin_family,3.0,79,49,False
annulus2d,sin_family,3.0,80,92,False
annulus2d,sin_family,3.0,81,95,False
annulus2d,sin_family,3.0,82,83,False
annulus2d,sin_family,3.0,83,132,False
annulus2d,sin_family,3.0,84,66,False
annulus2d,sin_family,3.0,85,15,False
annulus2d,sin_family,3.0,86,105,False
annulus2d,sin_family,3.0,87,105,False
annulus2d,sin_family,3.0,88,56,False
annulus2d,sin_family,3.0,89,56,False
annulus2d,sin_family,3.0,90,14,False
annulus2d,sin_family,3.0,91,22,False
annulus2d,sin_family,3.0,92,131,False
annulus2d,sin_family,3.0,93,36,False
annulus2d,sin_family,3.0,94,80,False
annulus2d,sin_family,3.0,95,71,False
annulus2d,sin_family,3.0,96,70,False
annulus2d,sin_family,3.0,97,56,False
annulus2d,sin_family,3.0,98,122,False
annulus2d,sin_family,3.0,99,92,False
annulus2d,pwl_family,-0.05,0,105,False
annulus2d,pwl_family,-0.05,1,49,False
annulus2d,pwl_family,-0.05,2,212,False
annulus2d,pwl_family,-0.05,3,61,False
annulus2d,pwl_family,-0.05,4,168,False
annulus2d,pwl_family,-0.05,5,113,False
annulus2d,pwl_family,-0.05,6,86,False
annulus2d,pwl_family,-0.05,7,131,False
annulus2d,pwl_family,-0.05,8,62,False
annulus2d,pwl_family,-0.05,9,301,False
annulus2d,pwl_family,-0.05,10,221,False
annulus2d,pwl_family,-0.05,11,211,False
annulus2d,pwl_family,-0.05,12,328,False
annulus2d,pwl_family,-0.05,13,112,False
annulus2d,pwl_family,-0.05,14,62,False
annulus2d,pwl_family,-0.05,15,104,False
annulus2d,pwl_family,-0.05,16,69,False
annulus2d,pwl_family,-0.05,17,306,False
annulus2d,pwl_family,-0.05,18,137,False
annulus2d,pwl_family,-0.05,19,149,False
annulus2d,pwl_family,-0.05,20,80,False
annulus2d,pwl_family,-0.05,21,99,False
annulus2d,pwl_family,-0.05,22,124,False
annulus2d,pwl_family,-0.05,23,260,False
annulus2d,pwl_family,-0.05,24,166,False
annulus2d,pwl_family,-0.05,25,265,False
annulus2d,pwl_family,-0.05,26,123,False
annulus2d,pwl_family,-0.05,27,148,False
annulus2d,pwl_family,-0.05,28,304,False
annulus2d,pwl_family,-0.05,29,93,False
annulus2d,pwl_family,-0.05,30,101,False
annulus2d,pwl_family,-0.05,31,124,False
annulus2d,pwl_family,-0.05,32,136,False
annulus2d,pwl_family,-0.05,33,134,False
annulus2d,pwl_family,-0.05,34,137,False
annulus2d,pwl_family,-0.05,35,252,False
annulus2d,pwl_family,-0.05,36,128,False
annulus2d,pwl_family,-0.05,37,134,False
annulus2d,pwl_family,-0.05,38,141,False
annulus2d,pwl_family,-0.05,39,252,False
annulus2d,pwl_family,-0.05,40,133,False
annulus2d,pwl_family,-0.05,41,104,False
annulus2d,pwl_family,-0.05,42,268,False
annulus2d,pwl_family,-0.05,43,261,False
annulus2d,pwl_family,-0.05,44,225,False
annulus2d,pwl_family,-0.05,45,117,False
annulus2d,pwl_family,-0.05,46,147,False
annulus2d,pwl_family,-0.05,47,82,False
annulus2d,pwl_family,-0.05,48,138,False
annulus2d,pwl_family,-0.05,49,195,False
annulus2d,pwl_family,-0.05,50,66,False
annulus2d,pwl_family,-0.05,51,112,False
annulus2d,pwl_family,-0.05,52,222,False
annulus2d,pwl_family,-0.05,53,129,False
annulus2d,pwl_family,-0.05,54,79,False
annulus2d,pwl_family,-0.05,55,186,False
annulus2d,pwl_family,-0.05,56,261,False
annulus2d,pwl_family,-0.05,57,65,False
annulus2d,pwl_family,-0.05,58,42,False
annulus2d,pwl_family,-0.05,59,190,False
annulus2d,pwl_family,-0.05,60,113,False
annulus2d,pwl_family,-0.05,61,76,False
annulus2d,pwl_family,-0.05,62,60,False
annulus2d,pwl_family,-0.05,63,121,False
annulus2d,pwl_family,-0.05,64,119,False
annulus2d,pwl_family,-0.05,65,127,False
annulus2d,pwl_family,-0.05,66,36,False
annulus2d,pwl_family,-0.05,67,234,False
annulus2d,pwl_family,-0.05,68,128,False
annulus2d,pwl_family,-0.05,69,116,False
annulus2d,pwl_family,-0.05,70,208,False
annulus2d,pwl_family,-0.05,71,311,False
annulus2d,pwl_family,-0.05,72,117,False
annulus2d,pwl_family,-0.05,73,137,False
annulus2d,pwl_family,-0.05,74,190,False
annulus2d,pwl_family,-0.05,75,150,False
annulus2d,pwl_family,-0.05,76,132,False
annulus2d,pwl_family,-0.05,77,139,False
annulus2d,pwl_family,-0.05,78,234,False
annulus2d,pwl_family,-0.05,79,80,False
annulus2d,pwl_family,-0.05,80,208,False
annulus2d,pwl_family,-0.05,81,113,False
annulus2d,pwl_family,-0.05,82,126,False
annulus2d,pwl_family,-0.05,83,93,False
annulus2d,pwl_family,-0.05,84,81,False
annulus2d,pwl_family,-0.05,85,86,False
annulus2d,pwl_family,-0.05,86,193,False
annulus2d,pwl_family,-0.05,87,239,False
annulus2d,pwl_family,-0.05,88,293,False
annulus2d,pwl_family,-0.05,89,267,False
annulus2d,pwl_family,-0.05,90,263,False
annulus2d,pwl_family,-0.05,91,219,False
annulus2d,pwl_family,-0.05,92,120,False
annulus2d,pwl_family,-0.05,93,313,False
annulus2d,pwl_family,-0.05,94,164,False
annulus2d,pwl_family,-0.05,95,301,False
annulus2d,pwl_family,-0.05,96,148,False
annulus2d,pwl_family,-0.05,97,69,False
annulus2d,pwl_family,-0.05,98,127,False
annulus2d,pwl_family,-0.05,99,67,False
annulus2d,pwl_family,-0.25,0,73,False
annulus2d,pwl_family,-0.25,1,119,False
annulus2d,pwl_family,-0.25,2,132,False
annulus2d,pwl_family,-0.25,3,70,False
annulus2d,pwl_family,-0.25,4,76,False
annulus2d,pwl_family,-0.25,5,122,False
annulus2d,pwl_family,-0.25,6,78,False
annulus2d,pwl_family,-0.25,7,144,False
annulus2d,pwl_family,-0.25,8,59,False
annulus2d,pwl_family,-0.25,9,301,False
annulus2d,pwl_family,-0.25,10,87,False
annulus2d,pwl_family,-0.25,11,139,False
annulus2d,pwl_family,-0.25,12,314,False
annulus2d,pwl_family,-0.25,13,90,False
annulus2d,pwl_family,-0.25,14,61,False
annulus2d,pwl_family,-0.25,15,106,False
annulus2d,pwl_family,-0.25,16,52,False
annulus2d,pwl_family,-0.25,17,240,False
annulus2d,pwl_family,-0.25,18,55,False
annulus2d,pwl_family,-0.25,19,263,False
annulus2d,pwl_family,-0.25,20,169,False
annulus2d,pwl_family,-0.25,21,138,False
annulus2d,pwl_family,-0.25,22,76,False
annulus2d,pwl_family,-0.25,23,151,False
annulus2d,pwl_family,-0.25,24,87,False
annulus2d,pwl_family,-0.25,25,170,False
annulus2d,pwl_family,-0.25,26,238,False
annulus2d,pwl_family,-0.25,27,226,False
annulus2d,pwl_family,-0.25,28,304,False
annulus2d,pwl_family,-0.25,29,63,False
annulus2d,pwl_family,-0.25,30,129,False
annulus2d,pwl_family,-0.25,31,58,False
annulus2d,pwl_family,-0.25,32,132,False
annulus2d,pwl_family,-0.25,33,320,False
annulus2d,pwl_family,-0.25,34,143,False
annulus2d,pwl_family,-0.25,35,221,False
annulus2d,pwl_family,-0.25,36,134,False
annulus2d,pwl_family,-0.25,37,133,False
annulus2d,pwl_family,-0.25,38,125,False
annulus2d,pwl_family,-0.25,39,229,False
annulus2d,pwl_family,-0.25,40,154,False
annulus2d,pwl_family,-0.25,41,109,False
annulus2d,pwl_family,-0.25,42,145,False
annulus2d,pwl_family,-0.25,43,306,False
annulus2d,pwl_family,-0.25,44,219,False
annulus2d,pwl_family,-0.25,45,133,False
annulus2d,pwl_family,-0.25,46,212,False
annulus2d,pwl_family,-0.25,47,75,False
annulus2d,pwl_family,-0.25,48,139,False
annulus2d,pwl_family,-0.25,49,270,False
annulus2d,pwl_family,-0.25,50,78,False
annulus2d,pwl_family,-0.25,51,140,False
annulus2d,pwl_family,-0.25,52,122,False
annulus2d,pwl_family,-0.25,53,154,False
annulus2d,pwl_family,-0.25,54,141,False
annulus2d,pwl_family,-0.25,55,229,False
annulus2d,pwl_family,-0.25,56,141,False
annulus2d,pwl_family,-0.25,57,126,False
annulus2d,pwl_family,-0.25,58,43,False
annulus2d,pwl_family,-0.25,59,223,False
annulus2d,pwl_family,-0.25,60,125,False
annulus2d,pwl_family,-0.25,61,167,False
annulus2d,pwl_family,-0.25,62,70,False
annulus2d,pwl_family,-0.25,63,292,False
annulus2d,pwl_family,-0.25,64,96,False
annulus2d,pwl_family,-0.25,65,114,False
annulus2d,pwl_family,-0.25,66,232,False
annulus2d,pwl_family,-0.25,67,205,False
annulus2d,pwl_family,-0.25,68,64,False
annulus2d,pwl_family,-0.25,69,82,False
annulus2d,pwl_family,-0.25,70,222,False
annulus2d,pwl_family,-0.25,71,314,False
annulus2d,pwl_family,-0.25,72,269,False
annulus2d,pwl_family,-0.25,73,189,False
annulus2d,pwl_family,-0.25,74,260,False
annulus2d,pwl_family,-0.25,75,145,False
annulus2d,pwl_family,-0.25,76,76,False
annulus2d,pwl_family,-0.25,77,90,False
annulus2d,pwl_family,-0.25,78,233,False
annulus2d,pwl_family,-0.25,79,224,False
annulus2d,pwl_family,-0.25,80,167,False
annulus2d,pwl_family,-0.25,81,26,False
annulus2d,pwl_family,-0.25,82,69,False
annulus2d,pwl_family,-0.25,83,70,False
annulus2d,pwl_family,-0.25,84,56,False
annulus2d,pwl_family,-0.25,85,86,False
annulus2d,pwl_family,-0.25,86,128,False
annulus2d,pwl_family,-0.25,87,260,False
annulus2d,pwl_family,-0.25,88,245,False
annulus2d,pwl_family,-0.25,89,267,False
annulus2d,pwl_family,-0.25,90,211,False
annulus2d,pwl_family,-0.25,91,220,False
annulus2d,pwl_family,-0.25,92,133,False
annulus2d,pwl_family,-0.25,93,264,False
annulus2d,pwl_family,-0.25,94,77,False
annulus2d,pwl_family,-0.25,95,117,False
annulus2d,pwl_family,-0.25,96,107,False
annulus2d,pwl_family,-0.25,97,211,False
annulus2d,pwl_family,-0.25,98,64,False
annulus2d,pwl_family,-0.25,99,50,False
annulus2d,tanh,,0,95,False
annulus2d,tanh,,1,137,False
annulus2d,tanh,,2,150,False
annulus2d,tanh,,3,96,False
annulus2d,tanh,,4,214,False
annulus2d,tanh,,5,166,False
annulus2d,tanh,,6,218,False
annulus2d,tanh,,7,259,False
annulus2d,tanh,,8,195,False
annulus2d,tanh,,9,72,False
annulus2d,tanh,,10,81,False
annulus2d,tanh,,11,106,False
annulus2d,tanh,,12,170,False
annulus2d,tanh,,13,98,False
annulus2d,tanh,,14,148,False
annulus2d,tanh,,15,103,False
annulus2d,tanh,,16,227,False
annulus2d,tanh,,17,177,False
annulus2d,tanh,,18,269,False
annulus2d,tanh,,19,88,False
annulus2d,tanh,,20,106,False
annulus2d,tanh,,21,192,False
annulus2d,tanh,,22,121,False
annulus2d,tanh,,23,210,False
annulus2d,tanh,,24,112,False
annulus2d,tanh,,25,102,False
annulus2d,tanh,,26,219,False
annulus2d,tanh,,27,108,False
annulus2d,tanh,,28,203,False
annulus2d,tanh,,29,195,False
annulus2d,tanh,,30,87,False
annulus2d,tanh,,31,85,False
annulus2d,tanh,,32,112,False
annulus2d,tanh,,33,48,False
annulus2d,tanh,,34,183,False
annulus2d,tanh,,35,137,False
annulus2d,tanh,,36,125,False
annulus2d,tanh,,37,232,False
annulus2d,tanh,,38,205,False
annulus2d,tanh,,39,128,False
annulus2d,tanh,,40,208,False
annulus2d,tanh,,41,91,False
annulus2d,tanh,,42,76,False
annulus2d,tanh,,43,227,False
annulus2d,tanh,,44,77,False
annulus2d,tanh,,45,114,False
annulus2d,tanh,,46,194,False
annulus2d,tanh,,47,92,False
annulus2d,tanh,,48,153,False
annulus2d,tanh,,49,91,False
annulus2d,tanh,,50,108,False
annulus2d,tanh,,51,70,False
annulus2d,tanh,,52,89,False
annulus2d,tanh,,53,181,False
annulus2d,tanh,,54,180,False
annulus2d,tanh,,55,120,False
annulus2d,tanh,,56,224,False
annulus2d,tanh,,57,175,False
annulus2d,tanh,,58,143,False
annulus2d,tanh,,59,101,False
annulus2d,tanh,,60,116,False
annulus2d,tanh,,61,149,False
annulus2d,tanh,,62,263,False
annulus2d,tanh,,63,90,False
annulus2d,tanh,,64,219,False
annulus2d,tanh,,65,79,False
annulus2d,tanh,,66,151,False
annulus2d,tanh,,67,93,False
annulus2d,tanh,,68,214,False
annulus2d,tanh,,69,172,False
annulus2d,tanh,,70,153,False
annulus2d,tanh,,71,202,False
annulus2d,tanh,,72,108,False
annulus2d,tanh,,73,91,False
annulus2d,tanh,,74,108,False
annulus2d,tanh,,75,110,False
annulus2d,tanh,,76,179,False
annulus2d,tanh,,77,218,False
annulus2d,tanh,,78,97,False
annulus2d,tanh,,79,171,False
annulus2d,tanh,,80,175,False
annulus2d,tanh,,81,170,False
annulus2d,tanh,,82,151,False
annulus2d,tanh,,83,142,False
annulus2d,tanh,,84,218,False
annulus2d,tanh,,85,112,False
annulus2d,tanh,,86,140,False
annulus2d,tanh,,87,167,False
annulus2d,tanh,,88,207,False
annulus2d,tanh,,89,212,False
annulus2d,tanh,,90,266,False
annulus2d,tanh,,91,66,False
annulus2d,tanh,,92,82,False
annulus2d,tanh,,93,114,False
annulus2d,tanh,,94,93,False
annulus2d,tanh,,95,94,False
annulus2d,tanh,,96,163,False
annulus2d,tanh,,97,225,False
annulus2d,tanh,,98,130,False
annulus2d,tanh,,99,89,False
annulus2d,relu,,0,250,False
annulus2d,relu,,1,300,False
annulus2d,relu,,2,230,False
annulus2d,relu,,3,123,False
annulus2d,relu,,4,239,False
annulus2d,relu,,5,180,False
annulus2d,relu,,6,300,False
annulus2d,relu,,7,131,False
annulus2d,relu,,8,197,False
annulus2d,relu,,9,300,False
annulus2d,relu,,10,300,False
annulus2d,relu,,11,209,False
annulus2d,relu,,12,271,False
annulus2d,relu,,13,300,False
annulus2d,relu,,14,214,False
annulus2d,relu,,15,220,False
annulus2d,relu,,16,300,False
annulus2d,relu,,17,300,False
annulus2d,relu,,18,283,False
annulus2d,relu,,19,300,False
annulus2d,relu,,20,300,False
annulus2d,relu,,21,300,False
annulus2d,relu,,22,285,False
annulus2d,relu,,23,300,False
annulus2d,relu,,24,300,False
annulus2d,relu,,25,300,False
annulus2d,relu,,26,300,False
annulus2d,relu,,27,219,False
annulus2d,relu,,28,305,False
annulus2d,relu,,29,204,False
annulus2d,relu,,30,199,False
annulus2d,relu,,31,300,False
annulus2d,relu,,32,239,False
annulus2d,relu,,33,315,False
annulus2d,relu,,34,300,False
annulus2d,relu,,35,217,False
annulus2d,relu,,36,300,False
annulus2d,relu,,37,300,False
annulus2d,relu,,38,300,False
annulus2d,relu,,39,229,False
annulus2d,relu,,40,263,False
annulus2d,relu,,41,167,False
annulus2d,relu,,42,300,False
annulus2d,relu,,43,300,False
annulus2d,relu,,44,225,False
annulus2d,relu,,45,300,False
annulus2d,relu,,46,260,False
annulus2d,relu,,47,300,False
annulus2d,relu,,48,244,False
annulus2d,relu,,49,300,False
annulus2d,relu,,50,300,False
annulus2d,relu,,51,300,False
annulus2d,relu,,52,247,False
annulus2d,relu,,53,300,False
annulus2d,relu,,54,300,False
annulus2d,relu,,55,300,False
annulus2d,relu,,56,300,False
annulus2d,relu,,57,300,False
annulus2d,relu,,58,300,False
annulus2d,relu,,59,219,False
annulus2d,relu,,60,300,False
annulus2d,relu,,61,154,False
annulus2d,relu,,62,136,False
annulus2d,relu,,63,300,False
annulus2d,relu,,64,300,False
annulus2d,relu,,65,147,False
annulus2d,relu,,66,98,False
annulus2d,relu,,67,300,False
annulus2d,relu,,68,189,False
annulus2d,relu,,69,210,False
annulus2d,relu,,70,300,False
annulus2d,relu,,71,314,False
annulus2d,relu,,72,300,False
annulus2d,relu,,73,229,False
annulus2d,relu,,74,300,False
annulus2d,relu,,75,300,False
annulus2d,relu,,76,300,False
annulus2d,relu,,77,218,False
annulus2d,relu,,78,234,False
annulus2d,relu,,79,171,False
annulus2d,relu,,80,300,False
annulus2d,relu,,81,218,False
annulus2d,relu,,82,77,False
annulus2d,relu,,83,155,False
annulus2d,relu,,84,260,False
annulus2d,relu,,85,300,False
annulus2d,relu,,86,300,False
annulus2d,relu,,87,218,False
annulus2d,relu,,88,300,False
annulus2d,relu,,89,312,False
annulus2d,relu,,90,300,False
annulus2d,relu,,91,300,False
annulus2d,relu,,92,300,False
annulus2d,relu,,93,303,False
annulus2d,relu,,94,221,False
annulus2d,relu,,95,262,False
annulus2d,relu,,96,300,False
annulus2d,relu,,97,300,False
annulus2d,relu,,98,235,False
annulus2d,relu,,99,164,False
annulus2d,gelu,,0,0,False
annulus2d,gelu,,1,113,False
annulus2d,gelu,,2,98,False
annulus2d,gelu,,3,65,False
annulus2d,gelu,,4,106,False
annulus2d,gelu,,5,51,False
annulus2d,gelu,,6,59,False
annulus2d,gelu,,7,55,False
annulus2d,gelu,,8,27,False
annulus2d,gelu,,9,97,False
annulus2d,gelu,,10,65,False
annulus2d,gelu,,11,125,False
annulus2d,gelu,,12,78,False
annulus2d,gelu,,13,62,False
annulus2d,gelu,,14,82,False
annulus2d,gelu,,15,39,False
annulus2d,gelu,,16,12,False
annulus2d,gelu,,17,0,True
annulus2d,gelu,,18,146,False
annulus2d,gelu,,19,56,False
annulus2d,gelu,,20,81,False
annulus2d,gelu,,21,72,False
annulus2d,gelu,,22,66,False
annulus2d,gelu,,23,115,False
annulus2d,gelu,,24,64,False
annulus2d,gelu,,25,144,False
annulus2d,gelu,,26,81,False
annulus2d,gelu,,27,190,False
annulus2d,gelu,,28,123,False
annulus2d,gelu,,29,79,False
annulus2d,gelu,,30,100,False
annulus2d,gelu,,31,135,False
annulus2d,gelu,,32,118,False
annulus2d,gelu,,33,69,False
annulus2d,gelu,,34,70,False
annulus2d,gelu,,35,66,False
annulus2d,gelu,,36,0,True
annulus2d,gelu,,37,59,False
annulus2d,gelu,,38,45,False
annulus2d,gelu,,39,62,False
annulus2d,gelu,,40,99,False
annulus2d,gelu,,41,84,False
annulus2d,gelu,,42,115,False
annulus2d,gelu,,43,70,False
annulus2d,gelu,,44,11,False
annulus2d,gelu,,45,104,False
annulus2d,gelu,,46,34,False
annulus2d,gelu,,47,126,False
annulus2d,gelu,,48,64,False
annulus2d,gelu,,49,91,False
annulus2d,gelu,,50,57,False
annulus2d,gelu,,51,125,False
annulus2d,gelu,,52,135,False
annulus2d,gelu,,53,112,False
annulus2d,gelu,,54,95,False
annulus2d,gelu,,55,88,False
annulus2d,gelu,,56,107,False
annulus2d,gelu,,57,129,False
annulus2d,gelu,,58,66,False
annulus2d,gelu,,59,68,False
annulus2d,gelu,,60,78,False
annulus2d,gelu,,61,119,False
annulus2d,gelu,,62,70,False
annulus2d,gelu,,63,64,False
annulus2d,gelu,,64,61,False
annulus2d,gelu,,65,90,False
annulus2d,gelu,,66,73,False
annulus2d,gelu,,67,47,False
annulus2d,gelu,,68,133,False
annulus2d,gelu,,69,114,False
annulus2d,gelu,,70,20,False
annulus2d,gelu,,71,135,False
annulus2d,gelu,,72,62,False
annulus2d,gelu,,73,137,False
annulus2d,gelu,,74,51,False
annulus2d,gelu,,75,138,False
annulus2d,gelu,,76,74,False
annulus2d,gelu,,77,188,False
annulus2d,gelu,,78,63,False
annulus2d,gelu,,79,75,False
annulus2d,gelu,,80,85,False
annulus2d,gelu,,81,110,False
annulus2d,gelu,,82,70,False
annulus2d,gelu,,83,129,False
annulus2d,gelu,,84,74,False
annulus2d,gelu,,85,81,False
annulus2d,gelu,,86,124,False
annulus2d,gelu,,87,0,False
annulus2d,gelu,,88,18,False
annulus2d,gelu,,89,65,False
annulus2d,gelu,,90,76,False
annulus2d,gelu,,91,45,False
annulus2d,gelu,,92,118,False
annulus2d,gelu,,93,146,False
annulus2d,gelu,,94,56,False
annulus2d,gelu,,95,16,False
annulus2d,gelu,,96,128,False
annulus2d,gelu,,97,86,False
annulus2d,gelu,,98,2,False
annulus2d,gelu,,99,57,False
shells3d,sin_family,1.0,0,63,False
shells3d,sin_family,1.0,1,96,False
shells3d,sin_family,1.0,2,73,False
shells3d,sin_family,1.0,3,93,False
shells3d,sin_family,1.0,4,58,False
shells3d,sin_family,1.0,5,56,False
shells3d,sin_family,1.0,6,111,False
shells3d,sin_family,1.0,7,92,False
shells3d,sin_family,1.0,8,87,False
shells3d,sin_family,1.0,9,76,False
shells3d,sin_family,1.0,10,81,False
shells3d,sin_family,1.0,11,78,False
shells3d,sin_family,1.0,12,96,False
shells3d,sin_family,1.0,13,87,False
shells3d,sin_family,1.0,14,77,False
shells3d,sin_family,1.0,15,98,False
shells3d,sin_family,1.0,16,90,False
shells3d,sin_family,1.0,17,51,False
shells3d,sin_family,1.0,18,102,False
shells3d,sin_family,1.0,19,93,False
shells3d,sin_family,1.0,20,97,False
shells3d,sin_family,1.0,21,75,False
shells3d,sin_family,1.0,22,99,False
shells3d,sin_family,1.0,23,82,False
shells3d,sin_family,1.0,24,68,False
shells3d,sin_family,1.0,25,73,False
shells3d,sin_family,1.0,26,98,False
shells3d,sin_family,1.0,27,91,False
shells3d,sin_family,1.0,28,75,False
shells3d,sin_family,1.0,29,86,False
shells3d,sin_family,1.0,30,72,False
shells3d,sin_family,1.0,31,82,False
shells3d,sin_family,1.0,32,51,False
shells3d,sin_family,1.0,33,85,False
shells3d,sin_family,1.0,34,79,False
shells3d,sin_family,1.0,35,110,False
shells3d,sin_family,1.0,36,98,False
shells3d,sin_family,1.0,37,60,False
shells3d,sin_family,1.0,38,87,False
shells3d,sin_family,1.0,39,76,False
shells3d,sin_family,1.0,40,86,False
shells3d,sin_family,1.0,41,88,False
shells3d,sin_family,1.0,42,52,False
shells3d,sin_family,1.0,43,45,False
shells3d,sin_family,1.0,44,93,False
shells3d,sin_family,1.0,45,101,False
shells3d,sin_family,1.0,46,112,False
shells3d,sin_family,1.0,47,81,False
shells3d,sin_family,1.0,48,69,False
shells3d,sin_family,1.0,49,63,False
shells3d,sin_family,1.0,50,51,False
shells3d,sin_family,1.0,51,80,False
shells3d,sin_family,1.0,52,47,False
shells3d,sin_family,1.0,53,81,False
shells3d,sin_family,1.0,54,88,False
shells3d,sin_family,1.0,55,75,False
shells3d,sin_family,1.0,56,45,False
shells3d,sin_family,1.0,57,166,False
shells3d,sin_family,1.0,58,97,False
shells3d,sin_family,1.0,59,91,False
shells3d,sin_family,1.0,60,100,False
shells3d,sin_family,1.0,61,89,False
shells3d,sin_family,1.0,62,85,False
shells3d,sin_family,1.0,63,34,False
shells3d,sin_family,1.0,64,69,False
shells3d,sin_family,1.0,65,82,False
shells3d,sin_family,1.0,66,49,False
shells3d,sin_family,1.0,67,102,False
shells3d,sin_family,1.0,68,83,False
shells3d,sin_family,1.0,69,60,False
shells3d,sin_family,1.0,70,103,False
shells3d,sin_family,1.0,71,77,False
shells3d,sin_family,1.0,72,104,False
shells3d,sin_family,1.0,73,96,False
shells3d,sin_family,1.0,74,86,False
shells3d,sin_family,1.0,75,81,False
shells3d,sin_family,1.0,76,94,False
shells3d,sin_family,1.0,77,54,False
shells3d,sin_family,1.0,78,93,False
shells3d,sin_family,1.0,79,89,False
shells3d,sin_family,1.0,80,84,False
shells3d,sin_family,1.0,81,82,False
shells3d,sin_family,1.0,82,48,False
shells3d,sin_family,1.0,83,92,False
shells3d,sin_family,1.0,84,95,False
shells3d,sin_family,1.0,85,84,False
shells3d,sin_family,1.0,86,97,False
shells3d,sin_family,1.0,87,78,False
shells3d,sin_family,1.0,88,88,False
shells3d,sin_family,1.0,89,62,False
shells3d,sin_family,1.0,90,79,False
shells3d,sin_family,1.0,91,95,False
shells3d,sin_family,1.0,92,90,False
shells3d,sin_family,1.0,93,74,False
shells3d,sin_family,1.0,94,87,False
shells3d,sin_family,1.0,95,80,False
shells3d,sin_family,1.0,96,63,False
shells3d,sin_family,1.0,97,98,False
shells3d,sin_family,1.0,98,85,False
shells3d,sin_family,1.0,99,60,False
shells3d,sin_family,1.1,0,60,False
shells3d,sin_family,1.1,1,82,False
shells3d,sin_family,1.1,2,76,False
shells3d,sin_family,1.1,3,89,False
shells3d,sin_family,1.1,4,90,False
shells3d,sin_family,1.1,5,79,False
shells3d,sin_family,1.1,6,80,False
shells3d,sin_family,1.1,7,96,False
shells3d,sin_family,1.1,8,86,False
shells3d,sin_family,1.1,9,71,False
shells3d,sin_family,1.1,10,90,False
shells3d,sin_family,1.1,11,96,False
shells3d,sin_family,1.1,12,85,False
shells3d,sin_family,1.1,13,48,False
shells3d,sin_family,1.1,14,98,False
shells3d,sin_family,1.1,15,70,False
shells3d,sin_family,1.1,16,87,False
shells3d,sin_family,1.1,17,63,False
shells3d,sin_family,1.1,18,107,False
shells3d,sin_family,1.1,19,62,False
shells3d,sin_family,1.1,20,94,False
shells3d,sin_family,1.1,21,70,False
shells3d,sin_family,1.1,22,95,False
shells3d,sin_family,1.1,23,89,False
shells3d,sin_family,1.1,24,103,False
shells3d,sin_family,1.1,25,74,False
shells3d,sin_family,1.1,26,84,False
shells3d,sin_family,1.1,27,38,False
shells3d,sin_family,1.1,28,78,False
shells3d,sin_family,1.1,29,81,False
shells3d,sin_family,1.1,30,105,False
shells3d,sin_family,1.1,31,94,False
shells3d,sin_family,1.1,32,79,False
shells3d,sin_family,1.1,33,78,False
shells3d,sin_family,1.1,34,66,False
shells3d,sin_family,1.1,35,93,False
shells3d,sin_family,1.1,36,68,False
shells3d,sin_family,1.1,37,87,False
shells3d,sin_family,1.1,38,67,False
shells3d,sin_family,1.1,39,110,False
shells3d,sin_family,1.1,40,84,False
shells3d,sin_family,1.1,41,79,False
shells3d,sin_family,1.1,42,52,False
shells3d,sin_family,1.1,43,50,False
shells3d,sin_family,1.1,44,90,False
shells3d,sin_family,1.1,45,125,False
shells3d,sin_family,1.1,46,99,False
shells3d,sin_family,1.1,47,90,False
shells3d,sin_family,1.1,48,78,False
shells3d,sin_family,1.1,49,67,False
shells3d,sin_family,1.1,50,115,False
shells3d,sin_family,1.1,51,119,False
shells3d,sin_family,1.1,52,99,False
shells3d,sin_family,1.1,53,38,False
shells3d,sin_family,1.1,54,87,False
shells3d,sin_family,1.1,55,82,False
shells3d,sin_family,1.1,56,50,False
shells3d,sin_family,1.1,57,84,False
shells3d,sin_family,1.1,58,108,False
shells3d,sin_family,1.1,59,86,False
shells3d,sin_family,1.1,60,102,False
shells3d,sin_family,1.1,61,112,False
shells3d,sin_family,1.1,62,97,False
shells3d,sin_family,1.1,63,94,False
shells3d,sin_family,1.1,64,75,False
shells3d,sin_family,1.1,65,81,False
shells3d,sin_family,1.1,66,91,False
shells3d,sin_family,1.1,67,98,False
shells3d,sin_family,1.1,68,96,False
shells3d,sin_family,1.1,69,108,False
shells3d,sin_family,1.1,70,105,False
shells3d,sin_family,1.1,71,92,False
shells3d,sin_family,1.1,72,109,False
shells3d,sin_family,1.1,73,94,False
shells3d,sin_family,1.1,74,76,False
shells3d,sin_family,1.1,75,80,False
shells3d,sin_family,1.1,76,91,False
shells3d,sin_family,1.1,77,58,False
shells3d,sin_family,1.1,78,61,False
shells3d,sin_family,1.1,79,60,False
shells3d,sin_family,1.1,80,83,False
shells3d,sin_family,1.1,81,77,False
shells3d,sin_family,1.1,82,94,False
shells3d,sin_family,1.1,83,72,False
shells3d,sin_family,1.1,84,92,False
shells3d,sin_family,1.1,85,88,False
shells3d,sin_family,1.1,86,93,False
shells3d,sin_family,1.1,87,75,False
shells3d,sin_family,1.1,88,95,False
shells3d,sin_family,1.1,89,65,False
shells3d,sin_family,1.1,90,61,False
shells3d,sin_family,1.1,91,100,False
shells3d,sin_family,1.1,92,46,False
shells3d,sin_family,1.1,93,39,False
shells3d,sin_family,1.1,94,65,False
shells3d,sin_family,1.1,95,40,False
shells3d,sin_family,1.1,96,83,False
shells3d,sin_family,1.1,97,93,False
shells3d,sin_family,1.1,98,80,False
shells3d,sin_family,1.1,99,63,False
shells3d,sin_family,1.25,0,43,False
shells3d,sin_family,1.25,1,93,False
shells3d,sin_family,1.25,2,103,False
shells3d,sin_family,1.25,3,92,False
shells3d,sin_family,1.25,4,63,False
shells3d,sin_family,1.25,5,60,False
shells3d,sin_family,1.25,6,120,False
shells3d,sin_family,1.25,7,88,False
shells3d,sin_family,1.25,8,101,False
shells3d,sin_family,1.25,9,58,False
shells3d,sin_family,1.25,10,121,False
shells3d,sin_family,1.25,11,56,False
shells3d,sin_family,1.25,12,86,False
shells3d,sin_family,1.25,13,38,False
shells3d,sin_family,1.25,14,93,False
shells3d,sin_family,1.25,15,93,False
shells3d,sin_family,1.25,16,93,False
shells3d,sin_family,1.25,17,37,False
shells3d,sin_family,1.25,18,85,False
shells3d,sin_family,1.25,19,54,False
shells3d,sin_family,1.25,20,49,False
shells3d,sin_family,1.25,21,105,False
shells3d,sin_family,1.25,22,48,False
shells3d,sin_family,1.25,23,83,False
shells3d,sin_family,1.25,24,79,False
shells3d,sin_family,1.25,25,77,False
shells3d,sin_family,1.25,26,94,False
shells3d,sin_family,1.25,27,91,False
shells3d,sin_family,1.25,28,47,False
shells3d,sin_family,1.25,29,75,False
shells3d,sin_family,1.25,30,106,False
shells3d,sin_family,1.25,31,94,False
shells3d,sin_family,1.25,32,87,False
shells3d,sin_family,1.25,33,92,False
shells3d,sin_family,1.25,34,56,False
shells3d,sin_family,1.25,35,84,False
shells3d,sin_family,1.25,36,98,False
shells3d,sin_family,1.25,37,85,False
shells3d,sin_family,1.25,38,99,False
shells3d,sin_family,1.25,39,81,False
shells3d,sin_family,1.25,40,76,False
shells3d,sin_family,1.25,41,83,False
shells3d,sin_family,1.25,42,45,False
shells3d,sin_family,1.25,43,90,False
shells3d,sin_family,1.25,44,88,False
shells3d,sin_family,1.25,45,78,False
shells3d,sin_family,1.25,46,34,False
shells3d,sin_family,1.25,47,99,False
shells3d,sin_family,1.25,48,76,False
shells3d,sin_family,1.25,49,49,False
shells3d,sin_family,1.25,50,82,False
shells3d,sin_family,1.25,51,111,False
shells3d,sin_family,1.25,52,99,False
shells3d,sin_family,1.25,53,103,False
shells3d,sin_family,1.25,54,74,False
shells3d,sin_family,1.25,55,103,False
shells3d,sin_family,1.25,56,56,False
shells3d,sin_family,1.25,57,79,False
shells3d,sin_family,1.25,58,79,False
shells3d,sin_family,1.25,59,63,False
shells3d,sin_family,1.25,60,105,False
shells3d,sin_family,1.25,61,96,False
shells3d,sin_family,1.25,62,99,False
shells3d,sin_family,1.25,63,35,False
shells3d,sin_family,1.25,64,95,False
shells3d,sin_family,1.25,65,61,False
shells3d,sin_family,1.25,66,77,False
shells3d,sin_family,1.25,67,115,False
shells3d,sin_family,1.25,68,86,False
shells3d,sin_family,1.25,69,108,False
shells3d,sin_family,1.25,70,43,False
shells3d,sin_family,1.25,71,68,False
shells3d,sin_family,1.25,72,101,False
shells3d,sin_family,1.25,73,41,False
shells3d,sin_family,1.25,74,87,False
shells3d,sin_family,1.25,75,83,False
shells3d,sin_family,1.25,76,79,False
shells3d,sin_family,1.25,77,85,False
shells3d,sin_family,1.25,78,62,False
shells3d,sin_family,1.25,79,89,False
shells3d,sin_family,1.25,80,80,False
shells3d,sin_family,1.25,81,98,False
shells3d,sin_family,1.25,82,57,False
shells3d,sin_family,1.25,83,100,False
shells3d,sin_family,1.25,84,105,False
shells3d,sin_family,1.25,85,88,False
shells3d,sin_family,1.25,86,54,False
shells3d,sin_family,1.25,87,84,False
shells3d,sin_family,1.25,88,98,False
shells3d,sin_family,1.25,89,63,False
shells3d,sin_family,1.25,90,38,False
shells3d,sin_family,1.25,91,121,False
shells3d,sin_family,1.25,92,99,False
shells3d,sin_family,1.25,93,90,False
shells3d,sin_family,1.25,94,80,False
shells3d,sin_family,1.25,95,75,False
shells3d,sin_family,1.25,96,47,False
shells3d,sin_family,1.25,97,93,False
shells3d,sin_family,1.25,98,88,False
shells3d,sin_family,1.25,99,78,False
shells3d,sin_family,1.5,0,41,False
shells3d,sin_family,1.5,1,111,False
shells3d,sin_family,1.5,2,96,False
shells3d,sin_family,1.5,3,84,False
shells3d,sin_family,1.5,4,93,False
shells3d,sin_family,1.5,5,64,False
shells3d,sin_family,1.5,6,91,False
shells3d,sin_family,1.5,7,109,False
shells3d,sin_family,1.5,8,80,False
shells3d,sin_family,1.5,9,85,False
shells3d,sin_family,1.5,10,91,False
shells3d,sin_family,1.5,11,61,False
shells3d,sin_family,1.5,12,46,False
shells3d,sin_family,1.5,13,64,False
shells3d,sin_family,1.5,14,88,False
shells3d,sin_family,1.5,15,64,False
shells3d,sin_family,1.5,16,44,False
shells3d,sin_family,1.5,17,42,False
shells3d,sin_family,1.5,18,87,False
shells3d,sin_family,1.5,19,82,False
shells3d,sin_family,1.5,20,55,False
shells3d,sin_family,1.5,21,70,False
shells3d,sin_family,1.5,22,82,False
shells3d,sin_family,1.5,23,94,False
shells3d,sin_family,1.5,24,67,False
shells3d,sin_family,1.5,25,80,False
shells3d,sin_family,1.5,26,93,False
shells3d,sin_family,1.5,27,57,False
shells3d,sin_family,1.5,28,83,False
shells3d,sin_family,1.5,29,80,False
shells3d,sin_family,1.5,30,126,False
shells3d,sin_family,1.5,31,90,False
shells3d,sin_family,1.5,32,57,False
shells3d,sin_family,1.5,33,86,False
shells3d,sin_family,1.5,34,86,False
shells3d,sin_family,1.5,35,97,False
shells3d,sin_family,1.5,36,95,False
shells3d,sin_family,1.5,37,87,False
shells3d,sin_family,1.5,38,81,False
shells3d,sin_family,1.5,39,108,False
shells3d,sin_family,1.5,40,89,False
shells3d,sin_family,1.5,41,70,False
shells3d,sin_family,1.5,42,47,False
shells3d,sin_family,1.5,43,72,False
shells3d,sin_family,1.5,44,92,False
shells3d,sin_family,1.5,45,104,False
shells3d,sin_family,1.5,46,45,False
shells3d,sin_family,1.5,47,93,False
shells3d,sin_family,1.5,48,96,False
shells3d,sin_family,1.5,49,76,False
shells3d,sin_family,1.5,50,55,False
shells3d,sin_family,1.5,51,78,False
shells3d,sin_family,1.5,52,106,False
shells3d,sin_family,1.5,53,83,False
shells3d,sin_family,1.5,54,69,False
shells3d,sin_family,1.5,55,81,False
shells3d,sin_family,1.5,56,87,False
shells3d,sin_family,1.5,57,39,False
shells3d,sin_family,1.5,58,80,False
shells3d,sin_family,1.5,59,81,False
shells3d,sin_family,1.5,60,50,False
shells3d,sin_family,1.5,61,99,False
shells3d,sin_family,1.5,62,121,False
shells3d,sin_family,1.5,63,82,False
shells3d,sin_family,1.5,64,107,False
shells3d,sin_family,1.5,65,112,False
shells3d,sin_family,1.5,66,74,False
shells3d,sin_family,1.5,67,42,False
shells3d,sin_family,1.5,68,52,False
shells3d,sin_family,1.5,69,106,False
shells3d,sin_family,1.5,70,56,False
shells3d,sin_family,1.5,71,64,False
shells3d,sin_family,1.5,72,109,False
shells3d,sin_family,1.5,73,70,False
shells3d,sin_family,1.5,74,69,False
shells3d,sin_family,1.5,75,61,False
shells3d,sin_family,1.5,76,111,False
shells3d,sin_family,1.5,77,50,False
shells3d,sin_family,1.5,78,44,False
shells3d,sin_family,1.5,79,96,False
shells3d,sin_family,1.5,80,93,False
shells3d,sin_family,1.5,81,79,False
shells3d,sin_family,1.5,82,86,False
shells3d,sin_family,1.5,83,97,False
shells3d,sin_family,1.5,84,57,False
shells3d,sin_family,1.5,85,75,False
shells3d,sin_family,1.5,86,50,False
shells3d,sin_family,1.5,87,51,False
shells3d,sin_family,1.5,88,55,False
shells3d,sin_family,1.5,89,39,False
shells3d,sin_family,1.5,90,80,False
shells3d,sin_family,1.5,91,71,False
shells3d,sin_family,1.5,92,78,False
shells3d,sin_family,1.5,93,26,False
shells3d,sin_family,1.5,94,83,False
shells3d,sin_family,1.5,95,53,False
shells3d,sin_family,1.5,96,50,False
shells3d,sin_family,1.5,97,90,False
shells3d,sin_family,1.5,98,112,False
shells3d,sin_family,1.5,99,69,False
shells3d,sin_family,2.0,0,93,False
shells3d,sin_family,2.0,1,60,False
shells3d,sin_family,2.0,2,43,False
shells3d,sin_family,2.0,3,96,False
shells3d,sin_family,2.0,4,69,False
shells3d,sin_family,2.0,5,80,False
shells3d,sin_family,2.0,6,129,False
shells3d,sin_family,2.0,7,44,False
shells3d,sin_family,2.0,8,70,False
shells3d,sin_family,2.0,9,75,False
shells3d,sin_family,2.0,10,88,False
shells3d,sin_family,2.0,11,95,False
shells3d,sin_family,2.0,12,61,False
shells3d,sin_family,2.0,13,76,False
shells3d,sin_family,2.0,14,101,False
shells3d,sin_family,2.0,15,21,False
shells3d,sin_family,2.0,16,80,False
shells3d,sin_family,2.0,17,84,False
shells3d,sin_family,2.0,18,81,False
shells3d,sin_family,2.0,19,97,False
shells3d,sin_family,2.0,20,55,False
shells3d,sin_family,2.0,21,101,False
shells3d,sin_family,2.0,22,81,False
shells3d,sin_family,2.0,23,82,False
shells3d,sin_family,2.0,24,71,False
shells3d,sin_family,2.0,25,36,False
shells3d,sin_family,2.0,26,82,False
shells3d,sin_family,2.0,27,50,False
shells3d,sin_family,2.0,28,67,False
shells3d,sin_family,2.0,29,39,False
shells3d,sin_family,2.0,30,102,False
shells3d,sin_family,2.0,31,77,False
shells3d,sin_family,2.0,32,36,False
shells3d,sin_family,2.0,33,52,False
shells3d,sin_family,2.0,34,78,False
shells3d,sin_family,2.0,35,73,False
shells3d,sin_family,2.0,36,92,False
shells3d,sin_family,2.0,37,109,False
shells3d,sin_family,2.0,38,37,False
shells3d,sin_family,2.0,39,81,False
shells3d,sin_family,2.0,40,37,False
shells3d,sin_family,2.0,41,76,False
shells3d,sin_family,2.0,42,76,False
shells3d,sin_family,2.0,43,65,False
shells3d,sin_family,2.0,44,80,False
shells3d,sin_family,2.0,45,88,False
shells3d,sin_family,2.0,46,125,False
shells3d,sin_family,2.0,47,84,False
shells3d,sin_family,2.0,48,100,False
shells3d,sin_family,2.0,49,93,False
shells3d,sin_family,2.0,50,72,False
shells3d,sin_family,2.0,51,56,False
shells3d,sin_family,2.0,52,100,False
shells3d,sin_family,2.0,53,81,False
shells3d,sin_family,2.0,54,79,False
shells3d,sin_family,2.0,55,115,False
shells3d,sin_family,2.0,56,65,False
shells3d,sin_family,2.0,57,92,False
shells3d,sin_family,2.0,58,0,False
shells3d,sin_family,2.0,59,104,False
shells3d,sin_family,2.0,60,112,False
shells3d,sin_family,2.0,61,122,False
shells3d,sin_family,2.0,62,66,False
shells3d,sin_family,2.0,63,71,False
shells3d,sin_family,2.0,64,55,False
shells3d,sin_family,2.0,65,115,False
shells3d,sin_family,2.0,66,42,False
shells3d,sin_family,2.0,67,72,False
shells3d,sin_family,2.0,68,83,False
shells3d,sin_family,2.0,69,93,False
shells3d,sin_family,2.0,70,89,False
shells3d,sin_family,2.0,71,64,False
shells3d,sin_family,2.0,72,50,False
shells3d,sin_family,2.0,73,60,False
shells3d,sin_family,2.0,74,54,False
shells3d,sin_family,2.0,75,82,False
shells3d,sin_family,2.0,76,104,False
shells3d,sin_family,2.0,77,68,False
shells3d,sin_family,2.0,78,75,False
shells3d,sin_family,2.0,79,85,False
shells3d,sin_family,2.0,80,88,False
shells3d,sin_family,2.0,81,105,False
shells3d,sin_family,2.0,82,74,False
shells3d,sin_family,2.0,83,87,False
shells3d,sin_family,2.0,84,40,False
shells3d,sin_family,2.0,85,41,False
shells3d,sin_family,2.0,86,65,False
shells3d,sin_family,2.0,87,99,False
shells3d,sin_family,2.0,88,79,False
shells3d,sin_family,2.0,89,52,False
shells3d,sin_family,2.0,90,88,False
shells3d,sin_family,2.0,91,66,False
shells3d,sin_family,2.0,92,52,False
shells3d,sin_family,2.0,93,63,False
shells3d,sin_family,2.0,94,54,False
shells3d,sin_family,2.0,95,36,False
shells3d,sin_family,2.0,96,61,False
shells3d,sin_family,2.0,97,89,False
shells3d,sin_family,2.0,98,84,False
shells3d,sin_family,2.0,99,49,False
shells3d,sin_family,3.0,0,57,False
shells3d,sin_family,3.0,1,63,False
shells3d,sin_family,3.0,2,30,False
shells3d,sin_family,3.0,3,96,False
shells3d,sin_family,3.0,4,109,False
shells3d,sin_family,3.0,5,68,False
shells3d,sin_family,3.0,6,79,False
shells3d,sin_family,3.0,7,116,False
shells3d,sin_family,3.0,8,79,False
shells3d,sin_family,3.0,9,97,False
shells3d,sin_family,3.0,10,82,False
shells3d,sin_family,3.0,11,65,False
shells3d,sin_family,3.0,12,66,False
shells3d,sin_family,3.0,13,85,False
shells3d,sin_family,3.0,14,69,False
shells3d,sin_family,3.0,15,55,False
shells3d,sin_family,3.0,16,71,False
shells3d,sin_family,3.0,17,102,False
shells3d,sin_family,3.0,18,26,False
shells3d,sin_family,3.0,19,46,False
shells3d,sin_family,3.0,20,94,False
shells3d,sin_family,3.0,21,54,False
shells3d,sin_family,3.0,22,99,False
shells3d,sin_family,3.0,23,96,False
shells3d,sin_family,3.0,24,115,False
shells3d,sin_family,3.0,25,75,False
shells3d,sin_family,3.0,26,46,False
shells3d,sin_family,3.0,27,59,False
shells3d,sin_family,3.0,28,121,False
shells3d,sin_family,3.0,29,76,False
shells3d,sin_family,3.0,30,96,False
shells3d,sin_family,3.0,31,94,False
shells3d,sin_family,3.0,32,56,False
shells3d,sin_family,3.0,33,109,False
shells3d,sin_family,3.0,34,103,False
shells3d,sin_family,3.0,35,61,False
shells3d,sin_family,3.0,36,58,False
shells3d,sin_family,3.0,37,93,False
shells3d,sin_family,3.0,38,74,False
shells3d,sin_family,3.0,39,119,False
shells3d,sin_family,3.0,40,97,False
shells3d,sin_family,3.0,41,93,False
shells3d,sin_family,3.0,42,84,False
shells3d,sin_family,3.0,43,72,False
shells3d,sin_family,3.0,44,102,False
shells3d,sin_family,3.0,45,115,False
shells3d,sin_family,3.0,46,126,False
shells3d,sin_family,3.0,47,97,False
shells3d,sin_family,3.0,48,67,False
shells3d,sin_family,3.0,49,92,False
shells3d,sin_family,3.0,50,125,False
shells3d,sin_family,3.0,51,42,False
shells3d,sin_family,3.0,52,58,False
shells3d,sin_family,3.0,53,36,False
shells3d,sin_family,3.0,54,107,False
shells3d,sin_family,3.0,55,33,False
shells3d,sin_family,3.0,56,92,False
shells3d,sin_family,3.0,57,113,False
shells3d,sin_family,3.0,58,94,False
shells3d,sin_family,3.0,59,107,False
shells3d,sin_family,3.0,60,49,False
shells3d,sin_family,3.0,61,89,False
shells3d,sin_family,3.0,62,131,False
shells3d,sin_family,3.0,63,94,False
shells3d,sin_family,3.0,64,76,False
shells3d,sin_family,3.0,65,58,False
shells3d,sin_family,3.0,66,46,False
shells3d,sin_family,3.0,67,83,False
shells3d,sin_family,3.0,68,95,False
shells3d,sin_family,3.0,69,159,False
shells3d,sin_family,3.0,70,44,False
shells3d,sin_family,3.0,71,89,False
shells3d,sin_family,3.0,72,86,False
shells3d,sin_family,3.0,73,70,False
shells3d,sin_family,3.0,74,73,False
shells3d,sin_family,3.0,75,82,False
shells3d,sin_family,3.0,76,96,False
shells3d,sin_family,3.0,77,66,False
shells3d,sin_family,3.0,78,94,False
shells3d,sin_family,3.0,79,91,False
shells3d,sin_family,3.0,80,92,False
shells3d,sin_family,3.0,81,114,False
shells3d,sin_family,3.0,82,98,False
shells3d,sin_family,3.0,83,66,False
shells3d,sin_family,3.0,84,19,False
shells3d,sin_family,3.0,85,79,False
shells3d,sin_family,3.0,86,13,False
shells3d,sin_family,3.0,87,116,False
shells3d,sin_family,3.0,88,83,False
shells3d,sin_family,3.0,89,93,False
shells3d,sin_family,3.0,90,23,False
shells3d,sin_family,3.0,91,95,False
shells3d,sin_family,3.0,92,120,False
shells3d,sin_family,3.0,93,77,False
shells3d,sin_family,3.0,94,99,False
shells3d,sin_family,3.0,95,81,False
shells3d,sin_family,3.0,96,114,False
shells3d,sin_family,3.0,97,72,False
shells3d,sin_family,3.0,98,93,False
shells3d,sin_family,3.0,99,69,False
shells3d,pwl_family,-0.05,0,171,False
shells3d,pwl_family,-0.05,1,191,False
shells3d,pwl_family,-0.05,2,79,False
shells3d,pwl_family,-0.05,3,112,False
shells3d,pwl_family,-0.05,4,124,False
shells3d,pwl_family,-0.05,5,105,False
shells3d,pwl_family,-0.05,6,98,False
shells3d,pwl_family,-0.05,7,288,False
shells3d,pwl_family,-0.05,8,107,False
shells3d,pwl_family,-0.05,9,74,False
shells3d,pwl_family,-0.05,10,209,False
shells3d,pwl_family,-0.05,11,120,False
shells3d,pwl_family,-0.05,12,139,False
shells3d,pwl_family,-0.05,13,189,False
shells3d,pwl_family,-0.05,14,80,False
shells3d,pwl_family,-0.05,15,90,False
shells3d,pwl_family,-0.05,16,76,False
shells3d,pwl_family,-0.05,17,273,False
shells3d,pwl_family,-0.05,18,156,False
shells3d,pwl_family,-0.05,19,102,False
shells3d,pwl_family,-0.05,20,145,False
shells3d,pwl_family,-0.05,21,66,False
shells3d,pwl_family,-0.05,22,115,False
shells3d,pwl_family,-0.05,23,214,False
shells3d,pwl_family,-0.05,24,154,False
shells3d,pwl_family,-0.05,25,173,False
shells3d,pwl_family,-0.05,26,156,False
shells3d,pwl_family,-0.05,27,172,False
shells3d,pwl_family,-0.05,28,153,False
shells3d,pwl_family,-0.05,29,122,False
shells3d,pwl_family,-0.05,30,102,False
shells3d,pwl_family,-0.05,31,148,False
shells3d,pwl_family,-0.05,32,82,False
shells3d,pwl_family,-0.05,33,136,False
shells3d,pwl_family,-0.05,34,132,False
shells3d,pwl_family,-0.05,35,213,False
shells3d,pwl_family,-0.05,36,94,False
shells3d,pwl_family,-0.05,37,128,False
shells3d,pwl_family,-0.05,38,170,False
shells3d,pwl_family,-0.05,39,81,False
shells3d,pwl_family,-0.05,40,258,False
shells3d,pwl_family,-0.05,41,74,False
shells3d,pwl_family,-0.05,42,161,False
shells3d,pwl_family,-0.05,43,160,False
shells3d,pwl_family,-0.05,44,191,False
shells3d,pwl_family,-0.05,45,118,False
shells3d,pwl_family,-0.05,46,147,False
shells3d,pwl_family,-0.05,47,100,False
shells3d,pwl_family,-0.05,48,78,False
shells3d,pwl_family,-0.05,49,227,False
shells3d,pwl_family,-0.05,50,131,False
shells3d,pwl_family,-0.05,51,94,False
shells3d,pwl_family,-0.05,52,92,False
shells3d,pwl_family,-0.05,53,188,False
shells3d,pwl_family,-0.05,54,133,False
shells3d,pwl_family,-0.05,55,107,False
shells3d,pwl_family,-0.05,56,250,False
shells3d,pwl_family,-0.05,57,246,False
shells3d,pwl_family,-0.05,58,124,False
shells3d,pwl_family,-0.05,59,129,False
shells3d,pwl_family,-0.05,60,129,False
shells3d,pwl_family,-0.05,61,93,False
shells3d,pwl_family,-0.05,62,122,False
shells3d,pwl_family,-0.05,63,201,False
shells3d,pwl_family,-0.05,64,178,False
shells3d,pwl_family,-0.05,65,157,False
shells3d,pwl_family,-0.05,66,85,False
shells3d,pwl_family,-0.05,67,127,False
shells3d,pwl_family,-0.05,68,110,False
shells3d,pwl_family,-0.05,69,122,False
shells3d,pwl_family,-0.05,70,109,False
shells3d,pwl_family,-0.05,71,86,False
shells3d,pwl_family,-0.05,72,142,False
shells3d,pwl_family,-0.05,73,99,False
shells3d,pwl_family,-0.05,74,159,False
shells3d,pwl_family,-0.05,75,58,False
shells3d,pwl_family,-0.05,76,124,False
shells3d,pwl_family,-0.05,77,99,False
shells3d,pwl_family,-0.05,78,158,False
shells3d,pwl_family,-0.05,79,101,False
shells3d,pwl_family,-0.05,80,135,False
shells3d,pwl_family,-0.05,81,86,False
shells3d,pwl_family,-0.05,82,125,False
shells3d,pwl_family,-0.05,83,111,False
shells3d,pwl_family,-0.05,84,96,False
shells3d,pwl_family,-0.05,85,196,False
shells3d,pwl_family,-0.05,86,159,False
shells3d,pwl_family,-0.05,87,86,False
shells3d,pwl_family,-0.05,88,132,False
shells3d,pwl_family,-0.05,89,72,False
shells3d,pwl_family,-0.05,90,210,False
shells3d,pwl_family,-0.05,91,139,False
shells3d,pwl_family,-0.05,92,228,False
shells3d,pwl_family,-0.05,93,178,False
shells3d,pwl_family,-0.05,94,90,False
shells3d,pwl_family,-0.05,95,217,False
shells3d,pwl_family,-0.05,96,116,False
shells3d,pwl_family,-0.05,97,256,False
shells3d,pwl_family,-0.05,98,217,False
shells3d,pwl_family,-0.05,99,84,False
shells3d,pwl_family,-0.25,0,62,False
shells3d,pwl_family,-0.25,1,213,False
shells3d,pwl_family,-0.25,2,119,False
shells3d,pwl_family,-0.25,3,151,False
shells3d,pwl_family,-0.25,4,75,False
shells3d,pwl_family,-0.25,5,79,False
shells3d,pwl_family,-0.25,6,111,False
shells3d,pwl_family,-0.25,7,104,False
shells3d,pwl_family,-0.25,8,126,False
shells3d,pwl_family,-0.25,9,80,False
shells3d,pwl_family,-0.25,10,226,False
shells3d,pwl_family,-0.25,11,179,False
shells3d,pwl_family,-0.25,12,83,False
shells3d,pwl_family,-0.25,13,115,False
shells3d,pwl_family,-0.25,14,100,False
shells3d,pwl_family,-0.25,15,185,False
shells3d,pwl_family,-0.25,16,86,False
shells3d,pwl_family,-0.25,17,217,False
shells3d,pwl_family,-0.25,18,195,False
shells3d,pwl_family,-0.25,19,48,False
shells3d,pwl_family,-0.25,20,106,False
shells3d,pwl_family,-0.25,21,126,False
shells3d,pwl_family,-0.25,22,185,False
shells3d,pwl_family,-0.25,23,206,False
shells3d,pwl_family,-0.25,24,97,False
shells3d,pwl_family,-0.25,25,99,False
shells3d,pwl_family,-0.25,26,106,False
shells3d,pwl_family,-0.25,27,169,False
shells3d,pwl_family,-0.25,28,116,False
shells3d,pwl_family,-0.25,29,100,False
shells3d,pwl_family,-0.25,30,95,False
shells3d,pwl_family,-0.25,31,126,False
shells3d,pwl_family,-0.25,32,77,False
shells3d,pwl_family,-0.25,33,107,False
shells3d,pwl_family,-0.25,34,121,False
shells3d,pwl_family,-0.25,35,97,False
shells3d,pwl_family,-0.25,36,137,False
shells3d,pwl_family,-0.25,37,51,False
shells3d,pwl_family,-0.25,38,105,False
shells3d,pwl_family,-0.25,39,94,False
shells3d,pwl_family,-0.25,40,92,False
shells3d,pwl_family,-0.25,41,132,False
shells3d,pwl_family,-0.25,42,85,False
shells3d,pwl_family,-0.25,43,88,False
shells3d,pwl_family,-0.25,44,93,False
shells3d,pwl_family,-0.25,45,109,False
shells3d,pwl_family,-0.25,46,206,False
shells3d,pwl_family,-0.25,47,93,False
shells3d,pwl_family,-0.25,48,69,False
shells3d,pwl_family,-0.25,49,86,False
shells3d,pwl_family,-0.25,50,111,False
shells3d,pwl_family,-0.25,51,90,False
shells3d,pwl_family,-0.25,52,124,False
shells3d,pwl_family,-0.25,53,231,False
shells3d,pwl_family,-0.25,54,98,False
shells3d,pwl_family,-0.25,55,263,False
shells3d,pwl_family,-0.25,56,136,False
shells3d,pwl_family,-0.25,57,114,False
shells3d,pwl_family,-0.25,58,126,False
shells3d,pwl_family,-0.25,59,85,False
shells3d,pwl_family,-0.25,60,122,False
shells3d,pwl_family,-0.25,61,110,False
shells3d,pwl_family,-0.25,62,91,False
shells3d,pwl_family,-0.25,63,102,False
shells3d,pwl_family,-0.25,64,68,False
shells3d,pwl_family,-0.25,65,101,False
shells3d,pwl_family,-0.25,66,181,False
shells3d,pwl_family,-0.25,67,167,False
shells3d,pwl_family,-0.25,68,93,False
shells3d,pwl_family,-0.25,69,152,False
shells3d,pwl_family,-0.25,70,96,False
shells3d,pwl_family,-0.25,71,83,False
shells3d,pwl_family,-0.25,72,152,False
shells3d,pwl_family,-0.25,73,121,False
shells3d,pwl_family,-0.25,74,131,False
shells3d,pwl_family,-0.25,75,38,False
shells3d,pwl_family,-0.25,76,94,False
shells3d,pwl_family,-0.25,77,92,False
shells3d,pwl_family,-0.25,78,101,False
shells3d,pwl_family,-0.25,79,107,False
shells3d,pwl_family,-0.25,80,82,False
shells3d,pwl_family,-0.25,81,79,False
shells3d,pwl_family,-0.25,82,99,False
shells3d,pwl_family,-0.25,83,163,False
shells3d,pwl_family,-0.25,84,103,False
shells3d,pwl_family,-0.25,85,57,False
shells3d,pwl_family,-0.25,86,110,False
shells3d,pwl_family,-0.25,87,91,False
shells3d,pwl_family,-0.25,88,208,False
shells3d,pwl_family,-0.25,89,104,False
shells3d,pwl_family,-0.25,90,47,False
shells3d,pwl_family,-0.25,91,104,False
shells3d,pwl_family,-0.25,92,71,False
shells3d,pwl_family,-0.25,93,84,False
shells3d,pwl_family,-0.25,94,106,False
shells3d,pwl_family,-0.25,95,97,False
shells3d,pwl_family,-0.25,96,90,False
shells3d,pwl_family,-0.25,97,215,False
shells3d,pwl_family,-0.25,98,103,False
shells3d,pwl_family,-0.25,99,52,False
shells3d,tanh,,0,161,False
shells3d,tanh,,1,85,False
shells3d,tanh,,2,75,False
shells3d,tanh,,3,96,False
shells3d,tanh,,4,83,False
shells3d,tanh,,5,103,False
shells3d,tanh,,6,103,False
shells3d,tanh,,7,88,False
shells3d,tanh,,8,84,False
shells3d,tanh,,9,88,False
shells3d,tanh,,10,122,False
shells3d,tanh,,11,115,False
shells3d,tanh,,12,143,False
shells3d,tanh,,13,87,False
shells3d,tanh,,14,143,False
shells3d,tanh,,15,96,False
shells3d,tanh,,16,198,False
shells3d,tanh,,17,100,False
shells3d,tanh,,18,115,False
shells3d,tanh,,19,123,False
shells3d,tanh,,20,90,False
shells3d,tanh,,21,135,False
shells3d,tanh,,22,129,False
shells3d,tanh,,23,238,False
shells3d,tanh,,24,92,False
shells3d,tanh,,25,136,False
shells3d,tanh,,26,61,False
shells3d,tanh,,27,83,False
shells3d,tanh,,28,118,False
shells3d,tanh,,29,79,False
shells3d,tanh,,30,183,False
shells3d,tanh,,31,84,False
shells3d,tanh,,32,70,False
shells3d,tanh,,33,136,False
shells3d,tanh,,34,88,False
shells3d,tanh,,35,102,False
shells3d,tanh,,36,70,False
shells3d,tanh,,37,72,False
shells3d,tanh,,38,75,False
shells3d,tanh,,39,145,False
shells3d,tanh,,40,73,False
shells3d,tanh,,41,97,False
shells3d,tanh,,42,126,False
shells3d,tanh,,43,76,False
shells3d,tanh,,44,120,False
shells3d,tanh,,45,163,False
shells3d,tanh,,46,156,False
shells3d,tanh,,47,128,False
shells3d,tanh,,48,122,False
shells3d,tanh,,49,66,False
shells3d,tanh,,50,95,False
shells3d,tanh,,51,127,False
shells3d,tanh,,52,124,False
shells3d,tanh,,53,67,False
shells3d,tanh,,54,67,False
shells3d,tanh,,55,87,False
shells3d,tanh,,56,97,False
shells3d,tanh,,57,92,False
shells3d,tanh,,58,173,False
shells3d,tanh,,59,62,False
shells3d,tanh,,60,97,False
shells3d,tanh,,61,77,False
shells3d,tanh,,62,109,False
shells3d,tanh,,63,95,False
shells3d,tanh,,64,71,False
shells3d,tanh,,65,109,False
shells3d,tanh,,66,124,False
shells3d,tanh,,67,130,False
shells3d,tanh,,68,123,False
shells3d,tanh,,69,80,False
shells3d,tanh,,70,223,False
shells3d,tanh,,71,109,False
shells3d,tanh,,72,89,False
shells3d,tanh,,73,79,False
shells3d,tanh,,74,141,False
shells3d,tanh,,75,85,False
shells3d,tanh,,76,83,False
shells3d,tanh,,77,135,False
shells3d,tanh,,78,120,False
shells3d,tanh,,79,111,False
shells3d,tanh,,80,69,False
shells3d,tanh,,81,109,False
shells3d,tanh,,82,92,False
shells3d,tanh,,83,87,False
shells3d,tanh,,84,82,False
shells3d,tanh,,85,78,False
shells3d,tanh,,86,158,False
shells3d,tanh,,87,150,False
shells3d,tanh,,88,174,False
shells3d,tanh,,89,94,False
shells3d,tanh,,90,155,False
shells3d,tanh,,91,83,False
shells3d,tanh,,92,70,False
shells3d,tanh,,93,135,False
shells3d,tanh,,94,126,False
shells3d,tanh,,95,132,False
shells3d,tanh,,96,164,False
shells3d,tanh,,97,75,False
shells3d,tanh,,98,73,False
shells3d,tanh,,99,75,False
shells3d,relu,,0,300,False
shells3d,relu,,1,300,False
shells3d,relu,,2,95,False
shells3d,relu,,3,300,False
shells3d,relu,,4,72,False
shells3d,relu,,5,131,False
shells3d,relu,,6,99,False
shells3d,relu,,7,300,False
shells3d,relu,,8,300,False
shells3d,relu,,9,124,False
shells3d,relu,,10,300,False
shells3d,relu,,11,300,False
shells3d,relu,,12,300,False
shells3d,relu,,13,170,False
shells3d,relu,,14,108,False
shells3d,relu,,15,226,False
shells3d,relu,,16,121,False
shells3d,relu,,17,300,False
shells3d,relu,,18,271,False
shells3d,relu,,19,194,False
shells3d,relu,,20,300,False
shells3d,relu,,21,300,False
shells3d,relu,,22,135,False
shells3d,relu,,23,300,False
shells3d,relu,,24,187,False
shells3d,relu,,25,300,False
shells3d,relu,,26,175,False
shells3d,relu,,27,139,False
shells3d,relu,,28,190,False
shells3d,relu,,29,179,False
shells3d,relu,,30,119,False
shells3d,relu,,31,139,False
shells3d,relu,,32,300,False
shells3d,relu,,33,300,False
shells3d,relu,,34,300,False
shells3d,relu,,35,237,False
shells3d,relu,,36,273,False
shells3d,relu,,37,128,False
shells3d,relu,,38,300,False
shells3d,relu,,39,300,False
shells3d,relu,,40,300,False
shells3d,relu,,41,91,False
shells3d,relu,,42,177,False
shells3d,relu,,43,169,False
shells3d,relu,,44,300,False
shells3d,relu,,45,249,False
shells3d,relu,,46,228,False
shells3d,relu,,47,300,False
shells3d,relu,,48,105,False
shells3d,relu,,49,300,False
shells3d,relu,,50,82,False
shells3d,relu,,51,165,False
shells3d,relu,,52,83,False
shells3d,relu,,53,241,False
shells3d,relu,,54,241,False
shells3d,relu,,55,300,False
shells3d,relu,,56,300,False
shells3d,relu,,57,79,False
shells3d,relu,,58,186,False
shells3d,relu,,59,205,False
shells3d,relu,,60,300,False
shells3d,relu,,61,217,False
shells3d,relu,,62,174,False
shells3d,relu,,63,254,False
shells3d,relu,,64,95,False
shells3d,relu,,65,190,False
shells3d,relu,,66,252,False
shells3d,relu,,67,147,False
shells3d,relu,,68,146,False
shells3d,relu,,69,136,False
shells3d,relu,,70,166,False
shells3d,relu,,71,300,False
shells3d,relu,,72,174,False
shells3d,relu,,73,165,False
shells3d,relu,,74,225,False
shells3d,relu,,75,162,False
shells3d,relu,,76,300,False
shells3d,relu,,77,155,False
shells3d,relu,,78,167,False
shells3d,relu,,79,119,False
shells3d,relu,,80,240,False
shells3d,relu,,81,205,False
shells3d,relu,,82,191,False
shells3d,relu,,83,300,False
shells3d,relu,,84,150,False
shells3d,relu,,85,226,False
shells3d,relu,,86,215,False
shells3d,relu,,87,202,False
shells3d,relu,,88,186,False
shells3d,relu,,89,212,False
shells3d,relu,,90,300,False
shells3d,relu,,91,219,False
shells3d,relu,,92,300,False
shells3d,relu,,93,119,False
shells3d,relu,,94,192,False
shells3d,relu,,95,307,False
shells3d,relu,,96,300,False
shells3d,relu,,97,240,False
shells3d,relu,,98,105,False
shells3d,relu,,99,90,False
shells3d,gelu,,0,85,False
shells3d,gelu,,1,75,False
shells3d,gelu,,2,77,False
shells3d,gelu,,3,64,False
shells3d,gelu,,4,5,False
shells3d,gelu,,5,80,False
shells3d,gelu,,6,26,False
shells3d,gelu,,7,81,False
shells3d,gelu,,8,96,False
shells3d,gelu,,9,126,False
shells3d,gelu,,10,46,False
shells3d,gelu,,11,4,False
shells3d,gelu,,12,89,False
shells3d,gelu,,13,78,False
shells3d,gelu,,14,60,False
shells3d,gelu,,15,84,False
shells3d,gelu,,16,87,False
shells3d,gelu,,17,91,False
shells3d,gelu,,18,92,False
shells3d,gelu,,19,109,False
shells3d,gelu,,20,86,False
shells3d,gelu,,21,92,False
shells3d,gelu,,22,92,False
shells3d,gelu,,23,91,False
shells3d,gelu,,24,68,False
shells3d,gelu,,25,98,False
shells3d,gelu,,26,93,False
shells3d,gelu,,27,64,False
shells3d,gelu,,28,94,False
shells3d,gelu,,29,6,False
shells3d,gelu,,30,66,False
shells3d,gelu,,31,0,False
shells3d,gelu,,32,10,False
shells3d,gelu,,33,94,False
shells3d,gelu,,34,78,False
shells3d,gelu,,35,52,False
shells3d,gelu,,36,99,False
shells3d,gelu,,37,4,False
shells3d,gelu,,38,65,False
shells3d,gelu,,39,6,False
shells3d,gelu,,40,73,False
shells3d,gelu,,41,93,False
shells3d,gelu,,42,91,False
shells3d,gelu,,43,74,False
shells3d,gelu,,44,136,False
shells3d,gelu,,45,63,False
shells3d,gelu,,46,87,False
shells3d,gelu,,47,127,False
shells3d,gelu,,48,94,False
shells3d,gelu,,49,78,False
shells3d,gelu,,50,63,False
shells3d,gelu,,51,19,False
shells3d,gelu,,52,102,False
shells3d,gelu,,53,69,False
shells3d,gelu,,54,80,False
shells3d,gelu,,55,18,False
shells3d,gelu,,56,90,False
shells3d,gelu,,57,99,False
shells3d,gelu,,58,44,False
shells3d,gelu,,59,77,False
shells3d,gelu,,60,106,False
shells3d,gelu,,61,62,False
shells3d,gelu,,62,52,False
shells3d,gelu,,63,84,False
shells3d,gelu,,64,78,False
shells3d,gelu,,65,96,False
shells3d,gelu,,66,71,False
shells3d,gelu,,67,78,False
shells3d,gelu,,68,95,False
shells3d,gelu,,69,52,False
shells3d,gelu,,70,98,False
shells3d,gelu,,71,75,False
shells3d,gelu,,72,78,False
shells3d,gelu,,73,93,False
shells3d,gelu,,74,107,False
shells3d,gelu,,75,76,False
shells3d,gelu,,76,58,False
shells3d,gelu,,77,77,False
shells3d,gelu,,78,79,False
shells3d,gelu,,79,80,False
shells3d,gelu,,80,68,False
shells3d,gelu,,81,72,False
shells3d,gelu,,82,89,False
shells3d,gelu,,83,92,False
shells3d,gelu,,84,19,False
shells3d,gelu,,85,96,False
shells3d,gelu,,86,102,False
shells3d,gelu,,87,83,False
shells3d,gelu,,88,60,False
shells3d,gelu,,89,46,False
shells3d,gelu,,90,98,False
shells3d,gelu,,91,68,False
shells3d,gelu,,92,56,False
shells3d,gelu,,93,93,False
shells3d,gelu,,94,39,False
shells3d,gelu,,95,75,False
shells3d,gelu,,96,1,False
shells3d,gelu,,97,22,False
shells3d,gelu,,98,47,False
shells3d,gelu,,99,64,False
