arm,seed,data_seed,eval_errors,dense_errors,separated,init_spec_product,final_spec_product,final_norms
standard,0,0,0,0.0,True,0.1878932736215219,2614.537459807283,"[2.7211, 4.1727, 3.0594, 4.0002, 5.0995, 3.6896]"
standard,1,1,0,0.0,True,0.21004678963872436,2476.77309164074,"[2.0365, 3.743, 4.5595, 4.1622, 4.3883, 3.9016]"
standard,2,2,96,,False,0.16757524861581463,3971.347501260256,"[2.6083, 3.911, 3.7162, 4.0185, 6.3776, 4.0877]"
standard,3,3,69,,False,0.2784126031337563,1896.4634277541538,"[1.9712, 4.4256, 3.1974, 2.9292, 4.0953, 5.6679]"
standard,4,4,94,,False,0.6370089472055939,154.2936989940665,"[1.9667, 2.4006, 2.5141, 2.1614, 2.4774, 2.4276]"
standard,5,5,77,,False,0.5537292856348373,12729.037758547316,"[6.9141, 3.1035, 2.527, 3.1675, 9.7439, 7.6059]"
standard,6,6,74,,False,0.09374602892424977,513.4735506402518,"[2.5473, 3.3164, 3.1297, 2.8001, 2.7387, 2.5325]"
standard,7,7,94,,False,0.1383926949419566,1192.1755893513148,"[2.6112, 3.0382, 4.299, 2.5191, 3.3844, 4.1002]"
standard,8,8,68,,False,0.350370360546409,4588.72661980834,"[2.5324, 4.8835, 5.5839, 4.2933, 4.5391, 3.4098]"
standard,9,9,75,,False,0.13647564268803386,152.7220091036945,"[1.8351, 1.9765, 2.684, 2.3618, 2.1142, 3.1418]"
standard,10,10,77,,False,0.3261633905989334,1475.3639395449356,"[1.7368, 3.3419, 4.2896, 3.245, 3.1808, 5.7412]"
standard,11,11,70,,False,0.1481556086054877,4389.264352902369,"[1.9965, 5.358, 3.9426, 4.3906, 5.0362, 4.7066]"
standard,12,12,60,,False,0.1439195821431427,649.942106465373,"[1.7639, 4.4692, 2.4905, 3.1435, 3.4592, 3.0444]"
standard,13,13,95,,False,0.38033364903315126,708.1671898172503,"[1.9448, 4.039, 3.4169, 2.9878, 2.9096, 3.0351]"
standard,14,14,67,,False,0.3753520566977644,840.692292559418,"[1.7533, 3.8395, 2.8067, 3.1115, 3.6299, 3.9394]"
standard,15,15,69,,False,0.2089018467648036,4378.898090226444,"[1.9266, 6.5907, 4.4491, 4.3197, 5.0529, 3.5513]"
standard,16,16,64,,False,0.5502850254632425,868.9530192466553,"[1.917, 3.7191, 2.7585, 3.2882, 3.6287, 3.703]"
standard,17,17,83,,False,0.28157639212235736,16171.890873347471,"[3.3229, 4.1426, 5.2401, 8.284, 5.1698, 5.2351]"
standard,18,18,89,,False,0.12601065568892544,2349.724427357334,"[2.806, 4.3139, 3.119, 3.5983, 4.6756, 3.699]"
standard,19,19,67,,False,0.29255274535171016,2256.529097996733,"[1.8601, 4.2284, 3.6197, 3.9298, 5.1492, 3.917]"
standard,20,20,77,,False,0.18387331602861898,4292.866321057468,"[3.8996, 4.5169, 4.4415, 3.9281, 3.5631, 3.9204]"
standard,21,21,71,,False,0.2572089244241473,335.71990427347663,"[2.5839, 2.8126, 2.5943, 2.5957, 2.6496, 2.589]"
standard,22,22,85,,False,0.23600336018251306,323.60086190492046,"[3.0067, 2.1549, 2.0839, 2.613, 3.0375, 3.0197]"
standard,23,23,62,,False,0.18255133005681604,4059.159094691375,"[1.9012, 5.9999, 4.3973, 4.2165, 5.7541, 3.3353]"
standard,24,24,0,0.0,True,0.23328556422437077,1062.0520722210179,"[2.2336, 3.0395, 3.1487, 3.8469, 3.8012, 3.3978]"
standard,25,25,63,,False,0.37470877358276017,695.3059427620526,"[2.2755, 2.8861, 2.6242, 3.0735, 2.7085, 4.8463]"
standard,26,26,0,2.0,False,0.19644678366342525,3127.3127251330475,"[2.3325, 4.1021, 4.375, 3.2551, 5.6934, 4.0311]"
standard,27,27,69,,False,0.09122739120513436,1839.2037099808979,"[2.8043, 2.8759, 4.0323, 2.6818, 3.7548, 5.6166]"
standard,28,28,80,,False,0.24012579784353422,4614.447277826605,"[2.2246, 5.1172, 4.1443, 4.0178, 4.7206, 5.1571]"
standard,29,29,69,,False,0.3028852551981155,617.2030061548838,"[2.0637, 3.2349, 3.1073, 3.1592, 3.4164, 2.7568]"
standard,30,30,72,,False,0.28629192522032687,480.4118392292818,"[1.9752, 2.3992, 2.7834, 3.0542, 3.0834, 3.8676]"
standard,31,31,88,,False,0.10027551267130867,208.49627199343985,"[2.1979, 3.1787, 2.6045, 2.0977, 2.8275, 1.9318]"
standard,32,32,0,0.0,True,0.4296188064671858,1380.5672938208388,"[1.9306, 2.6941, 3.6567, 5.9292, 3.0637, 3.9959]"
standard,33,33,88,,False,0.28051390853060504,473.41892851528826,"[2.3206, 2.7596, 4.3549, 2.3813, 2.484, 2.8699]"
standard,34,34,0,0.0,True,0.14658186912641788,3166.358515778012,"[2.0578, 2.8017, 3.1349, 2.6727, 9.503, 6.8976]"
standard,35,35,77,,False,0.44054111986192546,239.33134066743378,"[1.9706, 2.0812, 2.039, 2.4665, 1.9024, 6.0995]"
standard,36,36,69,,False,0.2875608812018333,3560.2274739043946,"[3.248, 3.1563, 4.5133, 4.3869, 3.6257, 4.8377]"
standard,37,37,73,,False,0.22948080980543328,439.42235475261947,"[2.2007, 2.8354, 2.9417, 2.7892, 2.979, 2.881]"
standard,38,38,87,,False,0.34281619545930125,234.16972006883415,"[1.6188, 2.8599, 2.6531, 2.5449, 2.4774, 3.0239]"
standard,39,39,12,,False,0.2601687568220176,51351.495039895046,"[5.8449, 6.2376, 4.6906, 5.109, 6.7415, 8.7184]"
standard,40,40,64,,False,0.24765598135705144,1950.903604764396,"[2.0858, 3.2102, 4.0499, 4.743, 3.7964, 3.9954]"
standard,41,41,61,,False,0.36114640541624393,3991.9831899489022,"[3.0654, 5.1085, 4.1074, 3.5022, 3.9863, 4.4455]"
standard,42,42,79,,False,0.17722645782987315,177.73848722847325,"[2.0347, 2.5406, 2.7152, 2.2351, 2.7764, 2.0407]"
standard,43,43,81,,False,0.23045177796450295,2367.26592844281,"[3.8173, 3.4292, 3.7601, 6.3916, 3.0862, 2.4381]"
standard,44,44,90,,False,0.23537317236964417,441.6848942480971,"[2.6639, 1.977, 3.6314, 2.0749, 2.6175, 4.252]"
standard,45,45,73,,False,0.26383716230402937,18414.066330571513,"[4.2515, 5.9587, 3.0538, 4.0048, 3.2863, 18.0855]"
standard,46,46,63,,False,0.28302559580866027,4234.446019869375,"[1.7865, 5.173, 4.0769, 3.7162, 6.8797, 4.3959]"
standard,47,47,76,,False,0.17034419887486982,1821.7204503562446,"[2.5601, 2.7871, 4.5731, 3.4424, 4.591, 3.5325]"
standard,48,48,66,,False,0.10456488039083571,11499.893966768788,"[3.0075, 4.2707, 5.7632, 6.0411, 5.1128, 5.0298]"
standard,49,49,72,,False,0.2485597973647844,1826.6967997092152,"[2.7414, 3.5644, 3.9513, 3.0609, 3.7127, 4.1631]"
standard,50,50,77,,False,0.21715605713664377,31862.346714892545,"[4.2225, 4.6844, 4.9155, 4.4612, 9.3842, 7.8278]"
standard,51,51,82,,False,0.27727833769253474,8105.131858574955,"[1.9641, 6.3801, 4.2385, 4.6239, 5.9294, 5.5658]"
standard,52,52,84,,False,0.36500776244243827,8567.31299553374,"[1.8946, 6.2079, 5.1364, 4.2731, 6.3743, 5.2066]"
standard,53,53,88,,False,0.3291818508214851,426.1926275829099,"[2.0238, 2.4055, 2.5455, 2.5084, 2.0886, 6.5644]"
standard,54,54,18,,False,0.46035005629235254,14557.05955449894,"[5.6357, 5.076, 4.3725, 4.9532, 5.1582, 4.5551]"
standard,55,55,56,,False,0.3516862265393812,4082.7805796050616,"[1.8989, 6.6104, 3.961, 3.7328, 5.3848, 4.0853]"
standard,56,56,75,,False,0.07651675786795528,221.02666058099592,"[2.6129, 2.4661, 2.6466, 2.1285, 2.3932, 2.5443]"
standard,57,57,0,0.0,True,0.3242862351978873,1796.3399855846124,"[1.6055, 2.3429, 4.6427, 5.5825, 4.5383, 4.06]"
standard,58,58,68,,False,0.4730177496591878,4816.773002750219,"[3.4442, 6.0485, 3.0905, 4.122, 4.325, 4.1965]"
standard,59,59,81,,False,0.44467736343802394,10035.685839342714,"[4.5603, 6.0876, 4.1627, 3.9341, 6.2952, 3.5065]"
standard,60,60,62,,False,0.4073700982989777,478.3613727796602,"[3.2242, 2.2772, 3.7004, 2.9687, 2.4175, 2.4532]"
standard,61,61,79,,False,0.3431099224598911,18001.00983015717,"[3.6285, 3.4699, 4.7868, 5.1003, 5.664, 10.3393]"
standard,62,62,89,,False,0.20648404505596737,479.4998635840275,"[2.2624, 2.3145, 2.5642, 2.1373, 3.3597, 4.9732]"
standard,63,63,96,,False,0.1306512211378083,349.47304449055287,"[1.8991, 2.5671, 2.2798, 2.4432, 2.3474, 5.4822]"
standard,64,64,80,,False,0.37987841062176564,448.5403500365191,"[2.3483, 2.2395, 2.3469, 3.0057, 3.3309, 3.6299]"
standard,65,65,79,,False,0.45959592840880387,5429.186892918965,"[2.8347, 4.0902, 8.5041, 5.8287, 2.6303, 3.5915]"
standard,66,66,80,,False,0.29992860913142616,1949.0042401974438,"[2.3252, 4.7615, 3.0672, 3.6227, 4.1533, 3.8146]"
standard,67,67,74,,False,0.1815812861410233,353.79325789661897,"[2.1033, 1.559, 3.6685, 2.9795, 2.9568, 3.3384]"
standard,68,68,21,,False,0.2697488953209055,14050.94234745664,"[2.4309, 4.0639, 6.5905, 4.3494, 7.0618, 7.0265]"
standard,69,69,71,,False,0.38790507676431113,12068.249401406112,"[3.9521, 4.5123, 3.663, 4.828, 5.4725, 6.9923]"
standard,70,70,89,,False,0.2177186854503104,634.7303370887171,"[2.1418, 2.5931, 2.565, 2.9382, 3.0049, 5.0464]"
standard,71,71,70,,False,0.3365694365663734,13181.805714307726,"[3.9598, 4.6286, 4.0641, 5.1579, 5.3329, 6.4335]"
standard,72,72,72,,False,0.11185014095746701,24176.321022868444,"[4.882, 5.2356, 4.2214, 3.5076, 5.7963, 11.0208]"
standard,73,73,65,,False,0.3040488407878984,151149.52335378193,"[6.3501, 4.2435, 6.9022, 6.9333, 6.1985, 18.9101]"
standard,74,74,80,,False,0.11508881267782589,181.59506846565637,"[1.943, 2.5833, 2.7403, 2.5763, 2.2429, 2.2848]"
standard,75,75,78,,False,0.19590238976700045,4455.434969136724,"[2.4859, 4.5805, 3.8102, 4.4796, 5.5045, 4.1648]"
standard,76,76,92,,False,0.27241664538538873,1215.826136071411,"[2.3831, 6.4766, 3.211, 2.7892, 3.2243, 2.7278]"
standard,77,77,98,,False,0.14436784985342593,468.70185220944154,"[2.7015, 2.1456, 2.8428, 2.3862, 3.4299, 3.4753]"
standard,78,78,68,,False,0.35324529416008493,1394.7957366060075,"[1.7967, 3.4346, 3.5486, 4.7388, 4.3397, 3.0973]"
standard,79,79,0,0.0,True,0.24830517337436858,5491.2705998807105,"[3.1349, 3.2552, 5.5516, 5.3066, 4.1991, 4.3499]"
standard,80,80,108,,False,0.43930819622527306,221.33201778258424,"[1.8758, 1.9492, 2.1717, 2.3911, 2.3098, 5.0467]"
standard,81,81,73,,False,0.5046196672826765,15031.824028195437,"[3.3261, 3.7437, 3.1737, 7.937, 8.7966, 5.4478]"
standard,82,82,97,,False,0.3837622277610051,226.97810537627674,"[2.0236, 2.1882, 2.6994, 1.7424, 1.8229, 5.9784]"
standard,83,83,0,0.0,True,0.34316781906987154,6536.751070319496,"[1.6248, 4.5514, 3.8218, 6.2546, 6.8536, 5.3955]"
standard,84,84,69,,False,0.14191552742197236,48227.32394738214,"[10.5652, 6.5958, 5.1478, 4.9385, 5.6343, 4.8317]"
standard,85,85,61,,False,0.4019341245987734,2892.6276039583336,"[3.2015, 4.2496, 2.9714, 4.92, 4.0131, 3.6239]"
standard,86,86,60,,False,0.33597097446450014,616.6385225283109,"[1.9449, 2.9398, 2.2566, 2.8653, 2.7624, 6.0381]"
standard,87,87,85,,False,0.4635002109601081,2975.4787810960065,"[2.1127, 2.8287, 3.9935, 4.4102, 6.0052, 4.7077]"
standard,88,88,97,,False,0.4133566411282314,422.8775630952753,"[2.1705, 2.4906, 1.9504, 2.7349, 2.7299, 5.372]"
standard,89,89,62,,False,0.16288477868688414,1678.817809900964,"[1.5214, 2.5076, 2.4299, 8.2157, 4.7979, 4.5944]"
standard,90,90,66,,False,0.08569174908516129,1015.4619419697692,"[1.9101, 4.0221, 3.3906, 2.953, 3.5647, 3.7033]"
standard,91,91,95,,False,0.4175858416583185,444.20772077584553,"[2.4496, 2.1515, 2.8313, 2.631, 3.1888, 3.5482]"
standard,92,92,81,,False,0.3134736084078094,2925.634650986971,"[1.9932, 4.8195, 4.2519, 4.0359, 7.2731, 2.4402]"
standard,93,93,89,,False,0.06589633458987643,257.59248179161136,"[2.3077, 2.1487, 2.1631, 2.0051, 2.9753, 4.0257]"
standard,94,94,81,,False,0.44737134007997426,315.69144454154434,"[2.069, 2.6487, 3.0922, 2.0857, 2.849, 3.1351]"
standard,95,95,62,,False,0.1100126448070297,630.6905325729705,"[1.8687, 2.9031, 2.9583, 2.3628, 2.8811, 5.7727]"
standard,96,96,91,,False,0.12287758350044285,380.566832752027,"[2.5547, 2.6626, 2.1992, 2.2365, 3.0654, 3.7109]"
standard,97,97,71,,False,0.32391606093704245,1720.7568976613873,"[4.9962, 3.3698, 3.3761, 2.8524, 2.9333, 3.6182]"
standard,98,98,70,,False,0.23811593157921143,648.8000245403828,"[2.3933, 2.7628, 2.6007, 3.0176, 2.7761, 4.5037]"
standard,99,99,57,,False,0.29909206179062603,13361.799944438388,"[3.6585, 3.4761, 3.9015, 4.0926, 6.0365, 10.9007]"
standard,100,100,90,,False,0.21236180510348351,581.2066517086885,"[1.761, 2.3715, 4.588, 2.6306, 2.1158, 5.45]"
standard,101,101,72,,False,0.1286160159445344,5125.520638152138,"[2.4672, 5.7262, 4.3906, 2.7103, 5.0281, 6.0635]"
standard,102,102,65,,False,0.20887461695738832,853.8395341497873,"[1.7542, 5.3164, 3.5554, 3.1611, 2.8741, 2.8343]"
standard,103,103,54,,False,0.2323633278983117,11077.602149306895,"[4.1132, 3.3999, 3.4665, 7.544, 5.9472, 5.0932]"
standard,104,104,83,,False,0.4606277692489044,28710.969131191327,"[3.7118, 5.1688, 3.544, 4.4088, 5.6377, 16.9885]"
standard,105,105,77,,False,0.1485312646644784,3583.2244924138263,"[2.206, 6.4779, 3.7096, 4.0256, 4.9721, 3.377]"
standard,106,106,69,,False,0.6689863017753165,737.4294610492109,"[1.9263, 3.2481, 2.9122, 3.4373, 3.5202, 3.3446]"
standard,107,107,66,,False,0.27851343148185126,12352.24095650734,"[3.1785, 2.8383, 4.9673, 6.9589, 3.6925, 10.7271]"
standard,108,108,83,,False,0.1099392912057771,4289.267594732901,"[2.535, 3.9041, 3.4681, 5.1401, 4.6903, 5.1834]"
standard,109,109,98,,False,0.22519548199854952,267.68434905462556,"[2.465, 3.0842, 2.4471, 2.9547, 2.3566, 2.0664]"
standard,110,110,97,,False,0.21796070058122027,2444.8273892158977,"[2.7107, 2.8219, 5.7059, 4.6987, 2.1996, 5.4198]"
standard,111,111,86,,False,0.17326389066957787,1119.9947900426628,"[1.6417, 4.7876, 4.0848, 3.4581, 3.2546, 3.0996]"
standard,112,112,67,,False,0.3272954596698197,2862.4100589252253,"[2.9698, 3.2573, 4.1722, 5.0013, 4.474, 3.1695]"
standard,113,113,69,,False,0.33397715965729946,13710.546479366407,"[2.9626, 4.6016, 5.7796, 6.4255, 6.3316, 4.2772]"
standard,114,114,0,0.0,True,0.4346978871166742,5978.988302547005,"[2.8208, 4.003, 6.0741, 3.1488, 3.7031, 7.4762]"
standard,115,115,0,0.0,True,0.18741838393322932,750.9189234826276,"[1.9139, 2.734, 3.4665, 2.7097, 3.116, 4.9032]"
standard,116,116,62,,False,0.45478832267099095,410.1242010603789,"[2.8161, 2.6874, 3.3836, 2.7131, 2.2445, 2.63]"
standard,117,117,66,,False,0.2648636188460027,622.3497825516547,"[1.796, 4.0442, 3.5163, 3.6399, 2.9575, 2.2635]"
standard,118,118,53,,False,0.16444597138530648,954.9239351959754,"[3.7595, 3.3701, 2.9719, 3.3415, 3.0111, 2.5205]"
standard,119,119,60,,False,0.2024311054753532,4697.074622345489,"[3.4567, 3.5676, 3.6415, 5.2349, 3.8776, 5.1527]"
standard,120,120,87,,False,0.28616145503186574,320.7328240063578,"[2.0807, 3.3455, 3.2324, 2.3904, 2.299, 2.5938]"
standard,121,121,106,,False,0.20587935626082107,178.29952792836676,"[2.3165, 2.374, 2.0965, 2.2502, 2.3902, 2.8754]"
standard,122,122,74,,False,0.4576814791971497,400.1480804195262,"[1.9883, 2.6069, 2.3061, 2.5144, 3.2551, 4.0903]"
standard,123,123,0,0.0,True,0.2464790578068704,11231.369234056487,"[2.4329, 3.3871, 3.8528, 4.4634, 10.5835, 7.4887]"
standard,124,124,50,,False,0.25048392704820494,15732.825050544714,"[3.7555, 3.8482, 4.4185, 4.8762, 10.1895, 4.9588]"
standard,125,125,18,,False,0.13229114639070777,57129.57249978988,"[3.5209, 9.1472, 6.5822, 4.8044, 6.5173, 8.6068]"
standard,126,126,80,,False,0.3458237994718581,3091.163734778537,"[2.4472, 5.0547, 3.9254, 4.2958, 3.4114, 4.344]"
standard,127,127,29,,False,0.21079535122846935,4948.753592625201,"[4.2669, 3.8844, 3.3086, 3.6472, 4.3563, 5.6799]"
standard,128,128,94,,False,0.2267945017119576,522.25577082458,"[2.732, 2.7781, 3.019, 3.0061, 2.7549, 2.7523]"
standard,129,129,69,,False,0.26637079306771944,2712.28298254717,"[1.9355, 4.2062, 2.4731, 3.8759, 5.2208, 6.6573]"
standard,130,130,70,,False,0.14439047000603927,288.16727269806654,"[2.3864, 2.6368, 3.3034, 2.346, 2.3855, 2.4771]"
standard,131,131,90,,False,0.30068042990892685,1266.9533180575465,"[1.7036, 4.0668, 4.0678, 3.8528, 3.6155, 3.2272]"
standard,132,132,61,,False,0.37793108537258546,2449.1653558324265,"[2.1908, 3.7844, 3.5466, 4.4489, 5.0531, 3.7051]"
standard,133,133,65,,False,0.23840653310746557,2199.3520596685494,"[1.9522, 5.014, 3.8645, 3.9493, 2.6699, 5.5142]"
standard,134,134,89,,False,0.2919743982720313,472.0448373906447,"[2.1233, 2.9632, 2.9474, 3.1909, 2.4662, 3.2346]"
standard,135,135,93,,False,0.20418433971989855,549.6186520325954,"[2.7093, 2.9893, 2.4637, 2.6488, 2.7821, 3.7379]"
standard,136,136,61,,False,0.26307575681747153,1622.6263801895113,"[3.7795, 3.9284, 3.9567, 3.4832, 3.0458, 2.6035]"
standard,137,137,60,,False,0.40915050069178166,708.0801493023497,"[2.1643, 4.1721, 3.046, 2.6103, 2.8572, 3.4518]"
standard,138,138,37,,False,0.41204458291474483,9401.238690354257,"[3.3572, 2.7978, 3.1055, 3.7083, 9.6181, 9.0362]"
standard,139,139,0,0.0,True,0.23322352915874253,1664.6717720561178,"[2.0562, 3.5633, 3.6491, 3.2075, 3.1108, 6.2401]"
standard,140,140,62,,False,0.28344845872049795,761.2450057148027,"[2.0486, 3.9749, 2.7987, 3.3703, 3.0348, 3.2658]"
standard,141,141,79,,False,0.3736778501490787,345.8543172436106,"[1.6931, 2.0983, 2.1868, 2.6873, 2.6519, 6.2471]"
standard,142,142,58,,False,0.3074411251658748,16671.539722547932,"[4.1935, 4.2648, 3.6614, 8.4839, 5.2081, 5.7621]"
standard,143,143,74,,False,0.5177108773583887,934.9446071241573,"[1.4027, 2.305, 2.5338, 8.1917, 3.6581, 3.8084]"
standard,144,144,64,,False,0.085930481050222,571.0237163842663,"[2.5952, 2.557, 2.8821, 2.4032, 3.5225, 3.527]"
standard,145,145,76,,False,0.12863319950813937,7222.975474797058,"[2.2847, 4.9115, 3.0621, 3.6999, 6.6451, 8.5501]"
standard,146,146,67,,False,0.15542847247598043,20117.039335261186,"[4.4344, 4.5761, 3.4531, 4.1532, 7.1364, 9.6864]"
standard,147,147,71,,False,0.6126779750412621,892.1447683868981,"[2.1295, 4.4014, 3.0685, 3.2462, 3.1182, 3.0646]"
standard,148,148,87,,False,0.6957877273065071,317.9204319207435,"[2.0085, 2.6482, 2.982, 2.6087, 2.4265, 3.1666]"
standard,149,149,91,,False,0.33288054018614205,739.8549201021028,"[1.8894, 2.5299, 3.2875, 4.0182, 3.6557, 3.2052]"
standard,150,150,82,,False,0.12912134993955313,4522.647298523167,"[1.8174, 5.1409, 4.9748, 5.5739, 5.1584, 3.3842]"
standard,151,151,67,,False,0.16128278922856998,1097.1822227038156,"[3.0362, 2.8682, 3.3377, 3.5045, 3.3909, 3.1765]"
standard,152,152,70,,False,0.15275491196100802,12114.12952761809,"[3.0922, 5.1519, 3.2631, 3.5608, 8.8677, 7.3802]"
standard,153,153,77,,False,0.27768247425427617,2794.195170596271,"[3.0672, 6.7329, 3.1852, 2.8198, 3.2419, 4.6469]"
standard,154,154,85,,False,0.2663875939289419,704.3003158234715,"[2.221, 3.3164, 2.4608, 2.9606, 2.1585, 6.0804]"
standard,155,155,0,0.0,True,0.6709812041671612,3671.919253820356,"[2.4661, 6.0903, 3.2327, 3.6119, 3.1123, 6.7275]"
standard,156,156,93,,False,0.11872284498592067,429.2105999629925,"[1.8971, 3.0574, 2.4805, 2.197, 2.2437, 6.0521]"
standard,157,157,73,,False,0.1580458979470175,2153.921073220393,"[2.4866, 3.3291, 4.4852, 3.7283, 4.6162, 3.3707]"
standard,158,158,68,,False,0.19310072600205946,7310.951970454196,"[4.8321, 4.0279, 3.4926, 3.573, 4.8262, 6.2369]"
standard,159,159,75,,False,0.2068254478850364,1955.3340749774027,"[2.7645, 3.322, 3.6402, 3.7609, 2.902, 5.359]"
standard,160,160,64,,False,0.19109880433497214,761.6264537694007,"[2.0411, 2.2402, 4.1354, 3.8715, 3.4621, 3.0051]"
standard,161,161,75,,False,0.20170378738062675,19450.40833117317,"[2.7605, 3.273, 9.243, 5.2729, 7.1784, 6.1533]"
standard,162,162,91,,False,0.17144490446919577,270.4079424918038,"[2.2894, 2.704, 2.5615, 2.7966, 2.4861, 2.4528]"
standard,163,163,99,,False,0.4059610442490352,820.1916235943386,"[3.2305, 3.5167, 2.3884, 2.2943, 3.4979, 3.7665]"
standard,164,164,91,,False,0.3207441013405758,268.5516376194024,"[2.4301, 2.5181, 2.4375, 2.5307, 2.4443, 2.9106]"
standard,165,165,97,,False,0.40142115257099426,850.4234795175769,"[1.9505, 2.4044, 2.5584, 4.7976, 2.5435, 5.8084]"
standard,166,166,92,,False,0.14757891826351666,755.1707175562652,"[2.5009, 2.8084, 3.0388, 3.2027, 2.4476, 4.5136]"
standard,167,167,69,,False,0.9722332125655425,958.0769085724534,"[1.8791, 3.526, 2.9352, 3.3204, 4.0248, 3.6864]"
standard,168,168,0,0.0,True,0.308666147846267,2267.216396470634,"[1.9297, 3.055, 3.9718, 3.608, 4.27, 6.2849]"
standard,169,169,72,,False,0.2969006450996742,270.1042659790267,"[2.8625, 2.451, 2.824, 2.7216, 2.0418, 2.4533]"
standard,170,170,0,0.0,True,0.09578320175039041,5269.859775892372,"[1.0813, 2.5265, 4.3735, 6.896, 10.8065, 5.9186]"
standard,171,171,0,0.0,True,0.33026527345285084,797.6063541384882,"[1.6207, 2.792, 2.5975, 3.2503, 4.7118, 4.431]"
standard,172,172,68,,False,0.23981309267704407,7200.309768825689,"[2.022, 5.5208, 4.5428, 5.5719, 6.1498, 4.1436]"
standard,173,173,110,,False,0.39698136988738003,5342.535190949528,"[1.9926, 5.8187, 4.2682, 4.0409, 6.0436, 4.4206]"
standard,174,174,83,,False,0.2343990991277242,333.6340078906459,"[3.0307, 2.5023, 2.4838, 2.8762, 2.3994, 2.5666]"
standard,175,175,74,,False,0.1914333607537471,3071.8556013535776,"[3.2028, 4.6225, 3.9336, 3.5623, 3.9945, 3.707]"
standard,176,176,82,,False,0.27887386335442427,6701.493974017307,"[1.845, 4.8932, 3.3626, 9.5352, 5.1929, 4.4582]"
standard,177,177,61,,False,0.22723044547518967,1189.6734571953953,"[1.7171, 4.3676, 2.0665, 2.8981, 4.0017, 6.6192]"
standard,178,178,71,,False,0.2821930337863436,3073.503696528959,"[1.9061, 6.0711, 4.4764, 3.5688, 5.1006, 3.2595]"
standard,179,179,88,,False,0.13795391900255985,3227.8915016096694,"[2.0266, 5.7709, 4.8478, 4.6058, 4.7914, 2.5799]"
standard,180,180,98,,False,0.136807001093645,2674.564864668764,"[2.7239, 2.2828, 3.4324, 5.2484, 5.7199, 4.1745]"
standard,181,181,70,,False,0.16710470313144066,10379.193986467022,"[4.2215, 4.405, 7.5745, 4.162, 4.2115, 4.204]"
standard,182,182,91,,False,0.20722055604346168,3167.5821384285623,"[2.4959, 4.579, 4.0682, 4.1775, 4.3658, 3.7355]"
standard,183,183,78,,False,0.07695130903436986,6181.317114670182,"[2.9383, 3.5006, 3.3162, 5.4328, 6.951, 4.7987]"
standard,184,184,103,,False,0.12923164411254354,319.5865618584036,"[2.4021, 2.7704, 2.4173, 2.1608, 1.8643, 4.9317]"
standard,185,185,95,,False,0.37008643164702393,426.2083677326059,"[2.4742, 3.3753, 2.7214, 2.1916, 2.8439, 3.0089]"
standard,186,186,92,,False,0.26295525286413024,1283.804183055821,"[2.7685, 3.4137, 3.4899, 2.8974, 3.6983, 3.6324]"
standard,187,187,98,,False,0.3701698007397916,236.0337127806541,"[1.8627, 2.0154, 2.6017, 2.8745, 3.0679, 2.7404]"
standard,188,188,86,,False,0.34594405192997535,384.26824052587665,"[2.1837, 2.4882, 2.3774, 2.0516, 2.3266, 6.2324]"
standard,189,189,66,,False,0.23834212554100564,8679.23726819725,"[2.8084, 3.5434, 3.645, 4.4163, 8.7911, 6.1631]"
standard,190,190,64,,False,0.22347632205750922,8488.990188216489,"[5.0203, 4.4644, 4.6735, 5.4306, 4.0062, 3.7252]"
standard,191,191,85,,False,0.25899252930349115,935.1319606745203,"[1.8717, 2.4534, 2.7918, 3.4528, 3.6892, 5.7265]"
standard,192,192,73,,False,0.4295539402783917,3270.1301780169683,"[3.6211, 3.5667, 3.6502, 5.3733, 3.4216, 3.7729]"
standard,193,193,61,,False,0.14061443109500202,364.9765436969979,"[2.2352, 2.1863, 2.7491, 2.2138, 3.4335, 3.5742]"
standard,194,194,56,,False,0.35036212073006584,56349.75264410138,"[3.3122, 6.9199, 6.3298, 7.3531, 7.0923, 7.4477]"
standard,195,195,0,1.0,False,0.21632040484631804,2415.538388155138,"[2.5483, 3.1308, 4.6399, 4.1754, 5.2509, 2.9762]"
standard,196,196,101,,False,0.21299412965903455,317.62071688751934,"[2.6167, 2.885, 2.8439, 2.783, 2.2787, 2.3329]"
standard,197,197,82,,False,0.33347551529030317,172.84454205669653,"[2.4314, 2.6241, 2.3756, 2.3626, 2.2349, 2.1598]"
standard,198,198,73,,False,0.270915747874386,8198.341679193763,"[3.4896, 5.0466, 3.8945, 4.0405, 5.2586, 5.6259]"
standard,199,199,133,,False,0.27080831377559594,28146.580416529574,"[4.1095, 4.0016, 5.3197, 4.105, 5.17, 15.1599]"
