dataset,depth,width,activation,seed,quantizer,n_inputs,output_full_precision_pairs,output_post_hoc_pairs,output_interleaved_pairs,post_hoc_superset_holds,interleaved_superset_holds,f_not_g_pairs,f_not_g_within_class,f_not_g_between_class,final_post_hoc_pairs,final_interleaved_pairs,final_qf_not_g,final_qf_not_g_within,final_qf_not_g_between,final_g_not_qf,final_g_not_qf_within,final_g_not_qf_between,final_containment_holds,recovery_max_saturation_deviation
linked_tori,6,5,tanh,0,float64,2000,0,0,0,True,True,0,0,0,0,0,0,0,0,0,0,0,True,0.0
linked_tori,6,5,tanh,0,float32,2000,0,0,0,True,True,0,0,0,0,0,0,0,0,0,0,0,True,0.0
linked_tori,6,5,tanh,0,float16,2000,0,89333,75996,True,True,0,0,0,24922,24835,592,592,0,505,505,0,False,0.0
linked_tori,6,5,tanh,0,bfloat16,2000,0,414137,421277,True,True,0,0,0,110371,109207,6605,6605,0,5441,5441,0,False,0.0
linked_tori,6,5,tanh,0,fixed-8,2000,0,999000,999000,True,True,0,0,0,369970,366551,11419,11419,0,8000,8000,0,False,0.0
linked_tori,6,5,tanh,0,fixed-6,2000,0,999000,997002,True,True,0,0,0,754494,760708,27671,27671,0,33885,33885,0,False,0.0
linked_tori,6,5,tanh,0,fixed-4,2000,0,999000,998091,True,True,0,0,0,966484,878503,103830,103830,0,15849,8451,7398,False,0.0
linked_tori,6,5,tanh,1,float64,2000,0,0,0,True,True,0,0,0,0,0,0,0,0,0,0,0,True,0.0
linked_tori,6,5,tanh,1,float32,2000,0,7,5,True,True,0,0,0,0,0,0,0,0,0,0,0,True,0.0
linked_tori,6,5,tanh,1,float16,2000,0,75922,80494,True,True,0,0,0,39571,39546,667,667,0,642,642,0,False,0.0
linked_tori,6,5,tanh,1,bfloat16,2000,0,321870,215941,True,True,0,0,0,149670,149285,6561,6561,0,6176,6176,0,False,0.0
linked_tori,6,5,tanh,1,fixed-8,2000,0,999000,999000,True,True,0,0,0,336100,337945,11596,11596,0,13441,13441,0,False,0.0
linked_tori,6,5,tanh,1,fixed-6,2000,0,999000,998001,True,True,0,0,0,617914,603159,50217,50217,0,35462,35462,0,False,0.0
linked_tori,6,5,tanh,1,fixed-4,2000,0,999000,958237,True,True,0,0,0,875205,725117,214540,214540,0,64452,43092,21360,False,0.0
linked_tori,6,5,tanh,3,float64,2000,0,0,0,True,True,0,0,0,0,0,0,0,0,0,0,0,True,0.0
linked_tori,6,5,tanh,3,float32,2000,0,593,589,True,True,0,0,0,85,85,0,0,0,0,0,0,True,0.0
linked_tori,6,5,tanh,3,float16,2000,0,283588,157341,True,True,0,0,0,91075,89329,7969,7969,0,6223,6223,0,False,0.0
linked_tori,6,5,tanh,3,bfloat16,2000,0,341511,338493,True,True,0,0,0,308191,308700,4895,4895,0,5404,5404,0,False,0.0
linked_tori,6,5,tanh,3,fixed-8,2000,0,999000,999000,True,True,0,0,0,430415,434157,11834,11834,0,15576,15576,0,False,0.0
linked_tori,6,5,tanh,3,fixed-6,2000,0,999000,992019,True,True,0,0,0,633091,629896,60235,60235,0,57040,57040,0,False,0.0
linked_tori,6,5,tanh,3,fixed-4,2000,0,999000,990533,True,True,0,0,0,922016,752653,269386,269386,0,100023,38761,61262,False,0.0
linked_tori,6,15,tanh,0,float64,2000,0,0,0,True,True,0,0,0,0,0,0,0,0,0,0,0,True,0.0
linked_tori,6,15,tanh,0,float32,2000,0,0,0,True,True,0,0,0,0,0,0,0,0,0,0,0,True,0.0
linked_tori,6,15,tanh,0,float16,2000,0,28163,26448,True,True,0,0,0,943,930,76,76,0,63,63,0,False,0.0
linked_tori,6,15,tanh,0,bfloat16,2000,0,147520,136030,True,True,0,0,0,14906,15340,2360,2360,0,2794,2794,0,False,0.0
linked_tori,6,15,tanh,0,fixed-8,2000,0,999000,999000,True,True,0,0,0,40972,40865,6613,6613,0,6506,6506,0,False,0.0
linked_tori,6,15,tanh,0,fixed-6,2000,0,999000,999000,True,True,0,0,0,155606,156435,33946,33946,0,34775,34775,0,False,0.0
linked_tori,6,15,tanh,0,fixed-4,2000,0,999000,993013,True,True,0,0,0,485383,416829,176943,176943,0,108389,108383,6,False,0.0
linked_tori,6,15,tanh,1,float64,2000,0,0,0,True,True,0,0,0,0,0,0,0,0,0,0,0,True,0.0
linked_tori,6,15,tanh,1,float32,2000,0,0,0,True,True,0,0,0,0,0,0,0,0,0,0,0,True,0.0
linked_tori,6,15,tanh,1,float16,2000,0,30929,30889,True,True,0,0,0,1274,1282,70,70,0,78,78,0,False,0.0
linked_tori,6,15,tanh,1,bfloat16,2000,0,169951,172903,True,True,0,0,0,19464,19503,2578,2578,0,2617,2617,0,False,0.0
linked_tori,6,15,tanh,1,fixed-8,2000,0,999000,999000,True,True,0,0,0,40653,39477,8970,8970,0,7794,7794,0,False,0.0
linked_tori,6,15,tanh,1,fixed-6,2000,0,999000,999000,True,True,0,0,0,182892,182071,34144,34144,0,33323,33323,0,False,0.0
linked_tori,6,15,tanh,1,fixed-4,2000,0,999000,995009,True,True,0,0,0,679707,621639,133897,133897,0,75829,75828,1,False,0.0
linked_tori,6,15,tanh,2,float64,2000,0,0,0,True,True,0,0,0,0,0,0,0,0,0,0,0,True,0.0
linked_tori,6,15,tanh,2,float32,2000,0,0,0,True,True,0,0,0,0,0,0,0,0,0,0,0,True,0.0
linked_tori,6,15,tanh,2,float16,2000,0,20532,20436,True,True,0,0,0,1738,1725,187,187,0,174,174,0,False,0.0
linked_tori,6,15,tanh,2,bfloat16,2000,0,175698,172236,True,True,0,0,0,21878,22573,2843,2843,0,3538,3538,0,False,0.0
linked_tori,6,15,tanh,2,fixed-8,2000,0,999000,999000,True,True,0,0,0,145679,143952,8778,8778,0,7051,7051,0,False,0.0
linked_tori,6,15,tanh,2,fixed-6,2000,0,999000,999000,True,True,0,0,0,554222,545907,37370,37370,0,29055,29055,0,False,0.0
linked_tori,6,15,tanh,2,fixed-4,2000,0,999000,990027,True,True,0,0,0,862573,803405,101763,101763,0,42595,42595,0,False,0.0
linked_tori,6,15,tanh,3,float64,2000,0,0,0,True,True,0,0,0,0,0,0,0,0,0,0,0,True,0.0
linked_tori,6,15,tanh,3,float32,2000,0,0,0,True,True,0,0,0,0,0,0,0,0,0,0,0,True,0.0
linked_tori,6,15,tanh,3,float16,2000,0,26506,25649,True,True,0,0,0,5088,5102,128,128,0,142,142,0,False,0.0
linked_tori,6,15,tanh,3,bfloat16,2000,0,172683,182539,True,True,0,0,0,31575,31797,2543,2543,0,2765,2765,0,False,0.0
linked_tori,6,15,tanh,3,fixed-8,2000,0,999000,999000,True,True,0,0,0,145354,144547,7291,7291,0,6484,6484,0,False,0.0
linked_tori,6,15,tanh,3,fixed-6,2000,0,999000,999000,True,True,0,0,0,466955,455622,29025,29025,0,17692,17692,0,False,0.0
linked_tori,6,15,tanh,3,fixed-4,2000,0,999000,989042,True,True,0,0,0,769605,686281,149280,149280,0,65956,65132,824,False,0.0
linked_tori,6,15,tanh,4,float64,2000,0,0,0,True,True,0,0,0,0,0,0,0,0,0,0,0,True,0.0
linked_tori,6,15,tanh,4,float32,2000,0,0,1,True,True,0,0,0,0,0,0,0,0,0,0,0,True,0.0
linked_tori,6,15,tanh,4,float16,2000,0,51670,52079,True,True,0,0,0,9220,9213,472,472,0,465,465,0,False,0.0
linked_tori,6,15,tanh,4,bfloat16,2000,0,193232,200184,True,True,0,0,0,78818,78897,3330,3330,0,3409,3409,0,False,0.0
linked_tori,6,15,tanh,4,fixed-8,2000,0,999000,999000,True,True,0,0,0,307599,310421,6084,6084,0,8906,8906,0,False,0.0
linked_tori,6,15,tanh,4,fixed-6,2000,0,999000,999001,True,True,0,0,0,538071,543211,27951,27951,0,33091,33091,0,False,0.0
linked_tori,6,15,tanh,4,fixed-4,2000,0,999000,977727,True,True,0,0,0,764744,677451,165963,165963,0,78670,70387,8283,False,0.0
linked_tori,6,30,tanh,0,float64,2000,0,0,0,True,True,0,0,0,0,0,0,0,0,0,0,0,True,0.0
linked_tori,6,30,tanh,0,float32,2000,0,0,0,True,True,0,0,0,0,0,0,0,0,0,0,0,True,0.0
linked_tori,6,30,tanh,0,float16,2000,0,15032,14896,True,True,0,0,0,183,189,19,19,0,25,25,0,False,0.0
linked_tori,6,30,tanh,0,bfloat16,2000,0,94904,95166,True,True,0,0,0,3580,3590,665,665,0,675,675,0,False,0.0
linked_tori,6,30,tanh,0,fixed-8,2000,0,999000,999000,True,True,0,0,0,15681,16122,2386,2386,0,2827,2827,0,False,0.0
linked_tori,6,30,tanh,0,fixed-6,2000,0,999000,999000,True,True,0,0,0,108354,108918,22389,22389,0,22953,22953,0,False,0.0
linked_tori,6,30,tanh,0,fixed-4,2000,0,999000,996006,True,True,0,0,0,490828,492824,74315,74315,0,76311,76311,0,False,0.0
linked_tori,6,30,tanh,1,float64,2000,0,0,0,True,True,0,0,0,0,0,0,0,0,0,0,0,True,0.0
linked_tori,6,30,tanh,1,float32,2000,0,0,0,True,True,0,0,0,0,0,0,0,0,0,0,0,True,0.0
linked_tori,6,30,tanh,1,float16,2000,0,17055,16996,True,True,0,0,0,411,396,50,50,0,35,35,0,False,0.0
linked_tori,6,30,tanh,1,bfloat16,2000,0,91377,98806,True,True,0,0,0,5592,5676,1212,1212,0,1296,1296,0,False,0.0
linked_tori,6,30,tanh,1,fixed-8,2000,0,999000,999000,True,True,0,0,0,28135,28165,3756,3756,0,3786,3786,0,False,0.0
linked_tori,6,30,tanh,1,fixed-6,2000,0,999000,999000,True,True,0,0,0,163230,164379,26148,26148,0,27297,27297,0,False,0.0
linked_tori,6,30,tanh,1,fixed-4,2000,0,999000,997019,True,True,0,0,0,486872,483856,122211,122211,0,119195,119195,0,False,0.0
linked_tori,6,30,tanh,2,float64,2000,0,0,0,True,True,0,0,0,0,0,0,0,0,0,0,0,True,0.0
linked_tori,6,30,tanh,2,float32,2000,0,0,0,True,True,0,0,0,0,0,0,0,0,0,0,0,True,0.0
linked_tori,6,30,tanh,2,float16,2000,0,30278,29056,True,True,0,0,0,622,587,75,75,0,40,40,0,False,0.0
linked_tori,6,30,tanh,2,bfloat16,2000,0,99766,118118,True,True,0,0,0,10844,10667,1193,1193,0,1016,1016,0,False,0.0
linked_tori,6,30,tanh,2,fixed-8,2000,0,999000,999000,True,True,0,0,0,28698,28863,4224,4224,0,4389,4389,0,False,0.0
linked_tori,6,30,tanh,2,fixed-6,2000,0,999000,999000,True,True,0,0,0,122032,119500,27277,27277,0,24745,24745,0,False,0.0
linked_tori,6,30,tanh,2,fixed-4,2000,0,999000,991048,True,True,0,0,0,536475,504425,102020,102020,0,69970,69962,8,False,0.0
linked_tori,6,30,tanh,3,float64,2000,0,0,0,True,True,0,0,0,0,0,0,0,0,0,0,0,True,0.0
linked_tori,6,30,tanh,3,float32,2000,0,0,0,True,True,0,0,0,0,0,0,0,0,0,0,0,True,0.0
linked_tori,6,30,tanh,3,float16,2000,0,34264,34156,True,True,0,0,0,1457,1439,91,91,0,73,73,0,False,0.0
linked_tori,6,30,tanh,3,bfloat16,2000,0,211745,241068,True,True,0,0,0,27268,26812,2221,2221,0,1765,1765,0,False,0.0
linked_tori,6,30,tanh,3,fixed-8,2000,0,999000,999000,True,True,0,0,0,86235,86316,5836,5836,0,5917,5917,0,False,0.0
linked_tori,6,30,tanh,3,fixed-6,2000,0,999000,999000,True,True,0,0,0,264111,261454,29799,29799,0,27142,27142,0,False,0.0
linked_tori,6,30,tanh,3,fixed-4,2000,0,999000,993016,True,True,0,0,0,673401,675100,84815,84815,0,86514,86514,0,False,0.0
linked_tori,6,30,tanh,4,float64,2000,0,0,0,True,True,0,0,0,0,0,0,0,0,0,0,0,True,0.0
linked_tori,6,30,tanh,4,float32,2000,0,0,0,True,True,0,0,0,0,0,0,0,0,0,0,0,True,0.0
linked_tori,6,30,tanh,4,float16,2000,0,7676,7532,True,True,0,0,0,108,113,10,10,0,15,15,0,False,0.0
linked_tori,6,30,tanh,4,bfloat16,2000,0,62442,63757,True,True,0,0,0,2190,2143,626,626,0,579,579,0,False,0.0
linked_tori,6,30,tanh,4,fixed-8,2000,0,999000,999000,True,True,0,0,0,13138,12809,2695,2695,0,2366,2366,0,False,0.0
linked_tori,6,30,tanh,4,fixed-6,2000,0,999000,999000,True,True,0,0,0,189063,191162,25595,25595,0,27694,27694,0,False,0.0
linked_tori,6,30,tanh,4,fixed-4,2000,0,999000,997003,True,True,0,0,0,730740,710195,119333,119333,0,98788,98788,0,False,0.0
linked_tori,6,50,tanh,0,float64,2000,0,0,0,True,True,0,0,0,0,0,0,0,0,0,0,0,True,0.0
linked_tori,6,50,tanh,0,float32,2000,0,0,0,True,True,0,0,0,0,0,0,0,0,0,0,0,True,0.0
linked_tori,6,50,tanh,0,float16,2000,0,7976,7822,True,True,0,0,0,2,2,0,0,0,0,0,0,True,0.0
linked_tori,6,50,tanh,0,bfloat16,2000,0,68182,68528,True,True,0,0,0,422,414,150,150,0,142,142,0,False,0.0
linked_tori,6,50,tanh,0,fixed-8,2000,0,999000,999000,True,True,0,0,0,1867,1794,729,729,0,656,656,0,False,0.0
linked_tori,6,50,tanh,0,fixed-6,2000,0,999000,999000,True,True,0,0,0,57507,60090,9732,9732,0,12315,12315,0,False,0.0
linked_tori,6,50,tanh,0,fixed-4,2000,0,999000,999000,True,True,0,0,0,470865,522130,49307,49307,0,100572,100572,0,False,0.0
linked_tori,6,50,tanh,1,float64,2000,0,0,0,True,True,0,0,0,0,0,0,0,0,0,0,0,True,0.0
linked_tori,6,50,tanh,1,float32,2000,0,0,0,True,True,0,0,0,0,0,0,0,0,0,0,0,True,0.0
linked_tori,6,50,tanh,1,float16,2000,0,9872,9803,True,True,0,0,0,10,8,4,4,0,2,2,0,False,0.0
linked_tori,6,50,tanh,1,bfloat16,2000,0,73779,78646,True,True,0,0,0,650,623,221,221,0,194,194,0,False,0.0
linked_tori,6,50,tanh,1,fixed-8,2000,0,999000,999000,True,True,0,0,0,2151,2090,859,859,0,798,798,0,False,0.0
linked_tori,6,50,tanh,1,fixed-6,2000,0,999000,999000,True,True,0,0,0,32560,31047,13230,13230,0,11717,11717,0,False,0.0
linked_tori,6,50,tanh,1,fixed-4,2000,0,999000,999000,True,True,0,0,0,213228,216688,80372,80372,0,83832,83832,0,False,0.0
linked_tori,6,50,tanh,2,float64,2000,0,0,0,True,True,0,0,0,0,0,0,0,0,0,0,0,True,0.0
linked_tori,6,50,tanh,2,float32,2000,0,0,0,True,True,0,0,0,0,0,0,0,0,0,0,0,True,0.0
linked_tori,6,50,tanh,2,float16,2000,0,16264,16795,True,True,0,0,0,28,23,8,8,0,3,3,0,False,0.0
linked_tori,6,50,tanh,2,bfloat16,2000,0,128972,137181,True,True,0,0,0,2338,2243,573,573,0,478,478,0,False,0.0
linked_tori,6,50,tanh,2,fixed-8,2000,0,999000,999000,True,True,0,0,0,7069,6969,2181,2181,0,2081,2081,0,False,0.0
linked_tori,6,50,tanh,2,fixed-6,2000,0,999000,999000,True,True,0,0,0,52956,51359,17119,17119,0,15522,15522,0,False,0.0
linked_tori,6,50,tanh,2,fixed-4,2000,0,999000,997003,True,True,0,0,0,171651,167434,82943,82943,0,78726,78726,0,False,0.0
linked_tori,6,50,tanh,3,float64,2000,0,0,0,True,True,0,0,0,0,0,0,0,0,0,0,0,True,0.0
linked_tori,6,50,tanh,3,float32,2000,0,0,0,True,True,0,0,0,0,0,0,0,0,0,0,0,True,0.0
linked_tori,6,50,tanh,3,float16,2000,0,19829,19716,True,True,0,0,0,23,23,7,7,0,7,7,0,False,0.0
linked_tori,6,50,tanh,3,bfloat16,2000,0,144693,155645,True,True,0,0,0,2003,1973,587,587,0,557,557,0,False,0.0
linked_tori,6,50,tanh,3,fixed-8,2000,0,999000,999000,True,True,0,0,0,9323,8868,3027,3027,0,2572,2572,0,False,0.0
linked_tori,6,50,tanh,3,fixed-6,2000,0,999000,999000,True,True,0,0,0,41622,43813,16121,16121,0,18312,18312,0,False,0.0
linked_tori,6,50,tanh,3,fixed-4,2000,0,999000,998001,True,True,0,0,0,245042,250972,58980,58980,0,64910,64910,0,False,0.0
linked_tori,6,50,tanh,4,float64,2000,0,0,0,True,True,0,0,0,0,0,0,0,0,0,0,0,True,0.0
linked_tori,6,50,tanh,4,float32,2000,0,0,0,True,True,0,0,0,0,0,0,0,0,0,0,0,True,0.0
linked_tori,6,50,tanh,4,float16,2000,0,30824,31226,True,True,0,0,0,12,18,1,1,0,7,7,0,False,0.0
linked_tori,6,50,tanh,4,bfloat16,2000,0,142967,147210,True,True,0,0,0,1654,1614,515,515,0,475,475,0,False,0.0
linked_tori,6,50,tanh,4,fixed-8,2000,0,999000,999000,True,True,0,0,0,6344,6279,2142,2142,0,2077,2077,0,False,0.0
linked_tori,6,50,tanh,4,fixed-6,2000,0,999000,999000,True,True,0,0,0,54548,55303,18581,18581,0,19336,19336,0,False,0.0
linked_tori,6,50,tanh,4,fixed-4,2000,0,999000,999004,True,True,0,0,0,280645,304903,65345,65345,0,89603,89603,0,False,0.0
