dataset,activation,monotonic,depth,width,seed,final_eval_accuracy,passed,perfect_eval,at_chance,layer,layer_width,linking_raw,linking_rounded,linking_residual,min_distance,defined,artifact_regime,projected,reportable,regime,projection_convention
linked_tori,gelu,False,3,3,0,0.968,False,False,False,0,3,-1.000025100237454,-1.0,2.510023745405654e-05,0.9999999999999998,True,False,False,True,exact (d=3),
linked_tori,gelu,False,3,3,0,0.968,False,False,False,1,3,,,,0.011950290463296938,True,True,False,False,artifact (too close),
linked_tori,gelu,False,3,3,0,0.968,False,False,False,2,3,,,,0.006024514985689352,True,True,False,False,artifact (too close),
linked_tori,gelu,False,3,3,0,0.968,False,False,False,3,3,,,,0.009590512638135986,True,True,False,False,artifact (too close),
linked_tori,gelu,False,3,3,1,0.953,False,False,False,0,3,-1.000025100237454,-1.0,2.510023745405654e-05,0.9999999999999998,True,False,False,True,exact (d=3),
linked_tori,gelu,False,3,3,1,0.953,False,False,False,1,3,,,,0.01949379867175637,True,True,False,False,artifact (too close),
linked_tori,gelu,False,3,3,1,0.953,False,False,False,2,3,-1.0000705504711513,-1.0,7.055047115134272e-05,0.02657897979659822,True,False,False,True,exact (d=3),
linked_tori,gelu,False,3,3,1,0.953,False,False,False,3,3,,,,0.01200803011337324,True,True,False,False,artifact (too close),
linked_tori,gelu,False,3,3,2,0.9685,False,False,False,0,3,-1.000025100237454,-1.0,2.510023745405654e-05,0.9999999999999998,True,False,False,True,exact (d=3),
linked_tori,gelu,False,3,3,2,0.9685,False,False,False,1,3,,,,0.010812107669633635,True,True,False,False,artifact (too close),
linked_tori,gelu,False,3,3,2,0.9685,False,False,False,2,3,0.0002157551686997581,0.0,0.0002157551686997581,0.046527799899637595,True,False,False,True,exact (d=3),
linked_tori,gelu,False,3,3,2,0.9685,False,False,False,3,3,,,,0.0003655887788210272,True,True,False,False,artifact (too close),
linked_tori,gelu,False,3,3,3,0.9625,False,False,False,0,3,-1.000025100237454,-1.0,2.510023745405654e-05,0.9999999999999998,True,False,False,True,exact (d=3),
linked_tori,gelu,False,3,3,3,0.9625,False,False,False,1,3,,,,0.0015126306738773216,True,True,False,False,artifact (too close),
linked_tori,gelu,False,3,3,3,0.9625,False,False,False,2,3,,,,0.004164288389997796,True,True,False,False,artifact (too close),
linked_tori,gelu,False,3,3,3,0.9625,False,False,False,3,3,,,,0.003333610277664468,True,True,False,False,artifact (too close),
linked_tori,gelu,False,3,3,4,0.954,False,False,False,0,3,-1.000025100237454,-1.0,2.510023745405654e-05,0.9999999999999998,True,False,False,True,exact (d=3),
linked_tori,gelu,False,3,3,4,0.954,False,False,False,1,3,,,,0.013626433814946212,True,True,False,False,artifact (too close),
linked_tori,gelu,False,3,3,4,0.954,False,False,False,2,3,,,,0.011888632136257437,True,True,False,False,artifact (too close),
linked_tori,gelu,False,3,3,4,0.954,False,False,False,3,3,,,,0.01007511789159555,True,True,False,False,artifact (too close),
linked_tori,gelu,False,5,3,0,1.0,True,True,False,0,3,-1.000025100237454,-1.0,2.510023745405654e-05,0.9999999999999998,True,False,False,True,exact (d=3),
linked_tori,gelu,False,5,3,0,1.0,True,True,False,1,3,-1.4865504952525976e-05,0.0,1.4865504952525976e-05,0.11722909656803422,True,False,False,True,exact (d=3),
linked_tori,gelu,False,5,3,0,1.0,True,True,False,2,3,-2.7682805818844618e-05,0.0,2.7682805818844618e-05,0.13250795845069177,True,False,False,True,exact (d=3),
linked_tori,gelu,False,5,3,0,1.0,True,True,False,3,3,-1.7355906651050989e-06,0.0,1.7355906651050989e-06,0.3402699031608816,True,False,False,True,exact (d=3),
linked_tori,gelu,False,5,3,0,1.0,True,True,False,4,3,2.4093712386656022e-09,0.0,2.4093712386656022e-09,1.099553034697582,True,False,False,True,exact (d=3),
linked_tori,gelu,False,5,3,0,1.0,True,True,False,5,3,-3.01632644351402e-08,0.0,3.01632644351402e-08,4.735524841919613,True,False,False,True,exact (d=3),
linked_tori,gelu,False,5,3,1,1.0,True,True,False,0,3,-1.000025100237454,-1.0,2.510023745405654e-05,0.9999999999999998,True,False,False,True,exact (d=3),
linked_tori,gelu,False,5,3,1,1.0,True,True,False,1,3,3.560615724951825e-05,0.0,3.560615724951825e-05,0.15693816408691982,True,False,False,True,exact (d=3),
linked_tori,gelu,False,5,3,1,1.0,True,True,False,2,3,-7.808523133653562e-06,0.0,7.808523133653562e-06,0.26350057384977216,True,False,False,True,exact (d=3),
linked_tori,gelu,False,5,3,1,1.0,True,True,False,3,3,5.723490121333215e-08,0.0,5.723490121333215e-08,0.43655814739505855,True,False,False,True,exact (d=3),
linked_tori,gelu,False,5,3,1,1.0,True,True,False,4,3,-3.4341491911921847e-06,0.0,3.4341491911921847e-06,1.3836543152237455,True,False,False,True,exact (d=3),
linked_tori,gelu,False,5,3,1,1.0,True,True,False,5,3,-6.329092633404218e-07,0.0,6.329092633404218e-07,4.275936175307471,True,False,False,True,exact (d=3),
linked_tori,gelu,False,5,3,2,0.952,False,False,False,0,3,-1.000025100237454,-1.0,2.510023745405654e-05,0.9999999999999998,True,False,False,True,exact (d=3),
linked_tori,gelu,False,5,3,2,0.952,False,False,False,1,3,0.9999004236590826,1.0,9.957634091739553e-05,0.025414675386665524,True,False,False,True,exact (d=3),
linked_tori,gelu,False,5,3,2,0.952,False,False,False,2,3,,,,0.009650543170166033,True,True,False,False,artifact (too close),
linked_tori,gelu,False,5,3,2,0.952,False,False,False,3,3,,,,0.0054751058010582155,True,True,False,False,artifact (too close),
linked_tori,gelu,False,5,3,2,0.952,False,False,False,4,3,,,,0.006510608601425984,True,True,False,False,artifact (too close),
linked_tori,gelu,False,5,3,2,0.952,False,False,False,5,3,,,,0.0007558747444055034,True,True,False,False,artifact (too close),
linked_tori,gelu,False,5,3,3,0.9655,False,False,False,0,3,-1.000025100237454,-1.0,2.510023745405654e-05,0.9999999999999998,True,False,False,True,exact (d=3),
linked_tori,gelu,False,5,3,3,0.9655,False,False,False,1,3,,,,0.0010267988450379953,True,True,False,False,artifact (too close),
linked_tori,gelu,False,5,3,3,0.9655,False,False,False,2,3,,,,0.00039380484582101006,True,True,False,False,artifact (too close),
linked_tori,gelu,False,5,3,3,0.9655,False,False,False,3,3,,,,8.571077041068576e-05,True,True,False,False,artifact (too close),
linked_tori,gelu,False,5,3,3,0.9655,False,False,False,4,3,,,,0.00016610875898393109,True,True,False,False,artifact (too close),
linked_tori,gelu,False,5,3,3,0.9655,False,False,False,5,3,,,,0.0001441836830670473,True,True,False,False,artifact (too close),
linked_tori,gelu,False,5,3,4,0.953,False,False,False,0,3,-1.000025100237454,-1.0,2.510023745405654e-05,0.9999999999999998,True,False,False,True,exact (d=3),
linked_tori,gelu,False,5,3,4,0.953,False,False,False,1,3,,,,0.006860982357912822,True,True,False,False,artifact (too close),
linked_tori,gelu,False,5,3,4,0.953,False,False,False,2,3,,,,0.009823326950208594,True,True,False,False,artifact (too close),
linked_tori,gelu,False,5,3,4,0.953,False,False,False,3,3,,,,0.003933393669775311,True,True,False,False,artifact (too close),
linked_tori,gelu,False,5,3,4,0.953,False,False,False,4,3,,,,0.0035996050328151465,True,True,False,False,artifact (too close),
linked_tori,gelu,False,5,3,4,0.953,False,False,False,5,3,,,,0.00511176721193074,True,True,False,False,artifact (too close),
linked_tori,gelu,False,8,3,0,0.9545,False,False,False,0,3,-1.000025100237454,-1.0,2.510023745405654e-05,0.9999999999999998,True,False,False,True,exact (d=3),
linked_tori,gelu,False,8,3,0,0.9545,False,False,False,1,3,,,,0.013712907549992569,True,True,False,False,artifact (too close),
linked_tori,gelu,False,8,3,0,0.9545,False,False,False,2,3,-0.9999777001146825,-1.0,2.22998853175449e-05,0.026058585816836052,True,False,False,True,exact (d=3),
linked_tori,gelu,False,8,3,0,0.9545,False,False,False,3,3,,,,0.00919783770571865,True,True,False,False,artifact (too close),
linked_tori,gelu,False,8,3,0,0.9545,False,False,False,4,3,,,,0.003565755967521216,True,True,False,False,artifact (too close),
linked_tori,gelu,False,8,3,0,0.9545,False,False,False,5,3,,,,0.0032597998349524052,True,True,False,False,artifact (too close),
linked_tori,gelu,False,8,3,0,0.9545,False,False,False,6,3,,,,0.004590065606856935,True,True,False,False,artifact (too close),
linked_tori,gelu,False,8,3,0,0.9545,False,False,False,7,3,,,,0.006973673430421527,True,True,False,False,artifact (too close),
linked_tori,gelu,False,8,3,0,0.9545,False,False,False,8,3,,,,0.007142262630237926,True,True,False,False,artifact (too close),
linked_tori,gelu,False,8,3,1,0.979,False,False,False,0,3,-1.000025100237454,-1.0,2.510023745405654e-05,0.9999999999999998,True,False,False,True,exact (d=3),
linked_tori,gelu,False,8,3,1,0.979,False,False,False,1,3,0.9999887266459769,1.0,1.127335402306695e-05,0.03266786295633722,True,False,False,True,exact (d=3),
linked_tori,gelu,False,8,3,1,0.979,False,False,False,2,3,-1.0000475542327079,-1.0,4.755423270785819e-05,0.047548107763204735,True,False,False,True,exact (d=3),
linked_tori,gelu,False,8,3,1,0.979,False,False,False,3,3,,,,0.01060385835684089,True,True,False,False,artifact (too close),
linked_tori,gelu,False,8,3,1,0.979,False,False,False,4,3,,,,0.01273613412215934,True,True,False,False,artifact (too close),
linked_tori,gelu,False,8,3,1,0.979,False,False,False,5,3,,,,0.00787063894321048,True,True,False,False,artifact (too close),
linked_tori,gelu,False,8,3,1,0.979,False,False,False,6,3,,,,0.0023538650171934495,True,True,False,False,artifact (too close),
linked_tori,gelu,False,8,3,1,0.979,False,False,False,7,3,,,,0.0069852327727314666,True,True,False,False,artifact (too close),
linked_tori,gelu,False,8,3,1,0.979,False,False,False,8,3,-0.10424080439865113,0.0,0.10424080439865113,0.02177995218903232,True,False,False,True,exact (d=3),
linked_tori,gelu,False,8,3,2,0.9545,False,False,False,0,3,-1.000025100237454,-1.0,2.510023745405654e-05,0.9999999999999998,True,False,False,True,exact (d=3),
linked_tori,gelu,False,8,3,2,0.9545,False,False,False,1,3,,,,0.0027857739059809015,True,True,False,False,artifact (too close),
linked_tori,gelu,False,8,3,2,0.9545,False,False,False,2,3,,,,0.0008574495803280649,True,True,False,False,artifact (too close),
linked_tori,gelu,False,8,3,2,0.9545,False,False,False,3,3,,,,0.0006877419871825818,True,True,False,False,artifact (too close),
linked_tori,gelu,False,8,3,2,0.9545,False,False,False,4,3,,,,0.0012777253591886209,True,True,False,False,artifact (too close),
linked_tori,gelu,False,8,3,2,0.9545,False,False,False,5,3,,,,0.0014305022333760584,True,True,False,False,artifact (too close),
linked_tori,gelu,False,8,3,2,0.9545,False,False,False,6,3,,,,0.002121997276002096,True,True,False,False,artifact (too close),
linked_tori,gelu,False,8,3,2,0.9545,False,False,False,7,3,,,,0.0012736845313480705,True,True,False,False,artifact (too close),
linked_tori,gelu,False,8,3,2,0.9545,False,False,False,8,3,,,,0.0004063763525451407,True,True,False,False,artifact (too close),
linked_tori,gelu,False,8,3,3,0.9645,False,False,False,0,3,-1.000025100237454,-1.0,2.510023745405654e-05,0.9999999999999998,True,False,False,True,exact (d=3),
linked_tori,gelu,False,8,3,3,0.9645,False,False,False,1,3,,,,0.0007339146441699478,True,True,False,False,artifact (too close),
linked_tori,gelu,False,8,3,3,0.9645,False,False,False,2,3,,,,0.0004651298467642379,True,True,False,False,artifact (too close),
linked_tori,gelu,False,8,3,3,0.9645,False,False,False,3,3,,,,0.0003020025844538411,True,True,False,False,artifact (too close),
linked_tori,gelu,False,8,3,3,0.9645,False,False,False,4,3,,,,0.00010107331263814221,True,True,False,False,artifact (too close),
linked_tori,gelu,False,8,3,3,0.9645,False,False,False,5,3,,,,5.8991849077342315e-05,True,True,False,False,artifact (too close),
linked_tori,gelu,False,8,3,3,0.9645,False,False,False,6,3,,,,0.00011956625026376387,True,True,False,False,artifact (too close),
linked_tori,gelu,False,8,3,3,0.9645,False,False,False,7,3,,,,0.00015965439285293932,True,True,False,False,artifact (too close),
linked_tori,gelu,False,8,3,3,0.9645,False,False,False,8,3,,,,0.0002812257554739583,True,True,False,False,artifact (too close),
linked_tori,gelu,False,8,3,4,0.952,False,False,False,0,3,-1.000025100237454,-1.0,2.510023745405654e-05,0.9999999999999998,True,False,False,True,exact (d=3),
linked_tori,gelu,False,8,3,4,0.952,False,False,False,1,3,,,,0.0033678024274721888,True,True,False,False,artifact (too close),
linked_tori,gelu,False,8,3,4,0.952,False,False,False,2,3,,,,0.0026656821423800673,True,True,False,False,artifact (too close),
linked_tori,gelu,False,8,3,4,0.952,False,False,False,3,3,,,,0.001865091204568597,True,True,False,False,artifact (too close),
linked_tori,gelu,False,8,3,4,0.952,False,False,False,4,3,,,,0.0031891498501180116,True,True,False,False,artifact (too close),
linked_tori,gelu,False,8,3,4,0.952,False,False,False,5,3,,,,0.0062643804279730346,True,True,False,False,artifact (too close),
linked_tori,gelu,False,8,3,4,0.952,False,False,False,6,3,,,,0.0035398794502887487,True,True,False,False,artifact (too close),
linked_tori,gelu,False,8,3,4,0.952,False,False,False,7,3,,,,0.011397974015214515,True,True,False,False,artifact (too close),
linked_tori,gelu,False,8,3,4,0.952,False,False,False,8,3,,,,0.00024034209044198886,True,True,False,False,artifact (too close),
linked_tori,gelu,False,12,3,0,0.96,False,False,False,0,3,-1.000025100237454,-1.0,2.510023745405654e-05,0.9999999999999998,True,False,False,True,exact (d=3),
linked_tori,gelu,False,12,3,0,0.96,False,False,False,1,3,0.9999198600451324,1.0,8.013995486755299e-05,0.03424229790520903,True,False,False,True,exact (d=3),
linked_tori,gelu,False,12,3,0,0.96,False,False,False,2,3,-1.0003308563278375,-1.0,0.0003308563278374699,0.03315593829226982,True,False,False,True,exact (d=3),
linked_tori,gelu,False,12,3,0,0.96,False,False,False,3,3,,,,0.00958705175411259,True,True,False,False,artifact (too close),
linked_tori,gelu,False,12,3,0,0.96,False,False,False,4,3,,,,0.00867264205588019,True,True,False,False,artifact (too close),
linked_tori,gelu,False,12,3,0,0.96,False,False,False,5,3,,,,0.007259685855788315,True,True,False,False,artifact (too close),
linked_tori,gelu,False,12,3,0,0.96,False,False,False,6,3,,,,0.011470778363240083,True,True,False,False,artifact (too close),
linked_tori,gelu,False,12,3,0,0.96,False,False,False,7,3,-0.044917804693239756,0.0,0.044917804693239756,0.022864134867319537,True,False,False,True,exact (d=3),
linked_tori,gelu,False,12,3,0,0.96,False,False,False,8,3,-0.015602121416388014,0.0,0.015602121416388014,0.02469340614830082,True,False,False,True,exact (d=3),
linked_tori,gelu,False,12,3,0,0.96,False,False,False,9,3,-0.14685786051922486,0.0,0.14685786051922486,0.027104201466545918,True,False,False,True,exact (d=3),
linked_tori,gelu,False,12,3,0,0.96,False,False,False,10,3,,,,0.006629823265588876,True,True,False,False,artifact (too close),
linked_tori,gelu,False,12,3,0,0.96,False,False,False,11,3,,,,0.002523175749513908,True,True,False,False,artifact (too close),
linked_tori,gelu,False,12,3,0,0.96,False,False,False,12,3,,,,0.005343681018462227,True,True,False,False,artifact (too close),
linked_tori,gelu,False,12,3,1,0.952,False,False,False,0,3,-1.000025100237454,-1.0,2.510023745405654e-05,0.9999999999999998,True,False,False,True,exact (d=3),
linked_tori,gelu,False,12,3,1,0.952,False,False,False,1,3,1.0000635354961946,1.0,6.353549619464438e-05,0.027635003045849354,True,False,False,True,exact (d=3),
linked_tori,gelu,False,12,3,1,0.952,False,False,False,2,3,,,,0.00995346961783345,True,True,False,False,artifact (too close),
linked_tori,gelu,False,12,3,1,0.952,False,False,False,3,3,,,,0.00037341452006530194,True,True,False,False,artifact (too close),
linked_tori,gelu,False,12,3,1,0.952,False,False,False,4,3,,,,9.155410755011928e-05,True,True,False,False,artifact (too close),
linked_tori,gelu,False,12,3,1,0.952,False,False,False,5,3,,,,0.0001943194105650351,True,True,False,False,artifact (too close),
linked_tori,gelu,False,12,3,1,0.952,False,False,False,6,3,,,,0.0001306291341198753,True,True,False,False,artifact (too close),
linked_tori,gelu,False,12,3,1,0.952,False,False,False,7,3,,,,0.00012111582602358618,True,True,False,False,artifact (too close),
linked_tori,gelu,False,12,3,1,0.952,False,False,False,8,3,,,,0.00014184286584664486,True,True,False,False,artifact (too close),
linked_tori,gelu,False,12,3,1,0.952,False,False,False,9,3,,,,0.00017288043788322413,True,True,False,False,artifact (too close),
linked_tori,gelu,False,12,3,1,0.952,False,False,False,10,3,,,,0.0002407888370678439,True,True,False,False,artifact (too close),
linked_tori,gelu,False,12,3,1,0.952,False,False,False,11,3,,,,3.7193237007201755e-05,True,True,False,False,artifact (too close),
linked_tori,gelu,False,12,3,1,0.952,False,False,False,12,3,,,,1.5253476688685579e-05,True,True,False,False,artifact (too close),
linked_tori,gelu,False,12,3,2,1.0,True,True,False,0,3,-1.000025100237454,-1.0,2.510023745405654e-05,0.9999999999999998,True,False,False,True,exact (d=3),
linked_tori,gelu,False,12,3,2,1.0,True,True,False,1,3,-1.7537678608075247e-06,0.0,1.7537678608075247e-06,0.14223209247748317,True,False,False,True,exact (d=3),
linked_tori,gelu,False,12,3,2,1.0,True,True,False,2,3,4.862208948701103e-06,0.0,4.862208948701103e-06,0.09650146608390062,True,False,False,True,exact (d=3),
linked_tori,gelu,False,12,3,2,1.0,True,True,False,3,3,-5.0015237716455904e-08,0.0,5.0015237716455904e-08,0.2848694523616937,True,False,False,True,exact (d=3),
linked_tori,gelu,False,12,3,2,1.0,True,True,False,4,3,1.7817466536967917e-08,0.0,1.7817466536967917e-08,0.05893650947447363,True,False,False,True,exact (d=3),
linked_tori,gelu,False,12,3,2,1.0,True,True,False,5,3,3.053610505953208e-08,0.0,3.053610505953208e-08,0.1046162101226088,True,False,False,True,exact (d=3),
linked_tori,gelu,False,12,3,2,1.0,True,True,False,6,3,3.6744396372423685e-09,0.0,3.6744396372423685e-09,0.2792579593076642,True,False,False,True,exact (d=3),
linked_tori,gelu,False,12,3,2,1.0,True,True,False,7,3,-1.7229549192420864e-10,0.0,1.7229549192420864e-10,0.5424262797918074,True,False,False,True,exact (d=3),
linked_tori,gelu,False,12,3,2,1.0,True,True,False,8,3,-1.2372320962432964e-12,0.0,1.2372320962432964e-12,1.2482901469066265,True,False,False,True,exact (d=3),
linked_tori,gelu,False,12,3,2,1.0,True,True,False,9,3,-2.924807986589629e-11,0.0,2.924807986589629e-11,1.5100200136398567,True,False,False,True,exact (d=3),
linked_tori,gelu,False,12,3,2,1.0,True,True,False,10,3,5.567327678094374e-13,0.0,5.567327678094374e-13,1.661193300235683,True,False,False,True,exact (d=3),
linked_tori,gelu,False,12,3,2,1.0,True,True,False,11,3,3.220273296007127e-13,0.0,3.220273296007127e-13,2.099866062492773,True,False,False,True,exact (d=3),
linked_tori,gelu,False,12,3,2,1.0,True,True,False,12,3,-3.068822333796478e-14,0.0,3.068822333796478e-14,5.525162896544885,True,False,False,True,exact (d=3),
linked_tori,gelu,False,12,3,3,0.967,False,False,False,0,3,-1.000025100237454,-1.0,2.510023745405654e-05,0.9999999999999998,True,False,False,True,exact (d=3),
linked_tori,gelu,False,12,3,3,0.967,False,False,False,1,3,,,,0.0019704627054060748,True,True,False,False,artifact (too close),
linked_tori,gelu,False,12,3,3,0.967,False,False,False,2,3,,,,0.0007930435083386562,True,True,False,False,artifact (too close),
linked_tori,gelu,False,12,3,3,0.967,False,False,False,3,3,,,,0.00023578854457420096,True,True,False,False,artifact (too close),
linked_tori,gelu,False,12,3,3,0.967,False,False,False,4,3,,,,0.00025196534798140464,True,True,False,False,artifact (too close),
linked_tori,gelu,False,12,3,3,0.967,False,False,False,5,3,,,,0.00023238445408357183,True,True,False,False,artifact (too close),
linked_tori,gelu,False,12,3,3,0.967,False,False,False,6,3,,,,0.00010926483195139078,True,True,False,False,artifact (too close),
linked_tori,gelu,False,12,3,3,0.967,False,False,False,7,3,,,,5.667745837157185e-05,True,True,False,False,artifact (too close),
linked_tori,gelu,False,12,3,3,0.967,False,False,False,8,3,,,,9.864052220758232e-05,True,True,False,False,artifact (too close),
linked_tori,gelu,False,12,3,3,0.967,False,False,False,9,3,,,,0.00015544640562513735,True,True,False,False,artifact (too close),
linked_tori,gelu,False,12,3,3,0.967,False,False,False,10,3,,,,0.00015864820590585015,True,True,False,False,artifact (too close),
linked_tori,gelu,False,12,3,3,0.967,False,False,False,11,3,,,,0.00026178814764535557,True,True,False,False,artifact (too close),
linked_tori,gelu,False,12,3,3,0.967,False,False,False,12,3,,,,0.0005267262981530674,True,True,False,False,artifact (too close),
linked_tori,gelu,False,12,3,4,0.9545,False,False,False,0,3,-1.000025100237454,-1.0,2.510023745405654e-05,0.9999999999999998,True,False,False,True,exact (d=3),
linked_tori,gelu,False,12,3,4,0.9545,False,False,False,1,3,,,,0.01615374176276968,True,True,False,False,artifact (too close),
linked_tori,gelu,False,12,3,4,0.9545,False,False,False,2,3,,,,0.003643873438857698,True,True,False,False,artifact (too close),
linked_tori,gelu,False,12,3,4,0.9545,False,False,False,3,3,,,,0.0012847990735307046,True,True,False,False,artifact (too close),
linked_tori,gelu,False,12,3,4,0.9545,False,False,False,4,3,,,,0.0004099945109634924,True,True,False,False,artifact (too close),
linked_tori,gelu,False,12,3,4,0.9545,False,False,False,5,3,,,,0.0005764829473276558,True,True,False,False,artifact (too close),
linked_tori,gelu,False,12,3,4,0.9545,False,False,False,6,3,,,,0.0007369097593290832,True,True,False,False,artifact (too close),
linked_tori,gelu,False,12,3,4,0.9545,False,False,False,7,3,,,,0.0019127544609020795,True,True,False,False,artifact (too close),
linked_tori,gelu,False,12,3,4,0.9545,False,False,False,8,3,,,,0.002919046418873787,True,True,False,False,artifact (too close),
linked_tori,gelu,False,12,3,4,0.9545,False,False,False,9,3,,,,0.003549559970642763,True,True,False,False,artifact (too close),
linked_tori,gelu,False,12,3,4,0.9545,False,False,False,10,3,,,,0.0013032323197644591,True,True,False,False,artifact (too close),
linked_tori,gelu,False,12,3,4,0.9545,False,False,False,11,3,,,,0.0007684650405386581,True,True,False,False,artifact (too close),
linked_tori,gelu,False,12,3,4,0.9545,False,False,False,12,3,,,,0.0011084309926362094,True,True,False,False,artifact (too close),
linked_tori,leaky_relu,True,3,3,0,0.9665,False,False,False,0,3,-1.000025100237454,-1.0,2.510023745405654e-05,0.9999999999999998,True,False,False,True,exact (d=3),
linked_tori,leaky_relu,True,3,3,0,0.9665,False,False,False,1,3,,,,0.008364603105137852,True,True,False,False,artifact (too close),
linked_tori,leaky_relu,True,3,3,0,0.9665,False,False,False,2,3,,,,0.007684222980058319,True,True,False,False,artifact (too close),
linked_tori,leaky_relu,True,3,3,0,0.9665,False,False,False,3,3,,,,0.0009000091999801252,True,True,False,False,artifact (too close),
linked_tori,leaky_relu,True,3,3,1,0.9555,False,False,False,0,3,-1.000025100237454,-1.0,2.510023745405654e-05,0.9999999999999998,True,False,False,True,exact (d=3),
linked_tori,leaky_relu,True,3,3,1,0.9555,False,False,False,1,3,,,,0.017092076937543676,True,True,False,False,artifact (too close),
linked_tori,leaky_relu,True,3,3,1,0.9555,False,False,False,2,3,,,,0.0002955405584730029,True,True,False,False,artifact (too close),
linked_tori,leaky_relu,True,3,3,1,0.9555,False,False,False,3,3,,,,1.1491616607434912e-05,True,True,False,False,artifact (too close),
linked_tori,leaky_relu,True,3,3,2,0.9695,False,False,False,0,3,-1.000025100237454,-1.0,2.510023745405654e-05,0.9999999999999998,True,False,False,True,exact (d=3),
linked_tori,leaky_relu,True,3,3,2,0.9695,False,False,False,1,3,,,,0.008654071270139563,True,True,False,False,artifact (too close),
linked_tori,leaky_relu,True,3,3,2,0.9695,False,False,False,2,3,,,,0.01791401517912002,True,True,False,False,artifact (too close),
linked_tori,leaky_relu,True,3,3,2,0.9695,False,False,False,3,3,,,,8.471796319981011e-05,True,True,False,False,artifact (too close),
linked_tori,leaky_relu,True,3,3,3,0.9635,False,False,False,0,3,-1.000025100237454,-1.0,2.510023745405654e-05,0.9999999999999998,True,False,False,True,exact (d=3),
linked_tori,leaky_relu,True,3,3,3,0.9635,False,False,False,1,3,,,,0.0009897065810047362,True,True,False,False,artifact (too close),
linked_tori,leaky_relu,True,3,3,3,0.9635,False,False,False,2,3,,,,0.0038088347557841034,True,True,False,False,artifact (too close),
linked_tori,leaky_relu,True,3,3,3,0.9635,False,False,False,3,3,,,,0.0025111885788183528,True,True,False,False,artifact (too close),
linked_tori,leaky_relu,True,3,3,4,0.956,False,False,False,0,3,-1.000025100237454,-1.0,2.510023745405654e-05,0.9999999999999998,True,False,False,True,exact (d=3),
linked_tori,leaky_relu,True,3,3,4,0.956,False,False,False,1,3,,,,0.012433647615080813,True,True,False,False,artifact (too close),
linked_tori,leaky_relu,True,3,3,4,0.956,False,False,False,2,3,,,,0.008524105999071134,True,True,False,False,artifact (too close),
linked_tori,leaky_relu,True,3,3,4,0.956,False,False,False,3,3,,,,0.00884443727892517,True,True,False,False,artifact (too close),
linked_tori,leaky_relu,True,5,3,0,0.958,False,False,False,0,3,-1.000025100237454,-1.0,2.510023745405654e-05,0.9999999999999998,True,False,False,True,exact (d=3),
linked_tori,leaky_relu,True,5,3,0,0.958,False,False,False,1,3,,,,0.002349639969924857,True,True,False,False,artifact (too close),
linked_tori,leaky_relu,True,5,3,0,0.958,False,False,False,2,3,,,,0.0009395014347220095,True,True,False,False,artifact (too close),
linked_tori,leaky_relu,True,5,3,0,0.958,False,False,False,3,3,,,,0.0013759328200176816,True,True,False,False,artifact (too close),
linked_tori,leaky_relu,True,5,3,0,0.958,False,False,False,4,3,,,,0.004181865152679673,True,True,False,False,artifact (too close),
linked_tori,leaky_relu,True,5,3,0,0.958,False,False,False,5,3,,,,0.00015875157193048954,True,True,False,False,artifact (too close),
linked_tori,leaky_relu,True,5,3,1,0.959,False,False,False,0,3,-1.000025100237454,-1.0,2.510023745405654e-05,0.9999999999999998,True,False,False,True,exact (d=3),
linked_tori,leaky_relu,True,5,3,1,0.959,False,False,False,1,3,,,,0.012920439604221382,True,True,False,False,artifact (too close),
linked_tori,leaky_relu,True,5,3,1,0.959,False,False,False,2,3,,,,0.01626585237809321,True,True,False,False,artifact (too close),
linked_tori,leaky_relu,True,5,3,1,0.959,False,False,False,3,3,,,,0.004332135997006562,True,True,False,False,artifact (too close),
linked_tori,leaky_relu,True,5,3,1,0.959,False,False,False,4,3,,,,0.0030268238564298364,True,True,False,False,artifact (too close),
linked_tori,leaky_relu,True,5,3,1,0.959,False,False,False,5,3,,,,0.005082325230092384,True,True,False,False,artifact (too close),
linked_tori,leaky_relu,True,5,3,2,0.9685,False,False,False,0,3,-1.000025100237454,-1.0,2.510023745405654e-05,0.9999999999999998,True,False,False,True,exact (d=3),
linked_tori,leaky_relu,True,5,3,2,0.9685,False,False,False,1,3,,,,0.006328584797172322,True,True,False,False,artifact (too close),
linked_tori,leaky_relu,True,5,3,2,0.9685,False,False,False,2,3,,,,0.011788317493609772,True,True,False,False,artifact (too close),
linked_tori,leaky_relu,True,5,3,2,0.9685,False,False,False,3,3,,,,0.0004336092397177451,True,True,False,False,artifact (too close),
linked_tori,leaky_relu,True,5,3,2,0.9685,False,False,False,4,3,,,,0.0007417267047443312,True,True,False,False,artifact (too close),
linked_tori,leaky_relu,True,5,3,2,0.9685,False,False,False,5,3,,,,0.0009137088251678197,True,True,False,False,artifact (too close),
linked_tori,leaky_relu,True,5,3,3,0.9605,False,False,False,0,3,-1.000025100237454,-1.0,2.510023745405654e-05,0.9999999999999998,True,False,False,True,exact (d=3),
linked_tori,leaky_relu,True,5,3,3,0.9605,False,False,False,1,3,,,,0.0029548866270768426,True,True,False,False,artifact (too close),
linked_tori,leaky_relu,True,5,3,3,0.9605,False,False,False,2,3,,,,0.0013381558443887704,True,True,False,False,artifact (too close),
linked_tori,leaky_relu,True,5,3,3,0.9605,False,False,False,3,3,,,,0.0003785323603077752,True,True,False,False,artifact (too close),
linked_tori,leaky_relu,True,5,3,3,0.9605,False,False,False,4,3,,,,1.9426697054532842e-05,True,True,False,False,artifact (too close),
linked_tori,leaky_relu,True,5,3,3,0.9605,False,False,False,5,3,,,,1.170985618947195e-06,True,True,False,False,artifact (too close),
linked_tori,leaky_relu,True,5,3,4,0.966,False,False,False,0,3,-1.000025100237454,-1.0,2.510023745405654e-05,0.9999999999999998,True,False,False,True,exact (d=3),
linked_tori,leaky_relu,True,5,3,4,0.966,False,False,False,1,3,,,,0.0075921252432437905,True,True,False,False,artifact (too close),
linked_tori,leaky_relu,True,5,3,4,0.966,False,False,False,2,3,,,,0.008596358193473638,True,True,False,False,artifact (too close),
linked_tori,leaky_relu,True,5,3,4,0.966,False,False,False,3,3,,,,0.00485198144738745,True,True,False,False,artifact (too close),
linked_tori,leaky_relu,True,5,3,4,0.966,False,False,False,4,3,,,,0.00431549774229588,True,True,False,False,artifact (too close),
linked_tori,leaky_relu,True,5,3,4,0.966,False,False,False,5,3,,,,0.006097072503150766,True,True,False,False,artifact (too close),
linked_tori,leaky_relu,True,8,3,0,0.9685,False,False,False,0,3,-1.000025100237454,-1.0,2.510023745405654e-05,0.9999999999999998,True,False,False,True,exact (d=3),
linked_tori,leaky_relu,True,8,3,0,0.9685,False,False,False,1,3,,,,0.00010355730934024851,True,True,False,False,artifact (too close),
linked_tori,leaky_relu,True,8,3,0,0.9685,False,False,False,2,3,,,,2.641111756756334e-05,True,True,False,False,artifact (too close),
linked_tori,leaky_relu,True,8,3,0,0.9685,False,False,False,3,3,,,,5.45431353772917e-06,True,True,False,False,artifact (too close),
linked_tori,leaky_relu,True,8,3,0,0.9685,False,False,False,4,3,,,,7.156529912854974e-06,True,True,False,False,artifact (too close),
linked_tori,leaky_relu,True,8,3,0,0.9685,False,False,False,5,3,,,,5.893178477452918e-06,True,True,False,False,artifact (too close),
linked_tori,leaky_relu,True,8,3,0,0.9685,False,False,False,6,3,,,,6.509607699692277e-06,True,True,False,False,artifact (too close),
linked_tori,leaky_relu,True,8,3,0,0.9685,False,False,False,7,3,,,,6.2429997127407345e-06,True,True,False,False,artifact (too close),
linked_tori,leaky_relu,True,8,3,0,0.9685,False,False,False,8,3,,,,5.689668447390425e-06,True,True,False,False,artifact (too close),
linked_tori,leaky_relu,True,8,3,1,0.964,False,False,False,0,3,-1.000025100237454,-1.0,2.510023745405654e-05,0.9999999999999998,True,False,False,True,exact (d=3),
linked_tori,leaky_relu,True,8,3,1,0.964,False,False,False,1,3,,,,0.012200398387842716,True,True,False,False,artifact (too close),
linked_tori,leaky_relu,True,8,3,1,0.964,False,False,False,2,3,,,,0.0009322116727739098,True,True,False,False,artifact (too close),
linked_tori,leaky_relu,True,8,3,1,0.964,False,False,False,3,3,,,,0.0007931050357421462,True,True,False,False,artifact (too close),
linked_tori,leaky_relu,True,8,3,1,0.964,False,False,False,4,3,,,,0.00012011591455080572,True,True,False,False,artifact (too close),
linked_tori,leaky_relu,True,8,3,1,0.964,False,False,False,5,3,,,,9.391867487222533e-05,True,True,False,False,artifact (too close),
linked_tori,leaky_relu,True,8,3,1,0.964,False,False,False,6,3,,,,5.897905201251584e-06,True,True,False,False,artifact (too close),
linked_tori,leaky_relu,True,8,3,1,0.964,False,False,False,7,3,,,,3.961691665756046e-06,True,True,False,False,artifact (too close),
linked_tori,leaky_relu,True,8,3,1,0.964,False,False,False,8,3,,,,4.142790809716968e-06,True,True,False,False,artifact (too close),
linked_tori,leaky_relu,True,8,3,2,0.916,False,False,False,0,3,-1.000025100237454,-1.0,2.510023745405654e-05,0.9999999999999998,True,False,False,True,exact (d=3),
linked_tori,leaky_relu,True,8,3,2,0.916,False,False,False,1,3,,,,0.009617593818176954,True,True,False,False,artifact (too close),
linked_tori,leaky_relu,True,8,3,2,0.916,False,False,False,2,3,,,,0.01387681430387838,True,True,False,False,artifact (too close),
linked_tori,leaky_relu,True,8,3,2,0.916,False,False,False,3,3,,,,0.00048256534023996545,True,True,False,False,artifact (too close),
linked_tori,leaky_relu,True,8,3,2,0.916,False,False,False,4,3,,,,0.0005966923799775847,True,True,False,False,artifact (too close),
linked_tori,leaky_relu,True,8,3,2,0.916,False,False,False,5,3,,,,0.00019424213756745858,True,True,False,False,artifact (too close),
linked_tori,leaky_relu,True,8,3,2,0.916,False,False,False,6,3,,,,7.083912355438283e-05,True,True,False,False,artifact (too close),
linked_tori,leaky_relu,True,8,3,2,0.916,False,False,False,7,3,,,,9.997371528511762e-07,True,True,False,False,artifact (too close),
linked_tori,leaky_relu,True,8,3,2,0.916,False,False,False,8,3,,,,5.681525714187733e-06,True,True,False,False,artifact (too close),
linked_tori,leaky_relu,True,8,3,3,0.9625,False,False,False,0,3,-1.000025100237454,-1.0,2.510023745405654e-05,0.9999999999999998,True,False,False,True,exact (d=3),
linked_tori,leaky_relu,True,8,3,3,0.9625,False,False,False,1,3,,,,0.011249065975842982,True,True,False,False,artifact (too close),
linked_tori,leaky_relu,True,8,3,3,0.9625,False,False,False,2,3,,,,0.0015220586823101155,True,True,False,False,artifact (too close),
linked_tori,leaky_relu,True,8,3,3,0.9625,False,False,False,3,3,,,,3.385549997552702e-05,True,True,False,False,artifact (too close),
linked_tori,leaky_relu,True,8,3,3,0.9625,False,False,False,4,3,,,,2.197233726212362e-06,True,True,False,False,artifact (too close),
linked_tori,leaky_relu,True,8,3,3,0.9625,False,False,False,5,3,,,,1.3300194178379505e-05,True,True,False,False,artifact (too close),
linked_tori,leaky_relu,True,8,3,3,0.9625,False,False,False,6,3,,,,4.887944301026084e-07,True,True,False,False,artifact (too close),
linked_tori,leaky_relu,True,8,3,3,0.9625,False,False,False,7,3,,,,2.0539833235875102e-07,True,True,False,False,artifact (too close),
linked_tori,leaky_relu,True,8,3,3,0.9625,False,False,False,8,3,,,,4.2041349350410357e-07,True,True,False,False,artifact (too close),
linked_tori,leaky_relu,True,8,3,4,0.953,False,False,False,0,3,-1.000025100237454,-1.0,2.510023745405654e-05,0.9999999999999998,True,False,False,True,exact (d=3),
linked_tori,leaky_relu,True,8,3,4,0.953,False,False,False,1,3,,,,0.009303261151020273,True,True,False,False,artifact (too close),
linked_tori,leaky_relu,True,8,3,4,0.953,False,False,False,2,3,,,,0.0006317325724555832,True,True,False,False,artifact (too close),
linked_tori,leaky_relu,True,8,3,4,0.953,False,False,False,3,3,,,,0.002106475120652901,True,True,False,False,artifact (too close),
linked_tori,leaky_relu,True,8,3,4,0.953,False,False,False,4,3,,,,0.00022820123989524815,True,True,False,False,artifact (too close),
linked_tori,leaky_relu,True,8,3,4,0.953,False,False,False,5,3,,,,0.00041319686931951444,True,True,False,False,artifact (too close),
linked_tori,leaky_relu,True,8,3,4,0.953,False,False,False,6,3,,,,0.0004216539452289876,True,True,False,False,artifact (too close),
linked_tori,leaky_relu,True,8,3,4,0.953,False,False,False,7,3,,,,0.0004591110550436553,True,True,False,False,artifact (too close),
linked_tori,leaky_relu,True,8,3,4,0.953,False,False,False,8,3,,,,0.0001790607141514073,True,True,False,False,artifact (too close),
linked_tori,leaky_relu,True,12,3,0,0.5,False,False,True,0,3,-1.000025100237454,-1.0,2.510023745405654e-05,0.9999999999999998,True,False,False,True,exact (d=3),
linked_tori,leaky_relu,True,12,3,0,0.5,False,False,True,1,3,,,,0.0034268547079990344,True,True,False,False,artifact (too close),
linked_tori,leaky_relu,True,12,3,0,0.5,False,False,True,2,3,,,,4.704312164998602e-05,True,True,False,False,artifact (too close),
linked_tori,leaky_relu,True,12,3,0,0.5,False,False,True,3,3,,,,3.1304270528611065e-07,True,True,False,False,artifact (too close),
linked_tori,leaky_relu,True,12,3,0,0.5,False,False,True,4,3,,,,1.9421592947448901e-07,True,True,False,False,artifact (too close),
linked_tori,leaky_relu,True,12,3,0,0.5,False,False,True,5,3,,,,5.522063572719424e-10,True,True,False,False,artifact (too close),
linked_tori,leaky_relu,True,12,3,0,0.5,False,False,True,6,3,,,,0.0,False,True,False,False,undefined (curves meet),
linked_tori,leaky_relu,True,12,3,0,0.5,False,False,True,7,3,,,,0.0,False,True,False,False,undefined (curves meet),
linked_tori,leaky_relu,True,12,3,0,0.5,False,False,True,8,3,,,,0.0,False,True,False,False,undefined (curves meet),
linked_tori,leaky_relu,True,12,3,0,0.5,False,False,True,9,3,,,,0.0,False,True,False,False,undefined (curves meet),
linked_tori,leaky_relu,True,12,3,0,0.5,False,False,True,10,3,,,,0.0,False,True,False,False,undefined (curves meet),
linked_tori,leaky_relu,True,12,3,0,0.5,False,False,True,11,3,,,,0.0,False,True,False,False,undefined (curves meet),
linked_tori,leaky_relu,True,12,3,0,0.5,False,False,True,12,3,,,,0.0,False,True,False,False,undefined (curves meet),
linked_tori,leaky_relu,True,12,3,1,0.5,False,False,True,0,3,-1.000025100237454,-1.0,2.510023745405654e-05,0.9999999999999998,True,False,False,True,exact (d=3),
linked_tori,leaky_relu,True,12,3,1,0.5,False,False,True,1,3,,,,0.0031612205236272468,True,True,False,False,artifact (too close),
linked_tori,leaky_relu,True,12,3,1,0.5,False,False,True,2,3,,,,3.3060978307181014e-06,True,True,False,False,artifact (too close),
linked_tori,leaky_relu,True,12,3,1,0.5,False,False,True,3,3,,,,1.7542827213992916e-08,True,True,False,False,artifact (too close),
linked_tori,leaky_relu,True,12,3,1,0.5,False,False,True,4,3,,,,5.268356063861754e-09,True,True,False,False,artifact (too close),
linked_tori,leaky_relu,True,12,3,1,0.5,False,False,True,5,3,,,,2.634178031930877e-09,True,True,False,False,artifact (too close),
linked_tori,leaky_relu,True,12,3,1,0.5,False,False,True,6,3,,,,0.0,False,True,False,False,undefined (curves meet),
linked_tori,leaky_relu,True,12,3,1,0.5,False,False,True,7,3,,,,0.0,False,True,False,False,undefined (curves meet),
linked_tori,leaky_relu,True,12,3,1,0.5,False,False,True,8,3,,,,0.0,False,True,False,False,undefined (curves meet),
linked_tori,leaky_relu,True,12,3,1,0.5,False,False,True,9,3,,,,0.0,False,True,False,False,undefined (curves meet),
linked_tori,leaky_relu,True,12,3,1,0.5,False,False,True,10,3,,,,0.0,False,True,False,False,undefined (curves meet),
linked_tori,leaky_relu,True,12,3,1,0.5,False,False,True,11,3,,,,0.0,False,True,False,False,undefined (curves meet),
linked_tori,leaky_relu,True,12,3,1,0.5,False,False,True,12,3,,,,0.0,False,True,False,False,undefined (curves meet),
linked_tori,leaky_relu,True,12,3,2,0.9645,False,False,False,0,3,-1.000025100237454,-1.0,2.510023745405654e-05,0.9999999999999998,True,False,False,True,exact (d=3),
linked_tori,leaky_relu,True,12,3,2,0.9645,False,False,False,1,3,,,,0.008149437595408792,True,True,False,False,artifact (too close),
linked_tori,leaky_relu,True,12,3,2,0.9645,False,False,False,2,3,,,,0.00011697858705826825,True,True,False,False,artifact (too close),
linked_tori,leaky_relu,True,12,3,2,0.9645,False,False,False,3,3,,,,2.154692966197003e-05,True,True,False,False,artifact (too close),
linked_tori,leaky_relu,True,12,3,2,0.9645,False,False,False,4,3,,,,9.358119051520575e-07,True,True,False,False,artifact (too close),
linked_tori,leaky_relu,True,12,3,2,0.9645,False,False,False,5,3,,,,7.49811269367285e-07,True,True,False,False,artifact (too close),
linked_tori,leaky_relu,True,12,3,2,0.9645,False,False,False,6,3,,,,8.616943535090066e-07,True,True,False,False,artifact (too close),
linked_tori,leaky_relu,True,12,3,2,0.9645,False,False,False,7,3,,,,1.3863686739937077e-06,True,True,False,False,artifact (too close),
linked_tori,leaky_relu,True,12,3,2,0.9645,False,False,False,8,3,,,,1.723388707018013e-06,True,True,False,False,artifact (too close),
linked_tori,leaky_relu,True,12,3,2,0.9645,False,False,False,9,3,,,,2.2476563018518452e-06,True,True,False,False,artifact (too close),
linked_tori,leaky_relu,True,12,3,2,0.9645,False,False,False,10,3,,,,2.2381524271391137e-06,True,True,False,False,artifact (too close),
linked_tori,leaky_relu,True,12,3,2,0.9645,False,False,False,11,3,,,,1.8487051033104447e-06,True,True,False,False,artifact (too close),
linked_tori,leaky_relu,True,12,3,2,0.9645,False,False,False,12,3,,,,4.81692568307277e-06,True,True,False,False,artifact (too close),
linked_tori,leaky_relu,True,12,3,3,0.97,False,False,False,0,3,-1.000025100237454,-1.0,2.510023745405654e-05,0.9999999999999998,True,False,False,True,exact (d=3),
linked_tori,leaky_relu,True,12,3,3,0.97,False,False,False,1,3,-1.001916957655138,-1.0,0.0019169576551381073,0.04007612877670302,True,False,False,True,exact (d=3),
linked_tori,leaky_relu,True,12,3,3,0.97,False,False,False,2,3,-0.07009842112302274,0.0,0.07009842112302274,0.022446206139491852,True,False,False,True,exact (d=3),
linked_tori,leaky_relu,True,12,3,3,0.97,False,False,False,3,3,0.0010731271703690961,0.0,0.0010731271703690961,0.021865214767847394,True,False,False,True,exact (d=3),
linked_tori,leaky_relu,True,12,3,3,0.97,False,False,False,4,3,,,,0.0008198725310134128,True,True,False,False,artifact (too close),
linked_tori,leaky_relu,True,12,3,3,0.97,False,False,False,5,3,,,,0.00037709009473844,True,True,False,False,artifact (too close),
linked_tori,leaky_relu,True,12,3,3,0.97,False,False,False,6,3,,,,0.0007091174051666535,True,True,False,False,artifact (too close),
linked_tori,leaky_relu,True,12,3,3,0.97,False,False,False,7,3,,,,0.0007395959290392484,True,True,False,False,artifact (too close),
linked_tori,leaky_relu,True,12,3,3,0.97,False,False,False,8,3,,,,0.000809814072292857,True,True,False,False,artifact (too close),
linked_tori,leaky_relu,True,12,3,3,0.97,False,False,False,9,3,,,,0.0011960875740279393,True,True,False,False,artifact (too close),
linked_tori,leaky_relu,True,12,3,3,0.97,False,False,False,10,3,,,,0.0028355426362398355,True,True,False,False,artifact (too close),
linked_tori,leaky_relu,True,12,3,3,0.97,False,False,False,11,3,,,,8.402072693141693e-05,True,True,False,False,artifact (too close),
linked_tori,leaky_relu,True,12,3,3,0.97,False,False,False,12,3,,,,2.575824999127247e-06,True,True,False,False,artifact (too close),
linked_tori,leaky_relu,True,12,3,4,0.9525,False,False,False,0,3,-1.000025100237454,-1.0,2.510023745405654e-05,0.9999999999999998,True,False,False,True,exact (d=3),
linked_tori,leaky_relu,True,12,3,4,0.9525,False,False,False,1,3,,,,0.001560227447786297,True,True,False,False,artifact (too close),
linked_tori,leaky_relu,True,12,3,4,0.9525,False,False,False,2,3,,,,0.0009590193541641177,True,True,False,False,artifact (too close),
linked_tori,leaky_relu,True,12,3,4,0.9525,False,False,False,3,3,,,,0.0020603593771257945,True,True,False,False,artifact (too close),
linked_tori,leaky_relu,True,12,3,4,0.9525,False,False,False,4,3,,,,0.002725550996953455,True,True,False,False,artifact (too close),
linked_tori,leaky_relu,True,12,3,4,0.9525,False,False,False,5,3,,,,0.0029726411501225835,True,True,False,False,artifact (too close),
linked_tori,leaky_relu,True,12,3,4,0.9525,False,False,False,6,3,,,,0.001366890692177412,True,True,False,False,artifact (too close),
linked_tori,leaky_relu,True,12,3,4,0.9525,False,False,False,7,3,,,,0.0012665466283864842,True,True,False,False,artifact (too close),
linked_tori,leaky_relu,True,12,3,4,0.9525,False,False,False,8,3,,,,0.0014589100752216263,True,True,False,False,artifact (too close),
linked_tori,leaky_relu,True,12,3,4,0.9525,False,False,False,9,3,,,,8.811920180520818e-05,True,True,False,False,artifact (too close),
linked_tori,leaky_relu,True,12,3,4,0.9525,False,False,False,10,3,,,,0.00016496981710141265,True,True,False,False,artifact (too close),
linked_tori,leaky_relu,True,12,3,4,0.9525,False,False,False,11,3,,,,2.5045135265689036e-05,True,True,False,False,artifact (too close),
linked_tori,leaky_relu,True,12,3,4,0.9525,False,False,False,12,3,,,,3.944335274558211e-07,True,True,False,False,artifact (too close),
linked_tori,relu,True,3,3,0,0.5,False,False,True,0,3,-1.000025100237454,-1.0,2.510023745405654e-05,0.9999999999999998,True,False,False,True,exact (d=3),
linked_tori,relu,True,3,3,0,0.5,False,False,True,1,3,,,,0.0,False,True,False,False,undefined (curves meet),
linked_tori,relu,True,3,3,0,0.5,False,False,True,2,3,,,,0.0,False,True,False,False,undefined (curves meet),
linked_tori,relu,True,3,3,0,0.5,False,False,True,3,3,,,,0.0,False,True,False,False,undefined (curves meet),
linked_tori,relu,True,3,3,1,0.5,False,False,True,0,3,-1.000025100237454,-1.0,2.510023745405654e-05,0.9999999999999998,True,False,False,True,exact (d=3),
linked_tori,relu,True,3,3,1,0.5,False,False,True,1,3,,,,0.0029626888359975006,True,True,False,False,artifact (too close),
linked_tori,relu,True,3,3,1,0.5,False,False,True,2,3,,,,0.0,False,True,False,False,undefined (curves meet),
linked_tori,relu,True,3,3,1,0.5,False,False,True,3,3,,,,0.0,False,True,False,False,undefined (curves meet),
linked_tori,relu,True,3,3,2,0.967,False,False,False,0,3,-1.000025100237454,-1.0,2.510023745405654e-05,0.9999999999999998,True,False,False,True,exact (d=3),
linked_tori,relu,True,3,3,2,0.967,False,False,False,1,3,,,,0.0022208597076938653,True,True,False,False,artifact (too close),
linked_tori,relu,True,3,3,2,0.967,False,False,False,2,3,,,,0.005704388538551829,True,True,False,False,artifact (too close),
linked_tori,relu,True,3,3,2,0.967,False,False,False,3,3,,,,0.0,False,True,False,False,undefined (curves meet),
linked_tori,relu,True,3,3,3,0.961,False,False,False,0,3,-1.000025100237454,-1.0,2.510023745405654e-05,0.9999999999999998,True,False,False,True,exact (d=3),
linked_tori,relu,True,3,3,3,0.961,False,False,False,1,3,,,,0.0033786545009721423,True,True,False,False,artifact (too close),
linked_tori,relu,True,3,3,3,0.961,False,False,False,2,3,,,,0.004053440302114451,True,True,False,False,artifact (too close),
linked_tori,relu,True,3,3,3,0.961,False,False,False,3,3,,,,1.892623461402348e-05,True,True,False,False,artifact (too close),
linked_tori,relu,True,3,3,4,0.9565,False,False,False,0,3,-1.000025100237454,-1.0,2.510023745405654e-05,0.9999999999999998,True,False,False,True,exact (d=3),
linked_tori,relu,True,3,3,4,0.9565,False,False,False,1,3,,,,0.0026244251468468993,True,True,False,False,artifact (too close),
linked_tori,relu,True,3,3,4,0.9565,False,False,False,2,3,,,,0.0036573422951421165,True,True,False,False,artifact (too close),
linked_tori,relu,True,3,3,4,0.9565,False,False,False,3,3,,,,0.006314252425872163,True,True,False,False,artifact (too close),
linked_tori,relu,True,5,3,0,0.5,False,False,True,0,3,-1.000025100237454,-1.0,2.510023745405654e-05,0.9999999999999998,True,False,False,True,exact (d=3),
linked_tori,relu,True,5,3,0,0.5,False,False,True,1,3,,,,0.0,False,True,False,False,undefined (curves meet),
linked_tori,relu,True,5,3,0,0.5,False,False,True,2,3,,,,0.0,False,True,False,False,undefined (curves meet),
linked_tori,relu,True,5,3,0,0.5,False,False,True,3,3,,,,0.0,False,True,False,False,undefined (curves meet),
linked_tori,relu,True,5,3,0,0.5,False,False,True,4,3,,,,0.0,False,True,False,False,undefined (curves meet),
linked_tori,relu,True,5,3,0,0.5,False,False,True,5,3,,,,0.0,False,True,False,False,undefined (curves meet),
linked_tori,relu,True,5,3,1,0.5,False,False,True,0,3,-1.000025100237454,-1.0,2.510023745405654e-05,0.9999999999999998,True,False,False,True,exact (d=3),
linked_tori,relu,True,5,3,1,0.5,False,False,True,1,3,,,,0.0029626888359975006,True,True,False,False,artifact (too close),
linked_tori,relu,True,5,3,1,0.5,False,False,True,2,3,,,,0.0,False,True,False,False,undefined (curves meet),
linked_tori,relu,True,5,3,1,0.5,False,False,True,3,3,,,,0.0,False,True,False,False,undefined (curves meet),
linked_tori,relu,True,5,3,1,0.5,False,False,True,4,3,,,,0.0,False,True,False,False,undefined (curves meet),
linked_tori,relu,True,5,3,1,0.5,False,False,True,5,3,,,,0.0,False,True,False,False,undefined (curves meet),
linked_tori,relu,True,5,3,2,0.9665,False,False,False,0,3,-1.000025100237454,-1.0,2.510023745405654e-05,0.9999999999999998,True,False,False,True,exact (d=3),
linked_tori,relu,True,5,3,2,0.9665,False,False,False,1,3,,,,0.006856335113585433,True,True,False,False,artifact (too close),
linked_tori,relu,True,5,3,2,0.9665,False,False,False,2,3,,,,0.01304722098627425,True,True,False,False,artifact (too close),
linked_tori,relu,True,5,3,2,0.9665,False,False,False,3,3,,,,5.867213529945484e-05,True,True,False,False,artifact (too close),
linked_tori,relu,True,5,3,2,0.9665,False,False,False,4,3,,,,0.0001509934259369161,True,True,False,False,artifact (too close),
linked_tori,relu,True,5,3,2,0.9665,False,False,False,5,3,,,,8.017594670969254e-05,True,True,False,False,artifact (too close),
linked_tori,relu,True,5,3,3,0.5,False,False,True,0,3,-1.000025100237454,-1.0,2.510023745405654e-05,0.9999999999999998,True,False,False,True,exact (d=3),
linked_tori,relu,True,5,3,3,0.5,False,False,True,1,3,,,,1.9423307802685783e-06,True,True,False,False,artifact (too close),
linked_tori,relu,True,5,3,3,0.5,False,False,True,2,3,,,,1.00745515488895e-06,True,True,False,False,artifact (too close),
linked_tori,relu,True,5,3,3,0.5,False,False,True,3,3,,,,0.0,False,True,False,False,undefined (curves meet),
linked_tori,relu,True,5,3,3,0.5,False,False,True,4,3,,,,0.0,False,True,False,False,undefined (curves meet),
linked_tori,relu,True,5,3,3,0.5,False,False,True,5,3,,,,0.0,False,True,False,False,undefined (curves meet),
linked_tori,relu,True,5,3,4,0.9665,False,False,False,0,3,-1.000025100237454,-1.0,2.510023745405654e-05,0.9999999999999998,True,False,False,True,exact (d=3),
linked_tori,relu,True,5,3,4,0.9665,False,False,False,1,3,,,,5.8099538638114736e-05,True,True,False,False,artifact (too close),
linked_tori,relu,True,5,3,4,0.9665,False,False,False,2,3,,,,8.521032517942655e-05,True,True,False,False,artifact (too close),
linked_tori,relu,True,5,3,4,0.9665,False,False,False,3,3,,,,5.799749400696822e-05,True,True,False,False,artifact (too close),
linked_tori,relu,True,5,3,4,0.9665,False,False,False,4,3,,,,3.474974432819021e-05,True,True,False,False,artifact (too close),
linked_tori,relu,True,5,3,4,0.9665,False,False,False,5,3,,,,2.0326167059076525e-05,True,True,False,False,artifact (too close),
linked_tori,relu,True,8,3,0,0.5,False,False,True,0,3,-1.000025100237454,-1.0,2.510023745405654e-05,0.9999999999999998,True,False,False,True,exact (d=3),
linked_tori,relu,True,8,3,0,0.5,False,False,True,1,3,,,,0.0,False,True,False,False,undefined (curves meet),
linked_tori,relu,True,8,3,0,0.5,False,False,True,2,3,,,,0.0,False,True,False,False,undefined (curves meet),
linked_tori,relu,True,8,3,0,0.5,False,False,True,3,3,,,,0.0,False,True,False,False,undefined (curves meet),
linked_tori,relu,True,8,3,0,0.5,False,False,True,4,3,,,,0.0,False,True,False,False,undefined (curves meet),
linked_tori,relu,True,8,3,0,0.5,False,False,True,5,3,,,,0.0,False,True,False,False,undefined (curves meet),
linked_tori,relu,True,8,3,0,0.5,False,False,True,6,3,,,,0.0,False,True,False,False,undefined (curves meet),
linked_tori,relu,True,8,3,0,0.5,False,False,True,7,3,,,,0.0,False,True,False,False,undefined (curves meet),
linked_tori,relu,True,8,3,0,0.5,False,False,True,8,3,,,,0.0,False,True,False,False,undefined (curves meet),
linked_tori,relu,True,8,3,1,0.5,False,False,True,0,3,-1.000025100237454,-1.0,2.510023745405654e-05,0.9999999999999998,True,False,False,True,exact (d=3),
linked_tori,relu,True,8,3,1,0.5,False,False,True,1,3,,,,0.0029626888359975006,True,True,False,False,artifact (too close),
linked_tori,relu,True,8,3,1,0.5,False,False,True,2,3,,,,0.0,False,True,False,False,undefined (curves meet),
linked_tori,relu,True,8,3,1,0.5,False,False,True,3,3,,,,0.0,False,True,False,False,undefined (curves meet),
linked_tori,relu,True,8,3,1,0.5,False,False,True,4,3,,,,0.0,False,True,False,False,undefined (curves meet),
linked_tori,relu,True,8,3,1,0.5,False,False,True,5,3,,,,0.0,False,True,False,False,undefined (curves meet),
linked_tori,relu,True,8,3,1,0.5,False,False,True,6,3,,,,0.0,False,True,False,False,undefined (curves meet),
linked_tori,relu,True,8,3,1,0.5,False,False,True,7,3,,,,0.0,False,True,False,False,undefined (curves meet),
linked_tori,relu,True,8,3,1,0.5,False,False,True,8,3,,,,0.0,False,True,False,False,undefined (curves meet),
linked_tori,relu,True,8,3,2,0.5,False,False,True,0,3,-1.000025100237454,-1.0,2.510023745405654e-05,0.9999999999999998,True,False,False,True,exact (d=3),
linked_tori,relu,True,8,3,2,0.5,False,False,True,1,3,,,,0.001376003924124705,True,True,False,False,artifact (too close),
linked_tori,relu,True,8,3,2,0.5,False,False,True,2,3,,,,0.00023833674735130567,True,True,False,False,artifact (too close),
linked_tori,relu,True,8,3,2,0.5,False,False,True,3,3,,,,7.882488919950785e-07,True,True,False,False,artifact (too close),
linked_tori,relu,True,8,3,2,0.5,False,False,True,4,3,,,,4.7450313949855144e-07,True,True,False,False,artifact (too close),
linked_tori,relu,True,8,3,2,0.5,False,False,True,5,3,,,,2.7232865814115206e-07,True,True,False,False,artifact (too close),
linked_tori,relu,True,8,3,2,0.5,False,False,True,6,3,,,,1.7772406998092776e-07,True,True,False,False,artifact (too close),
linked_tori,relu,True,8,3,2,0.5,False,False,True,7,3,,,,0.0,False,True,False,False,undefined (curves meet),
linked_tori,relu,True,8,3,2,0.5,False,False,True,8,3,,,,0.0,False,True,False,False,undefined (curves meet),
linked_tori,relu,True,8,3,3,0.5,False,False,True,0,3,-1.000025100237454,-1.0,2.510023745405654e-05,0.9999999999999998,True,False,False,True,exact (d=3),
linked_tori,relu,True,8,3,3,0.5,False,False,True,1,3,,,,1.9423307802685783e-06,True,True,False,False,artifact (too close),
linked_tori,relu,True,8,3,3,0.5,False,False,True,2,3,,,,1.00745515488895e-06,True,True,False,False,artifact (too close),
linked_tori,relu,True,8,3,3,0.5,False,False,True,3,3,,,,0.0,False,True,False,False,undefined (curves meet),
linked_tori,relu,True,8,3,3,0.5,False,False,True,4,3,,,,0.0,False,True,False,False,undefined (curves meet),
linked_tori,relu,True,8,3,3,0.5,False,False,True,5,3,,,,0.0,False,True,False,False,undefined (curves meet),
linked_tori,relu,True,8,3,3,0.5,False,False,True,6,3,,,,0.0,False,True,False,False,undefined (curves meet),
linked_tori,relu,True,8,3,3,0.5,False,False,True,7,3,,,,0.0,False,True,False,False,undefined (curves meet),
linked_tori,relu,True,8,3,3,0.5,False,False,True,8,3,,,,0.0,False,True,False,False,undefined (curves meet),
linked_tori,relu,True,8,3,4,0.959,False,False,False,0,3,-1.000025100237454,-1.0,2.510023745405654e-05,0.9999999999999998,True,False,False,True,exact (d=3),
linked_tori,relu,True,8,3,4,0.959,False,False,False,1,3,,,,0.0130824545507613,True,True,False,False,artifact (too close),
linked_tori,relu,True,8,3,4,0.959,False,False,False,2,3,,,,0.01450667242248882,True,True,False,False,artifact (too close),
linked_tori,relu,True,8,3,4,0.959,False,False,False,3,3,,,,0.006623081735247383,True,True,False,False,artifact (too close),
linked_tori,relu,True,8,3,4,0.959,False,False,False,4,3,,,,0.0022924175046045883,True,True,False,False,artifact (too close),
linked_tori,relu,True,8,3,4,0.959,False,False,False,5,3,,,,0.0018944174095332296,True,True,False,False,artifact (too close),
linked_tori,relu,True,8,3,4,0.959,False,False,False,6,3,,,,4.645578901609948e-05,True,True,False,False,artifact (too close),
linked_tori,relu,True,8,3,4,0.959,False,False,False,7,3,,,,4.854178996536204e-05,True,True,False,False,artifact (too close),
linked_tori,relu,True,8,3,4,0.959,False,False,False,8,3,,,,4.000797226166228e-05,True,True,False,False,artifact (too close),
linked_tori,relu,True,12,3,0,0.5,False,False,True,0,3,-1.000025100237454,-1.0,2.510023745405654e-05,0.9999999999999998,True,False,False,True,exact (d=3),
linked_tori,relu,True,12,3,0,0.5,False,False,True,1,3,,,,0.0,False,True,False,False,undefined (curves meet),
linked_tori,relu,True,12,3,0,0.5,False,False,True,2,3,,,,0.0,False,True,False,False,undefined (curves meet),
linked_tori,relu,True,12,3,0,0.5,False,False,True,3,3,,,,0.0,False,True,False,False,undefined (curves meet),
linked_tori,relu,True,12,3,0,0.5,False,False,True,4,3,,,,0.0,False,True,False,False,undefined (curves meet),
linked_tori,relu,True,12,3,0,0.5,False,False,True,5,3,,,,0.0,False,True,False,False,undefined (curves meet),
linked_tori,relu,True,12,3,0,0.5,False,False,True,6,3,,,,0.0,False,True,False,False,undefined (curves meet),
linked_tori,relu,True,12,3,0,0.5,False,False,True,7,3,,,,0.0,False,True,False,False,undefined (curves meet),
linked_tori,relu,True,12,3,0,0.5,False,False,True,8,3,,,,0.0,False,True,False,False,undefined (curves meet),
linked_tori,relu,True,12,3,0,0.5,False,False,True,9,3,,,,0.0,False,True,False,False,undefined (curves meet),
linked_tori,relu,True,12,3,0,0.5,False,False,True,10,3,,,,0.0,False,True,False,False,undefined (curves meet),
linked_tori,relu,True,12,3,0,0.5,False,False,True,11,3,,,,0.0,False,True,False,False,undefined (curves meet),
linked_tori,relu,True,12,3,0,0.5,False,False,True,12,3,,,,0.0,False,True,False,False,undefined (curves meet),
linked_tori,relu,True,12,3,1,0.5,False,False,True,0,3,-1.000025100237454,-1.0,2.510023745405654e-05,0.9999999999999998,True,False,False,True,exact (d=3),
linked_tori,relu,True,12,3,1,0.5,False,False,True,1,3,,,,0.0029626888359975006,True,True,False,False,artifact (too close),
linked_tori,relu,True,12,3,1,0.5,False,False,True,2,3,,,,0.0,False,True,False,False,undefined (curves meet),
linked_tori,relu,True,12,3,1,0.5,False,False,True,3,3,,,,0.0,False,True,False,False,undefined (curves meet),
linked_tori,relu,True,12,3,1,0.5,False,False,True,4,3,,,,0.0,False,True,False,False,undefined (curves meet),
linked_tori,relu,True,12,3,1,0.5,False,False,True,5,3,,,,0.0,False,True,False,False,undefined (curves meet),
linked_tori,relu,True,12,3,1,0.5,False,False,True,6,3,,,,0.0,False,True,False,False,undefined (curves meet),
linked_tori,relu,True,12,3,1,0.5,False,False,True,7,3,,,,0.0,False,True,False,False,undefined (curves meet),
linked_tori,relu,True,12,3,1,0.5,False,False,True,8,3,,,,0.0,False,True,False,False,undefined (curves meet),
linked_tori,relu,True,12,3,1,0.5,False,False,True,9,3,,,,0.0,False,True,False,False,undefined (curves meet),
linked_tori,relu,True,12,3,1,0.5,False,False,True,10,3,,,,0.0,False,True,False,False,undefined (curves meet),
linked_tori,relu,True,12,3,1,0.5,False,False,True,11,3,,,,0.0,False,True,False,False,undefined (curves meet),
linked_tori,relu,True,12,3,1,0.5,False,False,True,12,3,,,,0.0,False,True,False,False,undefined (curves meet),
linked_tori,relu,True,12,3,2,0.5,False,False,True,0,3,-1.000025100237454,-1.0,2.510023745405654e-05,0.9999999999999998,True,False,False,True,exact (d=3),
linked_tori,relu,True,12,3,2,0.5,False,False,True,1,3,,,,1.4856315897745386e-05,True,True,False,False,artifact (too close),
linked_tori,relu,True,12,3,2,0.5,False,False,True,2,3,,,,2.061563668812477e-06,True,True,False,False,artifact (too close),
linked_tori,relu,True,12,3,2,0.5,False,False,True,3,3,,,,5.698598377696557e-08,True,True,False,False,artifact (too close),
linked_tori,relu,True,12,3,2,0.5,False,False,True,4,3,,,,2.6863450374185958e-08,True,True,False,False,artifact (too close),
linked_tori,relu,True,12,3,2,0.5,False,False,True,5,3,,,,7.450580596923828e-09,True,True,False,False,artifact (too close),
linked_tori,relu,True,12,3,2,0.5,False,False,True,6,3,,,,0.0,False,True,False,False,undefined (curves meet),
linked_tori,relu,True,12,3,2,0.5,False,False,True,7,3,,,,0.0,False,True,False,False,undefined (curves meet),
linked_tori,relu,True,12,3,2,0.5,False,False,True,8,3,,,,0.0,False,True,False,False,undefined (curves meet),
linked_tori,relu,True,12,3,2,0.5,False,False,True,9,3,,,,0.0,False,True,False,False,undefined (curves meet),
linked_tori,relu,True,12,3,2,0.5,False,False,True,10,3,,,,0.0,False,True,False,False,undefined (curves meet),
linked_tori,relu,True,12,3,2,0.5,False,False,True,11,3,,,,0.0,False,True,False,False,undefined (curves meet),
linked_tori,relu,True,12,3,2,0.5,False,False,True,12,3,,,,0.0,False,True,False,False,undefined (curves meet),
linked_tori,relu,True,12,3,3,0.5,False,False,True,0,3,-1.000025100237454,-1.0,2.510023745405654e-05,0.9999999999999998,True,False,False,True,exact (d=3),
linked_tori,relu,True,12,3,3,0.5,False,False,True,1,3,,,,1.9423307802685783e-06,True,True,False,False,artifact (too close),
linked_tori,relu,True,12,3,3,0.5,False,False,True,2,3,,,,1.00745515488895e-06,True,True,False,False,artifact (too close),
linked_tori,relu,True,12,3,3,0.5,False,False,True,3,3,,,,0.0,False,True,False,False,undefined (curves meet),
linked_tori,relu,True,12,3,3,0.5,False,False,True,4,3,,,,0.0,False,True,False,False,undefined (curves meet),
linked_tori,relu,True,12,3,3,0.5,False,False,True,5,3,,,,0.0,False,True,False,False,undefined (curves meet),
linked_tori,relu,True,12,3,3,0.5,False,False,True,6,3,,,,0.0,False,True,False,False,undefined (curves meet),
linked_tori,relu,True,12,3,3,0.5,False,False,True,7,3,,,,0.0,False,True,False,False,undefined (curves meet),
linked_tori,relu,True,12,3,3,0.5,False,False,True,8,3,,,,0.0,False,True,False,False,undefined (curves meet),
linked_tori,relu,True,12,3,3,0.5,False,False,True,9,3,,,,0.0,False,True,False,False,undefined (curves meet),
linked_tori,relu,True,12,3,3,0.5,False,False,True,10,3,,,,0.0,False,True,False,False,undefined (curves meet),
linked_tori,relu,True,12,3,3,0.5,False,False,True,11,3,,,,0.0,False,True,False,False,undefined (curves meet),
linked_tori,relu,True,12,3,3,0.5,False,False,True,12,3,,,,0.0,False,True,False,False,undefined (curves meet),
linked_tori,relu,True,12,3,4,0.5,False,False,True,0,3,-1.000025100237454,-1.0,2.510023745405654e-05,0.9999999999999998,True,False,False,True,exact (d=3),
linked_tori,relu,True,12,3,4,0.5,False,False,True,1,3,,,,6.1592692997788105e-06,True,True,False,False,artifact (too close),
linked_tori,relu,True,12,3,4,0.5,False,False,True,2,3,,,,3.777029194062316e-06,True,True,False,False,artifact (too close),
linked_tori,relu,True,12,3,4,0.5,False,False,True,3,3,,,,2.3044827653926974e-06,True,True,False,False,artifact (too close),
linked_tori,relu,True,12,3,4,0.5,False,False,True,4,3,,,,7.174255321747495e-07,True,True,False,False,artifact (too close),
linked_tori,relu,True,12,3,4,0.5,False,False,True,5,3,,,,5.456755585551427e-07,True,True,False,False,artifact (too close),
linked_tori,relu,True,12,3,4,0.5,False,False,True,6,3,,,,1.4901161193847656e-08,True,True,False,False,artifact (too close),
linked_tori,relu,True,12,3,4,0.5,False,False,True,7,3,,,,7.450580596923828e-09,True,True,False,False,artifact (too close),
linked_tori,relu,True,12,3,4,0.5,False,False,True,8,3,,,,0.0,False,True,False,False,undefined (curves meet),
linked_tori,relu,True,12,3,4,0.5,False,False,True,9,3,,,,0.0,False,True,False,False,undefined (curves meet),
linked_tori,relu,True,12,3,4,0.5,False,False,True,10,3,,,,0.0,False,True,False,False,undefined (curves meet),
linked_tori,relu,True,12,3,4,0.5,False,False,True,11,3,,,,0.0,False,True,False,False,undefined (curves meet),
linked_tori,relu,True,12,3,4,0.5,False,False,True,12,3,,,,0.0,False,True,False,False,undefined (curves meet),
linked_tori,tanh,True,3,3,0,0.9535,False,False,False,0,3,-1.000025100237454,-1.0,2.510023745405654e-05,0.9999999999999998,True,False,False,True,exact (d=3),
linked_tori,tanh,True,3,3,0,0.9535,False,False,False,1,3,,,,0.01379677918053275,True,True,False,False,artifact (too close),
linked_tori,tanh,True,3,3,0,0.9535,False,False,False,2,3,,,,0.00832544081388033,True,True,False,False,artifact (too close),
linked_tori,tanh,True,3,3,0,0.9535,False,False,False,3,3,,,,0.0036645370604442636,True,True,False,False,artifact (too close),
linked_tori,tanh,True,3,3,1,0.951,False,False,False,0,3,-1.000025100237454,-1.0,2.510023745405654e-05,0.9999999999999998,True,False,False,True,exact (d=3),
linked_tori,tanh,True,3,3,1,0.951,False,False,False,1,3,,,,0.010266338433583115,True,True,False,False,artifact (too close),
linked_tori,tanh,True,3,3,1,0.951,False,False,False,2,3,,,,0.00412864902363646,True,True,False,False,artifact (too close),
linked_tori,tanh,True,3,3,1,0.951,False,False,False,3,3,,,,0.001980235381899796,True,True,False,False,artifact (too close),
linked_tori,tanh,True,3,3,2,0.972,False,False,False,0,3,-1.000025100237454,-1.0,2.510023745405654e-05,0.9999999999999998,True,False,False,True,exact (d=3),
linked_tori,tanh,True,3,3,2,0.972,False,False,False,1,3,,,,0.002159063492681617,True,True,False,False,artifact (too close),
linked_tori,tanh,True,3,3,2,0.972,False,False,False,2,3,,,,8.669550392453639e-05,True,True,False,False,artifact (too close),
linked_tori,tanh,True,3,3,2,0.972,False,False,False,3,3,,,,7.142397824862234e-05,True,True,False,False,artifact (too close),
linked_tori,tanh,True,3,3,3,0.968,False,False,False,0,3,-1.000025100237454,-1.0,2.510023745405654e-05,0.9999999999999998,True,False,False,True,exact (d=3),
linked_tori,tanh,True,3,3,3,0.968,False,False,False,1,3,,,,0.004507381254434894,True,True,False,False,artifact (too close),
linked_tori,tanh,True,3,3,3,0.968,False,False,False,2,3,,,,0.0032485430906932086,True,True,False,False,artifact (too close),
linked_tori,tanh,True,3,3,3,0.968,False,False,False,3,3,,,,0.0006718079431165307,True,True,False,False,artifact (too close),
linked_tori,tanh,True,3,3,4,0.9645,False,False,False,0,3,-1.000025100237454,-1.0,2.510023745405654e-05,0.9999999999999998,True,False,False,True,exact (d=3),
linked_tori,tanh,True,3,3,4,0.9645,False,False,False,1,3,,,,0.0010447343055687097,True,True,False,False,artifact (too close),
linked_tori,tanh,True,3,3,4,0.9645,False,False,False,2,3,,,,0.002025361589698168,True,True,False,False,artifact (too close),
linked_tori,tanh,True,3,3,4,0.9645,False,False,False,3,3,,,,0.0009539288893439231,True,True,False,False,artifact (too close),
linked_tori,tanh,True,5,3,0,0.955,False,False,False,0,3,-1.000025100237454,-1.0,2.510023745405654e-05,0.9999999999999998,True,False,False,True,exact (d=3),
linked_tori,tanh,True,5,3,0,0.955,False,False,False,1,3,,,,0.00957368982412392,True,True,False,False,artifact (too close),
linked_tori,tanh,True,5,3,0,0.955,False,False,False,2,3,,,,0.017028289636289,True,True,False,False,artifact (too close),
linked_tori,tanh,True,5,3,0,0.955,False,False,False,3,3,,,,0.017842968706551263,True,True,False,False,artifact (too close),
linked_tori,tanh,True,5,3,0,0.955,False,False,False,4,3,,,,0.00564543921203662,True,True,False,False,artifact (too close),
linked_tori,tanh,True,5,3,0,0.955,False,False,False,5,3,,,,0.00261017153049442,True,True,False,False,artifact (too close),
linked_tori,tanh,True,5,3,1,0.9665,False,False,False,0,3,-1.000025100237454,-1.0,2.510023745405654e-05,0.9999999999999998,True,False,False,True,exact (d=3),
linked_tori,tanh,True,5,3,1,0.9665,False,False,False,1,3,,,,0.0026047667136976315,True,True,False,False,artifact (too close),
linked_tori,tanh,True,5,3,1,0.9665,False,False,False,2,3,,,,0.0006845175785528952,True,True,False,False,artifact (too close),
linked_tori,tanh,True,5,3,1,0.9665,False,False,False,3,3,,,,0.000952340550185299,True,True,False,False,artifact (too close),
linked_tori,tanh,True,5,3,1,0.9665,False,False,False,4,3,,,,0.0006164103464432363,True,True,False,False,artifact (too close),
linked_tori,tanh,True,5,3,1,0.9665,False,False,False,5,3,,,,0.0004912166282010014,True,True,False,False,artifact (too close),
linked_tori,tanh,True,5,3,2,0.9545,False,False,False,0,3,-1.000025100237454,-1.0,2.510023745405654e-05,0.9999999999999998,True,False,False,True,exact (d=3),
linked_tori,tanh,True,5,3,2,0.9545,False,False,False,1,3,,,,0.009839649191117508,True,True,False,False,artifact (too close),
linked_tori,tanh,True,5,3,2,0.9545,False,False,False,2,3,,,,0.009198280272911486,True,True,False,False,artifact (too close),
linked_tori,tanh,True,5,3,2,0.9545,False,False,False,3,3,,,,0.002202790191688283,True,True,False,False,artifact (too close),
linked_tori,tanh,True,5,3,2,0.9545,False,False,False,4,3,,,,0.0008804477432735784,True,True,False,False,artifact (too close),
linked_tori,tanh,True,5,3,2,0.9545,False,False,False,5,3,,,,0.0004093981582187925,True,True,False,False,artifact (too close),
linked_tori,tanh,True,5,3,3,0.962,False,False,False,0,3,-1.000025100237454,-1.0,2.510023745405654e-05,0.9999999999999998,True,False,False,True,exact (d=3),
linked_tori,tanh,True,5,3,3,0.962,False,False,False,1,3,,,,0.004032824886924212,True,True,False,False,artifact (too close),
linked_tori,tanh,True,5,3,3,0.962,False,False,False,2,3,,,,0.002187727308046374,True,True,False,False,artifact (too close),
linked_tori,tanh,True,5,3,3,0.962,False,False,False,3,3,,,,0.0004070614262484161,True,True,False,False,artifact (too close),
linked_tori,tanh,True,5,3,3,0.962,False,False,False,4,3,,,,6.613195103370535e-06,True,True,False,False,artifact (too close),
linked_tori,tanh,True,5,3,3,0.962,False,False,False,5,3,,,,7.60756453112885e-06,True,True,False,False,artifact (too close),
linked_tori,tanh,True,5,3,4,0.9555,False,False,False,0,3,-1.000025100237454,-1.0,2.510023745405654e-05,0.9999999999999998,True,False,False,True,exact (d=3),
linked_tori,tanh,True,5,3,4,0.9555,False,False,False,1,3,,,,0.008351021434253604,True,True,False,False,artifact (too close),
linked_tori,tanh,True,5,3,4,0.9555,False,False,False,2,3,,,,0.0077482182835384855,True,True,False,False,artifact (too close),
linked_tori,tanh,True,5,3,4,0.9555,False,False,False,3,3,,,,0.002618509167150796,True,True,False,False,artifact (too close),
linked_tori,tanh,True,5,3,4,0.9555,False,False,False,4,3,,,,0.00024260629528331072,True,True,False,False,artifact (too close),
linked_tori,tanh,True,5,3,4,0.9555,False,False,False,5,3,,,,9.776724025515643e-05,True,True,False,False,artifact (too close),
linked_tori,tanh,True,8,3,0,0.959,False,False,False,0,3,-1.000025100237454,-1.0,2.510023745405654e-05,0.9999999999999998,True,False,False,True,exact (d=3),
linked_tori,tanh,True,8,3,0,0.959,False,False,False,1,3,,,,0.013601063975176622,True,True,False,False,artifact (too close),
linked_tori,tanh,True,8,3,0,0.959,False,False,False,2,3,,,,0.013866764258482819,True,True,False,False,artifact (too close),
linked_tori,tanh,True,8,3,0,0.959,False,False,False,3,3,,,,0.0078061213314866,True,True,False,False,artifact (too close),
linked_tori,tanh,True,8,3,0,0.959,False,False,False,4,3,,,,0.002486276951657048,True,True,False,False,artifact (too close),
linked_tori,tanh,True,8,3,0,0.959,False,False,False,5,3,,,,0.0013802040324655737,True,True,False,False,artifact (too close),
linked_tori,tanh,True,8,3,0,0.959,False,False,False,6,3,,,,0.0003958117637212159,True,True,False,False,artifact (too close),
linked_tori,tanh,True,8,3,0,0.959,False,False,False,7,3,,,,0.0004343502730708788,True,True,False,False,artifact (too close),
linked_tori,tanh,True,8,3,0,0.959,False,False,False,8,3,,,,0.0008786222278711773,True,True,False,False,artifact (too close),
linked_tori,tanh,True,8,3,1,0.964,False,False,False,0,3,-1.000025100237454,-1.0,2.510023745405654e-05,0.9999999999999998,True,False,False,True,exact (d=3),
linked_tori,tanh,True,8,3,1,0.964,False,False,False,1,3,,,,0.005215359552771036,True,True,False,False,artifact (too close),
linked_tori,tanh,True,8,3,1,0.964,False,False,False,2,3,,,,0.005216442836041991,True,True,False,False,artifact (too close),
linked_tori,tanh,True,8,3,1,0.964,False,False,False,3,3,,,,0.004804731153990083,True,True,False,False,artifact (too close),
linked_tori,tanh,True,8,3,1,0.964,False,False,False,4,3,,,,0.001164007629541526,True,True,False,False,artifact (too close),
linked_tori,tanh,True,8,3,1,0.964,False,False,False,5,3,,,,0.0005471380450236301,True,True,False,False,artifact (too close),
linked_tori,tanh,True,8,3,1,0.964,False,False,False,6,3,,,,9.605945465714219e-06,True,True,False,False,artifact (too close),
linked_tori,tanh,True,8,3,1,0.964,False,False,False,7,3,,,,1.228781230931777e-07,True,True,False,False,artifact (too close),
linked_tori,tanh,True,8,3,1,0.964,False,False,False,8,3,,,,0.0,False,True,False,False,undefined (curves meet),
linked_tori,tanh,True,8,3,2,0.967,False,False,False,0,3,-1.000025100237454,-1.0,2.510023745405654e-05,0.9999999999999998,True,False,False,True,exact (d=3),
linked_tori,tanh,True,8,3,2,0.967,False,False,False,1,3,,,,0.004011621662997692,True,True,False,False,artifact (too close),
linked_tori,tanh,True,8,3,2,0.967,False,False,False,2,3,,,,0.003638937357353958,True,True,False,False,artifact (too close),
linked_tori,tanh,True,8,3,2,0.967,False,False,False,3,3,,,,0.0017996076295641603,True,True,False,False,artifact (too close),
linked_tori,tanh,True,8,3,2,0.967,False,False,False,4,3,,,,0.00155375504433778,True,True,False,False,artifact (too close),
linked_tori,tanh,True,8,3,2,0.967,False,False,False,5,3,,,,0.0005312471543034011,True,True,False,False,artifact (too close),
linked_tori,tanh,True,8,3,2,0.967,False,False,False,6,3,,,,0.0006861642900587666,True,True,False,False,artifact (too close),
linked_tori,tanh,True,8,3,2,0.967,False,False,False,7,3,,,,0.0005445013972230161,True,True,False,False,artifact (too close),
linked_tori,tanh,True,8,3,2,0.967,False,False,False,8,3,,,,0.00019331629674332893,True,True,False,False,artifact (too close),
linked_tori,tanh,True,8,3,3,0.9635,False,False,False,0,3,-1.000025100237454,-1.0,2.510023745405654e-05,0.9999999999999998,True,False,False,True,exact (d=3),
linked_tori,tanh,True,8,3,3,0.9635,False,False,False,1,3,,,,0.006132279220880308,True,True,False,False,artifact (too close),
linked_tori,tanh,True,8,3,3,0.9635,False,False,False,2,3,,,,0.0055988395563735215,True,True,False,False,artifact (too close),
linked_tori,tanh,True,8,3,3,0.9635,False,False,False,3,3,,,,0.003388809669822362,True,True,False,False,artifact (too close),
linked_tori,tanh,True,8,3,3,0.9635,False,False,False,4,3,,,,0.001503531676521114,True,True,False,False,artifact (too close),
linked_tori,tanh,True,8,3,3,0.9635,False,False,False,5,3,,,,0.0004412348514202378,True,True,False,False,artifact (too close),
linked_tori,tanh,True,8,3,3,0.9635,False,False,False,6,3,,,,0.00026561373894323456,True,True,False,False,artifact (too close),
linked_tori,tanh,True,8,3,3,0.9635,False,False,False,7,3,,,,0.00043690350404500386,True,True,False,False,artifact (too close),
linked_tori,tanh,True,8,3,3,0.9635,False,False,False,8,3,,,,0.00031318818266839804,True,True,False,False,artifact (too close),
linked_tori,tanh,True,8,3,4,0.957,False,False,False,0,3,-1.000025100237454,-1.0,2.510023745405654e-05,0.9999999999999998,True,False,False,True,exact (d=3),
linked_tori,tanh,True,8,3,4,0.957,False,False,False,1,3,-0.9998104224237081,-1.0,0.00018957757629189942,0.05027356065919397,True,False,False,True,exact (d=3),
linked_tori,tanh,True,8,3,4,0.957,False,False,False,2,3,1.0000356826119927,1.0,3.568261199271561e-05,0.026952086647546676,True,False,False,True,exact (d=3),
linked_tori,tanh,True,8,3,4,0.957,False,False,False,3,3,,,,0.0024716749791849364,True,True,False,False,artifact (too close),
linked_tori,tanh,True,8,3,4,0.957,False,False,False,4,3,,,,0.000819210202680528,True,True,False,False,artifact (too close),
linked_tori,tanh,True,8,3,4,0.957,False,False,False,5,3,,,,0.001289485645516622,True,True,False,False,artifact (too close),
linked_tori,tanh,True,8,3,4,0.957,False,False,False,6,3,,,,0.00077327105246034,True,True,False,False,artifact (too close),
linked_tori,tanh,True,8,3,4,0.957,False,False,False,7,3,,,,0.0003749930633811135,True,True,False,False,artifact (too close),
linked_tori,tanh,True,8,3,4,0.957,False,False,False,8,3,,,,0.00014717997076460883,True,True,False,False,artifact (too close),
linked_tori,tanh,True,12,3,0,0.7195,False,False,False,0,3,-1.000025100237454,-1.0,2.510023745405654e-05,0.9999999999999998,True,False,False,True,exact (d=3),
linked_tori,tanh,True,12,3,0,0.7195,False,False,False,1,3,1.0000988306591603,1.0,9.883065916027611e-05,0.12166212149214851,True,False,False,True,exact (d=3),
linked_tori,tanh,True,12,3,0,0.7195,False,False,False,2,3,,,,0.008599734379256634,True,True,False,False,artifact (too close),
linked_tori,tanh,True,12,3,0,0.7195,False,False,False,3,3,,,,5.483526897547509e-05,True,True,False,False,artifact (too close),
linked_tori,tanh,True,12,3,0,0.7195,False,False,False,4,3,,,,1.562846970811712e-07,True,True,False,False,artifact (too close),
linked_tori,tanh,True,12,3,0,0.7195,False,False,False,5,3,,,,0.0,False,True,False,False,undefined (curves meet),
linked_tori,tanh,True,12,3,0,0.7195,False,False,False,6,3,,,,0.0,False,True,False,False,undefined (curves meet),
linked_tori,tanh,True,12,3,0,0.7195,False,False,False,7,3,,,,0.0,False,True,False,False,undefined (curves meet),
linked_tori,tanh,True,12,3,0,0.7195,False,False,False,8,3,,,,0.0,False,True,False,False,undefined (curves meet),
linked_tori,tanh,True,12,3,0,0.7195,False,False,False,9,3,,,,0.0,False,True,False,False,undefined (curves meet),
linked_tori,tanh,True,12,3,0,0.7195,False,False,False,10,3,,,,0.0,False,True,False,False,undefined (curves meet),
linked_tori,tanh,True,12,3,0,0.7195,False,False,False,11,3,,,,0.0,False,True,False,False,undefined (curves meet),
linked_tori,tanh,True,12,3,0,0.7195,False,False,False,12,3,,,,0.0,False,True,False,False,undefined (curves meet),
linked_tori,tanh,True,12,3,1,0.9645,False,False,False,0,3,-1.000025100237454,-1.0,2.510023745405654e-05,0.9999999999999998,True,False,False,True,exact (d=3),
linked_tori,tanh,True,12,3,1,0.9645,False,False,False,1,3,,,,0.0048000208352416045,True,True,False,False,artifact (too close),
linked_tori,tanh,True,12,3,1,0.9645,False,False,False,2,3,,,,0.002354184150063043,True,True,False,False,artifact (too close),
linked_tori,tanh,True,12,3,1,0.9645,False,False,False,3,3,,,,0.0009994359892935933,True,True,False,False,artifact (too close),
linked_tori,tanh,True,12,3,1,0.9645,False,False,False,4,3,,,,0.0007006718586109104,True,True,False,False,artifact (too close),
linked_tori,tanh,True,12,3,1,0.9645,False,False,False,5,3,,,,0.0005263974754331559,True,True,False,False,artifact (too close),
linked_tori,tanh,True,12,3,1,0.9645,False,False,False,6,3,,,,0.0004508385849982394,True,True,False,False,artifact (too close),
linked_tori,tanh,True,12,3,1,0.9645,False,False,False,7,3,,,,0.0002737699014891906,True,True,False,False,artifact (too close),
linked_tori,tanh,True,12,3,1,0.9645,False,False,False,8,3,,,,0.00022719529707863737,True,True,False,False,artifact (too close),
linked_tori,tanh,True,12,3,1,0.9645,False,False,False,9,3,,,,0.0002282739087386338,True,True,False,False,artifact (too close),
linked_tori,tanh,True,12,3,1,0.9645,False,False,False,10,3,,,,0.00033683659911262786,True,True,False,False,artifact (too close),
linked_tori,tanh,True,12,3,1,0.9645,False,False,False,11,3,,,,0.0002835881786634452,True,True,False,False,artifact (too close),
linked_tori,tanh,True,12,3,1,0.9645,False,False,False,12,3,,,,0.0001240158090422343,True,True,False,False,artifact (too close),
linked_tori,tanh,True,12,3,2,0.961,False,False,False,0,3,-1.000025100237454,-1.0,2.510023745405654e-05,0.9999999999999998,True,False,False,True,exact (d=3),
linked_tori,tanh,True,12,3,2,0.961,False,False,False,1,3,,,,0.010021877959931669,True,True,False,False,artifact (too close),
linked_tori,tanh,True,12,3,2,0.961,False,False,False,2,3,,,,0.0005668059374041841,True,True,False,False,artifact (too close),
linked_tori,tanh,True,12,3,2,0.961,False,False,False,3,3,,,,0.0003684310964002456,True,True,False,False,artifact (too close),
linked_tori,tanh,True,12,3,2,0.961,False,False,False,4,3,,,,0.00022805140707263743,True,True,False,False,artifact (too close),
linked_tori,tanh,True,12,3,2,0.961,False,False,False,5,3,,,,0.00013923206661102235,True,True,False,False,artifact (too close),
linked_tori,tanh,True,12,3,2,0.961,False,False,False,6,3,,,,0.00022215488551405796,True,True,False,False,artifact (too close),
linked_tori,tanh,True,12,3,2,0.961,False,False,False,7,3,,,,0.0002898843236667029,True,True,False,False,artifact (too close),
linked_tori,tanh,True,12,3,2,0.961,False,False,False,8,3,,,,0.000444783932333955,True,True,False,False,artifact (too close),
linked_tori,tanh,True,12,3,2,0.961,False,False,False,9,3,,,,0.0006001259988685161,True,True,False,False,artifact (too close),
linked_tori,tanh,True,12,3,2,0.961,False,False,False,10,3,,,,0.0007423181269220452,True,True,False,False,artifact (too close),
linked_tori,tanh,True,12,3,2,0.961,False,False,False,11,3,,,,0.00035661799305730066,True,True,False,False,artifact (too close),
linked_tori,tanh,True,12,3,2,0.961,False,False,False,12,3,,,,0.00028373744985017024,True,True,False,False,artifact (too close),
linked_tori,tanh,True,12,3,3,0.723,False,False,False,0,3,-1.000025100237454,-1.0,2.510023745405654e-05,0.9999999999999998,True,False,False,True,exact (d=3),
linked_tori,tanh,True,12,3,3,0.723,False,False,False,1,3,,,,0.015498078373843661,True,True,False,False,artifact (too close),
linked_tori,tanh,True,12,3,3,0.723,False,False,False,2,3,,,,0.01063453373598265,True,True,False,False,artifact (too close),
linked_tori,tanh,True,12,3,3,0.723,False,False,False,3,3,,,,0.0004775563052069659,True,True,False,False,artifact (too close),
linked_tori,tanh,True,12,3,3,0.723,False,False,False,4,3,,,,3.704369930820481e-07,True,True,False,False,artifact (too close),
linked_tori,tanh,True,12,3,3,0.723,False,False,False,5,3,,,,0.0,False,True,False,False,undefined (curves meet),
linked_tori,tanh,True,12,3,3,0.723,False,False,False,6,3,,,,0.0,False,True,False,False,undefined (curves meet),
linked_tori,tanh,True,12,3,3,0.723,False,False,False,7,3,,,,0.0,False,True,False,False,undefined (curves meet),
linked_tori,tanh,True,12,3,3,0.723,False,False,False,8,3,,,,0.0,False,True,False,False,undefined (curves meet),
linked_tori,tanh,True,12,3,3,0.723,False,False,False,9,3,,,,0.0,False,True,False,False,undefined (curves meet),
linked_tori,tanh,True,12,3,3,0.723,False,False,False,10,3,,,,0.0,False,True,False,False,undefined (curves meet),
linked_tori,tanh,True,12,3,3,0.723,False,False,False,11,3,,,,0.0,False,True,False,False,undefined (curves meet),
linked_tori,tanh,True,12,3,3,0.723,False,False,False,12,3,,,,0.0,False,True,False,False,undefined (curves meet),
linked_tori,tanh,True,12,3,4,0.954,False,False,False,0,3,-1.000025100237454,-1.0,2.510023745405654e-05,0.9999999999999998,True,False,False,True,exact (d=3),
linked_tori,tanh,True,12,3,4,0.954,False,False,False,1,3,-0.9998999318182854,-1.0,0.00010006818171459653,0.042082122900879405,True,False,False,True,exact (d=3),
linked_tori,tanh,True,12,3,4,0.954,False,False,False,2,3,1.0000526121095104,1.0,5.261210951035267e-05,0.02335203489511997,True,False,False,True,exact (d=3),
linked_tori,tanh,True,12,3,4,0.954,False,False,False,3,3,,,,0.004812292864024769,True,True,False,False,artifact (too close),
linked_tori,tanh,True,12,3,4,0.954,False,False,False,4,3,,,,0.005073192586726861,True,True,False,False,artifact (too close),
linked_tori,tanh,True,12,3,4,0.954,False,False,False,5,3,,,,0.0047077858348296,True,True,False,False,artifact (too close),
linked_tori,tanh,True,12,3,4,0.954,False,False,False,6,3,,,,0.002688474289130242,True,True,False,False,artifact (too close),
linked_tori,tanh,True,12,3,4,0.954,False,False,False,7,3,,,,0.0006815808363787618,True,True,False,False,artifact (too close),
linked_tori,tanh,True,12,3,4,0.954,False,False,False,8,3,,,,0.000146229605466441,True,True,False,False,artifact (too close),
linked_tori,tanh,True,12,3,4,0.954,False,False,False,9,3,,,,6.473588549047002e-05,True,True,False,False,artifact (too close),
linked_tori,tanh,True,12,3,4,0.954,False,False,False,10,3,,,,4.1337791184409004e-05,True,True,False,False,artifact (too close),
linked_tori,tanh,True,12,3,4,0.954,False,False,False,11,3,,,,6.274556601465674e-05,True,True,False,False,artifact (too close),
linked_tori,tanh,True,12,3,4,0.954,False,False,False,12,3,,,,0.0001264688640558558,True,True,False,False,artifact (too close),
