search,depth,seed,eval_errors,dense_errors,separated,lr,errors_after_swap,train_errors
restarts,5,0,23,,False,,,
restarts,5,1,70,,False,,,
restarts,5,2,97,,False,,,
restarts,5,3,7,,False,,,
restarts,5,4,94,,False,,,
restarts,5,5,71,,False,,,
restarts,5,6,80,,False,,,
restarts,5,7,89,,False,,,
restarts,5,8,70,,False,,,
restarts,5,9,16,,False,,,
restarts,5,10,78,,False,,,
restarts,5,11,39,,False,,,
restarts,5,12,71,,False,,,
restarts,5,13,99,,False,,,
restarts,5,14,93,,False,,,
restarts,5,15,12,,False,,,
restarts,5,16,93,,False,,,
restarts,5,17,87,,False,,,
restarts,5,18,54,,False,,,
restarts,5,19,84,,False,,,
restarts,5,20,60,,False,,,
restarts,5,21,60,,False,,,
restarts,5,22,72,,False,,,
restarts,5,23,45,,False,,,
restarts,5,24,66,,False,,,
restarts,5,25,65,,False,,,
restarts,5,26,75,,False,,,
restarts,5,27,15,,False,,,
restarts,5,28,99,,False,,,
restarts,5,29,70,,False,,,
restarts,5,30,61,,False,,,
restarts,5,31,80,,False,,,
restarts,5,32,62,,False,,,
restarts,5,33,63,,False,,,
restarts,5,34,72,,False,,,
restarts,5,35,54,,False,,,
restarts,5,36,86,,False,,,
restarts,5,37,17,,False,,,
restarts,5,38,67,,False,,,
restarts,5,39,85,,False,,,
restarts,5,40,75,,False,,,
restarts,5,41,51,,False,,,
restarts,5,42,14,,False,,,
restarts,5,43,92,,False,,,
restarts,5,44,93,,False,,,
restarts,5,45,76,,False,,,
restarts,5,46,23,,False,,,
restarts,5,47,87,,False,,,
restarts,5,48,70,,False,,,
restarts,5,49,91,,False,,,
restarts,5,50,25,,False,,,
restarts,5,51,5,,False,,,
restarts,5,52,90,,False,,,
restarts,5,53,40,,False,,,
restarts,5,54,63,,False,,,
restarts,5,55,102,,False,,,
restarts,5,56,52,,False,,,
restarts,5,57,79,,False,,,
restarts,5,58,74,,False,,,
restarts,5,59,96,,False,,,
restarts,5,60,82,,False,,,
restarts,5,61,63,,False,,,
restarts,5,62,7,,False,,,
restarts,5,63,100,,False,,,
restarts,5,64,75,,False,,,
restarts,5,65,76,,False,,,
restarts,5,66,68,,False,,,
restarts,5,67,103,,False,,,
restarts,5,68,92,,False,,,
restarts,5,69,78,,False,,,
restarts,5,70,15,,False,,,
restarts,5,71,71,,False,,,
restarts,5,72,64,,False,,,
restarts,5,73,61,,False,,,
restarts,5,74,64,,False,,,
restarts,5,75,97,,False,,,
restarts,5,76,63,,False,,,
restarts,5,77,62,,False,,,
restarts,5,78,8,,False,,,
restarts,5,79,75,,False,,,
restarts,5,80,77,,False,,,
restarts,5,81,56,,False,,,
restarts,5,82,92,,False,,,
restarts,5,83,70,,False,,,
restarts,5,84,79,,False,,,
restarts,5,85,57,,False,,,
restarts,5,86,54,,False,,,
restarts,5,87,67,,False,,,
restarts,5,88,53,,False,,,
restarts,5,89,57,,False,,,
restarts,5,90,74,,False,,,
restarts,5,91,74,,False,,,
restarts,5,92,86,,False,,,
restarts,5,93,88,,False,,,
restarts,5,94,80,,False,,,
restarts,5,95,32,,False,,,
restarts,5,96,36,,False,,,
restarts,5,97,74,,False,,,
restarts,5,98,99,,False,,,
restarts,5,99,70,,False,,,
restarts,5,100,73,,False,,,
restarts,5,101,61,,False,,,
restarts,5,102,67,,False,,,
restarts,5,103,59,,False,,,
restarts,5,104,102,,False,,,
restarts,5,105,81,,False,,,
restarts,5,106,77,,False,,,
restarts,5,107,73,,False,,,
restarts,5,108,90,,False,,,
restarts,5,109,73,,False,,,
restarts,5,110,95,,False,,,
restarts,5,111,22,,False,,,
restarts,5,112,9,,False,,,
restarts,5,113,64,,False,,,
restarts,5,114,65,,False,,,
restarts,5,115,30,,False,,,
restarts,5,116,8,,False,,,
restarts,5,117,42,,False,,,
restarts,5,118,91,,False,,,
restarts,5,119,3,,False,,,
restarts,5,120,82,,False,,,
restarts,5,121,79,,False,,,
restarts,5,122,86,,False,,,
restarts,5,123,53,,False,,,
restarts,5,124,75,,False,,,
restarts,5,125,63,,False,,,
restarts,5,126,19,,False,,,
restarts,5,127,61,,False,,,
restarts,5,128,71,,False,,,
restarts,5,129,57,,False,,,
restarts,5,130,71,,False,,,
restarts,5,131,26,,False,,,
restarts,5,132,73,,False,,,
restarts,5,133,6,,False,,,
restarts,5,134,56,,False,,,
restarts,5,135,57,,False,,,
restarts,5,136,50,,False,,,
restarts,5,137,63,,False,,,
restarts,5,138,24,,False,,,
restarts,5,139,76,,False,,,
restarts,5,140,104,,False,,,
restarts,5,141,82,,False,,,
restarts,5,142,65,,False,,,
restarts,5,143,64,,False,,,
restarts,5,144,15,,False,,,
restarts,5,145,12,,False,,,
restarts,5,146,54,,False,,,
restarts,5,147,6,,False,,,
restarts,5,148,65,,False,,,
restarts,5,149,6,,False,,,
restarts,5,150,100,,False,,,
restarts,5,151,74,,False,,,
restarts,5,152,78,,False,,,
restarts,5,153,47,,False,,,
restarts,5,154,70,,False,,,
restarts,5,155,84,,False,,,
restarts,5,156,54,,False,,,
restarts,5,157,103,,False,,,
restarts,5,158,68,,False,,,
restarts,5,159,67,,False,,,
restarts,5,160,85,,False,,,
restarts,5,161,72,,False,,,
restarts,5,162,91,,False,,,
restarts,5,163,88,,False,,,
restarts,5,164,78,,False,,,
restarts,5,165,73,,False,,,
restarts,5,166,79,,False,,,
restarts,5,167,58,,False,,,
restarts,5,168,110,,False,,,
restarts,5,169,75,,False,,,
restarts,5,170,92,,False,,,
restarts,5,171,71,,False,,,
restarts,5,172,23,,False,,,
restarts,5,173,62,,False,,,
restarts,5,174,66,,False,,,
restarts,5,175,77,,False,,,
restarts,5,176,35,,False,,,
restarts,5,177,37,,False,,,
restarts,5,178,8,,False,,,
restarts,5,179,57,,False,,,
restarts,5,180,80,,False,,,
restarts,5,181,62,,False,,,
restarts,5,182,74,,False,,,
restarts,5,183,87,,False,,,
restarts,5,184,82,,False,,,
restarts,5,185,24,,False,,,
restarts,5,186,90,,False,,,
restarts,5,187,61,,False,,,
restarts,5,188,74,,False,,,
restarts,5,189,89,,False,,,
restarts,5,190,21,,False,,,
restarts,5,191,76,,False,,,
restarts,5,192,18,,False,,,
restarts,5,193,60,,False,,,
restarts,5,194,16,,False,,,
restarts,5,195,7,,False,,,
restarts,5,196,102,,False,,,
restarts,5,197,64,,False,,,
restarts,5,198,29,,False,,,
restarts,5,199,72,,False,,,
restarts,8,0,60,,False,,,
restarts,8,1,39,,False,,,
restarts,8,2,12,,False,,,
restarts,8,3,22,,False,,,
restarts,8,4,37,,False,,,
restarts,8,5,70,,False,,,
restarts,8,6,75,,False,,,
restarts,8,7,34,,False,,,
restarts,8,8,22,,False,,,
restarts,8,9,47,,False,,,
restarts,8,10,71,,False,,,
restarts,8,11,32,,False,,,
restarts,8,12,47,,False,,,
restarts,8,13,76,,False,,,
restarts,8,14,96,,False,,,
restarts,8,15,30,,False,,,
restarts,8,16,64,,False,,,
restarts,8,17,61,,False,,,
restarts,8,18,80,,False,,,
restarts,8,19,29,,False,,,
restarts,8,20,65,,False,,,
restarts,8,21,82,,False,,,
restarts,8,22,61,,False,,,
restarts,8,23,66,,False,,,
restarts,8,24,40,,False,,,
restarts,8,25,80,,False,,,
restarts,8,26,78,,False,,,
restarts,8,27,8,,False,,,
restarts,8,28,98,,False,,,
restarts,8,29,72,,False,,,
restarts,8,30,57,,False,,,
restarts,8,31,69,,False,,,
restarts,8,32,81,,False,,,
restarts,8,33,67,,False,,,
restarts,8,34,80,,False,,,
restarts,8,35,71,,False,,,
restarts,8,36,82,,False,,,
restarts,8,37,61,,False,,,
restarts,8,38,22,,False,,,
restarts,8,39,73,,False,,,
restarts,8,40,58,,False,,,
restarts,8,41,4,,False,,,
restarts,8,42,68,,False,,,
restarts,8,43,48,,False,,,
restarts,8,44,91,,False,,,
restarts,8,45,79,,False,,,
restarts,8,46,33,,False,,,
restarts,8,47,84,,False,,,
restarts,8,48,87,,False,,,
restarts,8,49,54,,False,,,
restarts,8,50,15,,False,,,
restarts,8,51,27,,False,,,
restarts,8,52,32,,False,,,
restarts,8,53,13,,False,,,
restarts,8,54,26,,False,,,
restarts,8,55,8,,False,,,
restarts,8,56,8,,False,,,
restarts,8,57,7,,False,,,
restarts,8,58,22,,False,,,
restarts,8,59,138,,False,,,
restarts,8,60,14,,False,,,
restarts,8,61,69,,False,,,
restarts,8,62,24,,False,,,
restarts,8,63,102,,False,,,
restarts,8,64,53,,False,,,
restarts,8,65,73,,False,,,
restarts,8,66,45,,False,,,
restarts,8,67,34,,False,,,
restarts,8,68,75,,False,,,
restarts,8,69,20,,False,,,
restarts,8,70,20,,False,,,
restarts,8,71,79,,False,,,
restarts,8,72,13,,False,,,
restarts,8,73,31,,False,,,
restarts,8,74,67,,False,,,
restarts,8,75,70,,False,,,
restarts,8,76,44,,False,,,
restarts,8,77,44,,False,,,
restarts,8,78,79,,False,,,
restarts,8,79,28,,False,,,
restarts,8,80,56,,False,,,
restarts,8,81,69,,False,,,
restarts,8,82,68,,False,,,
restarts,8,83,25,,False,,,
restarts,8,84,62,,False,,,
restarts,8,85,52,,False,,,
restarts,8,86,10,,False,,,
restarts,8,87,64,,False,,,
restarts,8,88,29,,False,,,
restarts,8,89,68,,False,,,
restarts,8,90,72,,False,,,
restarts,8,91,80,,False,,,
restarts,8,92,10,,False,,,
restarts,8,93,87,,False,,,
restarts,8,94,39,,False,,,
restarts,8,95,69,,False,,,
restarts,8,96,33,,False,,,
restarts,8,97,27,,False,,,
restarts,8,98,73,,False,,,
restarts,8,99,31,,False,,,
restarts,8,100,95,,False,,,
restarts,8,101,31,,False,,,
restarts,8,102,78,,False,,,
restarts,8,103,54,,False,,,
restarts,8,104,17,,False,,,
restarts,8,105,113,,False,,,
restarts,8,106,24,,False,,,
restarts,8,107,9,,False,,,
restarts,8,108,27,,False,,,
restarts,8,109,27,,False,,,
restarts,8,110,7,,False,,,
restarts,8,111,60,,False,,,
restarts,8,112,57,,False,,,
restarts,8,113,13,,False,,,
restarts,8,114,65,,False,,,
restarts,8,115,85,,False,,,
restarts,8,116,59,,False,,,
restarts,8,117,10,,False,,,
restarts,8,118,26,,False,,,
restarts,8,119,77,,False,,,
restarts,8,120,20,,False,,,
restarts,8,121,70,,False,,,
restarts,8,122,57,,False,,,
restarts,8,123,63,,False,,,
restarts,8,124,74,,False,,,
restarts,8,125,7,,False,,,
restarts,8,126,68,,False,,,
restarts,8,127,72,,False,,,
restarts,8,128,55,,False,,,
restarts,8,129,20,,False,,,
restarts,8,130,68,,False,,,
restarts,8,131,31,,False,,,
restarts,8,132,59,,False,,,
restarts,8,133,64,,False,,,
restarts,8,134,45,,False,,,
restarts,8,135,56,,False,,,
restarts,8,136,16,,False,,,
restarts,8,137,42,,False,,,
restarts,8,138,42,,False,,,
restarts,8,139,74,,False,,,
restarts,8,140,91,,False,,,
restarts,8,141,9,,False,,,
restarts,8,142,50,,False,,,
restarts,8,143,71,,False,,,
restarts,8,144,76,,False,,,
restarts,8,145,24,,False,,,
restarts,8,146,88,,False,,,
restarts,8,147,26,,False,,,
restarts,8,148,43,,False,,,
restarts,8,149,49,,False,,,
restarts,8,150,32,,False,,,
restarts,8,151,101,,False,,,
restarts,8,152,40,,False,,,
restarts,8,153,59,,False,,,
restarts,8,154,48,,False,,,
restarts,8,155,11,,False,,,
restarts,8,156,94,,False,,,
restarts,8,157,72,,False,,,
restarts,8,158,54,,False,,,
restarts,8,159,52,,False,,,
restarts,8,160,15,,False,,,
restarts,8,161,70,,False,,,
restarts,8,162,77,,False,,,
restarts,8,163,85,,False,,,
restarts,8,164,73,,False,,,
restarts,8,165,63,,False,,,
restarts,8,166,68,,False,,,
restarts,8,167,11,,False,,,
restarts,8,168,45,,False,,,
restarts,8,169,72,,False,,,
restarts,8,170,72,,False,,,
restarts,8,171,75,,False,,,
restarts,8,172,10,,False,,,
restarts,8,173,25,,False,,,
restarts,8,174,22,,False,,,
restarts,8,175,71,,False,,,
restarts,8,176,64,,False,,,
restarts,8,177,60,,False,,,
restarts,8,178,63,,False,,,
restarts,8,179,93,,False,,,
restarts,8,180,80,,False,,,
restarts,8,181,7,,False,,,
restarts,8,182,10,,False,,,
restarts,8,183,35,,False,,,
restarts,8,184,84,,False,,,
restarts,8,185,96,,False,,,
restarts,8,186,80,,False,,,
restarts,8,187,20,,False,,,
restarts,8,188,53,,False,,,
restarts,8,189,57,,False,,,
restarts,8,190,59,,False,,,
restarts,8,191,74,,False,,,
restarts,8,192,5,,False,,,
restarts,8,193,38,,False,,,
restarts,8,194,46,,False,,,
restarts,8,195,54,,False,,,
restarts,8,196,61,,False,,,
restarts,8,197,8,,False,,,
restarts,8,198,71,,False,,,
restarts,8,199,7,,False,,,
finetune,3,4,91,,False,0.001,642.0,
finetune,3,4,91,,False,0.01,642.0,
finetune,3,9,91,,False,0.001,870.0,
finetune,3,9,87,,False,0.01,870.0,
finetune,3,11,68,,False,0.001,703.0,
finetune,3,11,58,,False,0.01,703.0,
finetune,3,13,88,,False,0.001,1021.0,
finetune,3,13,100,,False,0.01,1021.0,
finetune,5,0,61,,False,0.001,705.0,
finetune,5,0,56,,False,0.01,705.0,
finetune,5,4,93,,False,0.001,686.0,
finetune,5,4,94,,False,0.01,686.0,
finetune,5,7,63,,False,0.001,648.0,
finetune,5,7,24,,False,0.01,648.0,
finetune,5,9,89,,False,0.001,863.0,
finetune,5,9,106,,False,0.01,863.0,
finetune,5,10,84,,False,0.001,1000.0,
finetune,5,10,86,,False,0.01,1000.0,
finetune,5,14,98,,False,0.001,821.0,
finetune,5,14,99,,False,0.01,821.0,
finetune,5,15,55,,False,0.001,1085.0,
finetune,5,15,70,,False,0.01,1085.0,
finetune,5,16,60,,False,0.001,1000.0,
finetune,5,16,10,,False,0.01,1000.0,
anneal,3,4,6,,False,,,
anneal,3,9,24,,False,,,
anneal,3,11,14,,False,,,
anneal,3,13,89,,False,,,
anneal,5,0,54,,False,,,
anneal,5,4,16,,False,,,
anneal,5,7,10,,False,,,
anneal,5,9,11,,False,,,
anneal,5,10,74,,False,,,
anneal,5,14,10,,False,,,
anneal,5,15,33,,False,,,
anneal,5,16,49,,False,,,
cma,3,0,66,,False,,,47.0
cma,3,1,14,,False,,,5.0
cma,3,2,82,,False,,,56.0
cma,3,3,48,,False,,,22.0
cma,3,4,95,,False,,,52.0
cma,3,5,56,,False,,,52.0
cma,3,6,70,,False,,,47.0
cma,3,7,23,,False,,,0.0
cma,3,8,33,,False,,,22.0
cma,3,9,82,,False,,,61.0
cma,3,10,84,,False,,,69.0
cma,3,11,7,,False,,,0.0
cma,3,12,25,,False,,,15.0
cma,3,13,78,,False,,,43.0
cma,3,14,81,,False,,,46.0
cma,3,15,70,,False,,,62.0
cma,3,16,66,,False,,,46.0
cma,3,17,46,,False,,,18.0
cma,3,18,31,,False,,,20.0
cma,3,19,38,,False,,,19.0
cma,5,0,57,,False,,,45.0
cma,5,1,93,,False,,,49.0
cma,5,2,68,,False,,,55.0
cma,5,3,22,,False,,,6.0
cma,5,4,83,,False,,,57.0
cma,5,5,38,,False,,,16.0
cma,5,6,20,,False,,,0.0
cma,5,7,28,,False,,,7.0
cma,5,8,35,,False,,,29.0
cma,5,9,62,,False,,,35.0
cma,5,10,67,,False,,,56.0
cma,5,11,42,,False,,,12.0
cma,5,12,50,,False,,,69.0
cma,5,13,73,,False,,,52.0
cma,5,14,10,,False,,,8.0
cma,5,15,62,,False,,,28.0
cma,5,16,18,,False,,,1.0
cma,5,17,24,,False,,,12.0
cma,5,18,8,,False,,,0.0
cma,5,19,79,,False,,,53.0
