kind,a,lr,init_scale,rate,G_star,w2_med,w2_p10,w2_p90,w2_all
a_sweep,1.02,0.01,1.0,0.0,0.0016099439961188011,1.8141425251960754,0.5397709727287292,3.004280257225037,0.6672;1.9804;3.0763;1.8049;0.6917;2.2584;0.7149;3.4116;0.6729;2.0538;2.8272;0.5155;2.7344;0.6673;0.5425;1.8028;0.3115;0.8830;2.0900;2.4623;1.6569;1.0176;1.3722;1.8526;2.0998;1.1709;1.0694;1.8430;1.8214;0.3618;1.9669;3.0672;1.8069;2.3339;1.9340;1.4140;2.9973;0.3508;3.8681;2.5696
a_sweep,1.1,0.01,1.0,0.0,0.017510477277358216,2.3669427633285522,0.5271764814853668,4.125534963607788,0.5793;2.7027;4.3435;2.3541;0.6867;3.1895;0.7223;4.6499;0.6664;2.8422;3.9652;0.5108;3.8451;0.6426;0.5290;2.3356;0.3178;0.8744;2.8697;3.4310;2.1374;1.0055;1.7107;2.3797;2.7500;1.3556;0.8068;2.2893;2.3898;0.3587;2.7063;4.2225;2.4623;3.1635;2.6120;1.7623;4.1148;0.3406;5.1546;3.6655
a_sweep,1.25,0.01,1.0,0.0,0.06618006680469835,3.149785280227661,0.35164074301719667,5.034465599060058,0.1345;3.7141;5.2727;3.2361;0.6782;4.2237;0.7339;5.3871;0.6549;3.8977;4.9777;0.5020;4.8661;0.5991;0.5040;3.0304;0.3255;0.8591;3.9065;4.4937;2.9077;0.9840;2.3117;3.0635;3.4680;1.6625;0.3379;2.9870;3.2578;0.3532;3.7630;5.1962;3.4465;4.0904;3.5494;2.3825;5.0165;0.3228;5.9209;4.8827
a_sweep,1.35,0.01,1.0,0.0,0.10670356051126317,3.5069639682769775,0.3649088203907013,5.245045804977417,0.2176;4.1085;5.4474;3.6484;0.6731;4.5319;0.7401;5.4901;0.6477;4.2857;5.2225;0.4961;5.1172;0.5718;0.4874;3.2708;0.3298;0.8493;4.2882;4.8004;3.2727;0.9705;2.6408;3.3725;3.6581;1.8196;0.3666;3.3140;3.6414;0.3497;4.1774;5.4057;3.8638;4.3699;3.9135;2.7206;5.2006;0.3109;6.0197;5.2272
a_sweep,1.45,0.01,1.0,0.175,0.1513121185233457,3.6580358743667603,0.3778111428022385,5.366769218444825,0.2726;4.3311;5.4667;3.9224;0.6684;4.6612;0.7454;5.4655;0.6408;4.4929;5.2931;0.4900;5.1966;0.5457;0.4702;3.3788;0.3383;0.8398;4.4942;4.9232;3.5207;0.9578;2.8967;3.6096;3.7065;1.9329;0.3813;3.5364;3.8869;0.3464;4.4103;5.4488;4.1184;4.4895;4.1187;2.9814;5.2281;0.2973;5.9496;5.3577
a_sweep,1.5,0.01,1.0,0.375,0.17460838287533909,3.700889229774475,0.382253310084343,5.376722049713135,0.2889;4.3940;5.4419;4.0151;0.6663;4.6816;0.7477;5.4253;0.6375;4.5474;5.2880;0.4869;5.1961;0.5330;0.4612;3.3957;0.3408;0.8351;4.5495;4.9399;3.6068;0.9517;2.9974;3.7071;3.6947;1.9733;0.3864;3.6138;3.9675;0.3448;4.4759;5.4325;4.1977;4.5092;4.1765;3.0831;5.2058;0.2890;5.8862;5.3713
a_sweep,2.0,0.01,1.0,0.7,0.4405880788268046,3.8393560647964478,0.40959767401218417,4.763835477828979,0.3532;4.2373;4.8246;4.0093;0.6486;4.2952;0.7629;4.7485;0.6081;4.3214;4.7571;0.4877;4.6950;0.4071;3.5985;2.9154;0.3552;0.7749;4.3645;4.5297;3.6933;0.8993;3.3098;4.1147;3.0314;1.9235;0.4099;3.6918;3.9854;0.3308;4.3262;4.8455;4.1549;4.1353;4.0194;3.3744;4.5544;3.6627;5.0335;4.8610
a_sweep,3.0,0.01,1.0,0.65,1.0491633119478312,3.220231056213379,0.35842992663383483,3.8156300067901614,0.3750;3.4715;3.9106;3.2178;0.6282;3.4037;0.7737;3.8111;0.5639;3.5683;3.8560;0.4682;3.8030;1.0994;2.9679;0.1799;0.3601;0.6613;3.6660;3.6124;3.0566;0.8305;2.9154;3.6329;0.3433;0.1924;0.4194;3.2226;3.3112;0.3098;3.6176;3.9080;3.4434;3.2016;3.2649;2.9101;3.4073;3.3227;4.0046;3.7958
lr_sweep,1.25,0.03,1.0,0.5,0.06618006680469835,10.250747680664062,1.0517989039421083,13.031430530548096,6.4855;10.3430;13.4157;9.0873;0.3003;11.0424;11.2301;13.3691;0.5935;10.4287;12.7044;11.0503;12.6629;7.1269;7.8732;10.1180;12.9939;0.7210;10.6266;11.2361;8.2981;1.0886;7.0734;13.3692;11.3151;6.4245;12.4405;8.5579;9.5274;0.1692;10.1585;12.8374;9.8009;12.0107;9.9445;7.0350;12.8997;9.3314;14.3464;12.4309
lr_sweep,1.25,0.003,1.0,0.0,0.06618006680469835,0.9529244303703308,0.4145545303821564,1.8086365342140198,0.4270;1.2944;1.8115;1.1548;0.8246;1.5328;0.8707;2.0697;0.6698;1.4186;1.8083;0.5297;1.7236;0.4201;0.5302;0.3141;0.3649;0.9272;1.2671;1.6222;0.9823;0.9786;0.5677;0.4624;0.5255;0.4547;0.4624;1.1552;0.9036;0.3579;1.3668;1.8906;1.2101;0.5284;1.2504;0.6951;1.3301;0.2401;2.4205;1.6714
lr_sweep,1.25,0.001,1.0,0.0,0.06618006680469835,0.5580309927463531,0.26333740055561067,0.9238139152526856,0.4366;0.5530;0.5630;0.4857;0.8597;0.7775;0.8927;0.9969;0.6727;0.6655;0.7050;0.5340;0.7764;0.3552;0.5356;0.3464;0.3701;0.9466;0.3491;0.7263;0.3124;0.9915;0.0444;0.2666;0.5396;0.4854;0.4726;0.6046;0.1654;0.3595;0.6509;0.6636;0.5353;0.5757;0.5967;0.2342;0.9213;0.2279;1.2979;0.6065
lr_sweep,1.45,0.03,1.0,0.875,0.1513121185233457,10.428637027740479,1.0139940321445466,11.856947326660157,7.4839;10.4607;12.0733;9.6313;0.2971;10.4874;10.6275;11.8540;0.5779;10.4450;11.7556;11.5064;11.7088;8.2309;8.8763;10.1926;11.0777;0.7001;10.5599;10.7744;9.0098;1.0489;8.1624;12.2465;10.9553;7.5627;11.6960;9.0984;9.9910;0.2204;10.2789;11.7758;10.1441;11.4609;10.0440;8.0932;11.8834;10.4123;12.4120;11.6954
lr_sweep,1.45,0.003,1.0,0.0,0.1513121185233457,0.9734849631786346,0.3893770009279251,1.9399147987365724,0.4278;1.4893;1.9355;1.3380;0.8129;1.7151;0.8710;2.1630;0.6559;1.6366;1.9792;0.5275;1.8965;0.3916;0.5021;0.3188;0.3694;0.9115;1.4331;1.8135;1.1126;0.9622;0.6206;0.4760;0.5266;0.4578;0.4648;1.2878;0.9848;0.3541;1.5974;2.0276;1.4143;0.5431;1.4235;0.8960;1.2568;0.2316;2.5256;1.8926
lr_sweep,1.45,0.001,1.0,0.0,0.1513121185233457,0.580309271812439,0.2609442204236984,0.9244627296924591,0.4376;0.6089;0.5643;0.5386;0.8471;0.8378;0.8921;1.0301;0.6589;0.7431;0.7647;0.5327;0.8386;0.3299;0.5082;0.3467;0.3730;0.9325;0.3451;0.7881;0.3188;0.9762;0.0434;0.2655;0.5378;0.4857;0.4749;0.6454;0.1566;0.3561;0.7303;0.6912;0.5964;0.5627;0.6519;0.1574;0.9236;0.2201;1.3725;0.6578
init_scale,1.25,0.01,0.3,0.0,0.06618006680469835,5.259834289550781,4.604183912277222,5.832593011856079,4.8166;5.2867;5.9404;4.7683;0.1690;5.6987;5.6772;5.7597;0.3007;5.1573;5.6857;5.1907;5.7555;4.7031;5.8983;5.5068;4.9713;0.3345;5.2561;6.1152;5.2636;4.6081;4.5688;5.7474;5.7793;4.6553;5.7015;5.1146;5.1943;4.9719;4.9584;5.9637;5.1577;5.5702;5.4711;4.8126;5.8253;5.0372;5.4764;5.7616
init_scale,1.25,0.01,3.0,0.0,0.06618006680469835,1.686506986618042,1.012880653142929,2.544823479652405,1.1891;1.8058;1.3551;2.4558;2.1638;2.3384;2.5701;2.5251;1.6446;2.1955;2.4451;1.6607;2.7346;1.4448;1.7837;1.7720;1.5065;1.6770;0.5895;2.3655;1.3691;2.3639;1.1751;0.3690;1.6126;1.5274;1.6136;1.7831;0.2193;1.0371;2.4230;2.5420;1.6960;1.3871;1.8655;1.4314;2.6302;0.7951;1.5253;2.8212
init_scale,1.5,0.01,0.3,0.925,0.17460838287533909,5.427211761474609,5.0106987953186035,5.731908464431763,5.1644;5.4439;5.8004;5.1082;0.1611;5.6982;5.7060;5.7045;0.3265;5.3499;5.6724;5.4111;5.7305;5.1071;5.7005;5.5550;5.1857;0.3253;5.4242;5.9507;5.4302;4.9638;5.0159;5.7213;5.7168;5.0638;5.6486;5.3575;5.4164;5.2215;5.2186;5.8257;5.3758;5.6179;5.5320;5.1452;5.7445;5.1929;5.5919;5.7104
init_scale,1.5,0.01,3.0,0.0,0.17460838287533909,2.2219371795654297,0.8026344597339631,3.174415373802185,1.5473;2.3887;3.2903;0.0115;2.1498;3.0119;2.5676;3.1737;1.6439;2.9150;2.6903;2.2699;3.4959;1.9076;2.1900;2.3619;2.4626;1.6380;0.5912;3.1543;1.7848;2.3405;1.5418;0.3577;1.6275;1.3897;1.3039;2.2539;0.1786;1.3413;3.1811;3.1340;2.2766;1.3772;2.5281;1.9046;2.6237;0.8261;1.7231;3.7250
