parametrization,axis_aligned,activation,monotonic,depth,seed,fold_layer,layer,linking_rounded,linking_raw,min_distance,defined,reportable
baseline,True,gelu,False,5,8,1,0,-1,-1.000025100237454,0.9999999999999998,True,True
baseline,True,gelu,False,5,8,1,1,0,9.437930072555877e-06,0.10709221180750335,True,True
baseline,True,gelu,False,5,8,1,2,0,1.4081613352819073e-06,0.25506092980043577,True,True
baseline,True,gelu,False,5,8,1,3,0,2.5819189449625786e-07,0.6526406119019841,True,True
baseline,True,gelu,False,5,8,1,4,0,-1.4534191678451465e-08,1.2122726646906457,True,True
baseline,True,gelu,False,5,8,1,5,0,1.3799677400685034e-09,5.095602345810257,True,True
baseline,True,gelu,False,12,4,1,0,-1,-1.000025100237454,0.9999999999999998,True,True
baseline,True,gelu,False,12,4,1,1,0,-5.7448063843989946e-05,0.1495985356207318,True,True
baseline,True,gelu,False,12,4,1,2,0,3.2222640306231896e-05,0.11733372191916754,True,True
baseline,True,gelu,False,12,4,1,3,0,1.5419122075529196e-07,0.1983413707925946,True,True
baseline,True,gelu,False,12,4,1,4,0,2.664345370091019e-07,0.2067181295388013,True,True
baseline,True,gelu,False,12,4,1,5,0,4.802511947412603e-06,0.18841882569416712,True,True
baseline,True,gelu,False,12,4,1,6,0,7.261415164690807e-06,0.16960907063685052,True,True
baseline,True,gelu,False,12,4,1,7,0,4.1523395435122236e-07,0.26786908669141807,True,True
baseline,True,gelu,False,12,4,1,8,0,-3.4144500846760744e-08,0.6367865685972137,True,True
baseline,True,gelu,False,12,4,1,9,0,2.7761968267925922e-08,1.3027703796425882,True,True
baseline,True,gelu,False,12,4,1,10,0,-8.48464168365344e-09,3.145989190473105,True,True
baseline,True,gelu,False,12,4,1,11,0,9.975695673374585e-10,5.73383704138735,True,True
baseline,True,gelu,False,12,4,1,12,0,-2.964155917343422e-10,9.885458100926465,True,True
thick_tube,True,gelu,False,3,1,1,0,-1,-1.000025100237454,0.9999999999999998,True,True
thick_tube,True,gelu,False,3,1,1,1,0,4.203766087976154e-06,0.14300981881794433,True,True
thick_tube,True,gelu,False,3,1,1,2,0,2.25449351594855e-06,0.5509106207952449,True,True
thick_tube,True,gelu,False,3,1,1,3,0,-1.1517484669884737e-06,1.7835042227967064,True,True
thick_tube,True,gelu,False,5,8,1,0,-1,-1.000025100237454,0.9999999999999998,True,True
thick_tube,True,gelu,False,5,8,1,1,0,1.1217664055803653e-05,0.11289610581168778,True,True
thick_tube,True,gelu,False,5,8,1,2,0,-2.3518205475489242e-07,0.23112160634968296,True,True
thick_tube,True,gelu,False,5,8,1,3,0,-5.466989190192365e-08,0.691146183687908,True,True
thick_tube,True,gelu,False,5,8,1,4,0,-4.090093394862992e-09,1.5319105705657103,True,True
thick_tube,True,gelu,False,5,8,1,5,0,-4.82149460679747e-10,5.190186926681589,True,True
unequal_major,True,gelu,False,5,1,1,0,-1,-1.000025100237454,0.9999999999999999,True,True
unequal_major,True,gelu,False,5,1,1,1,0,2.234585347914407e-05,0.10898136703294393,True,True
unequal_major,True,gelu,False,5,1,1,2,0,-7.64274637689085e-06,0.18651991375379487,True,True
unequal_major,True,gelu,False,5,1,1,3,0,1.6258546691585392e-07,0.4855221685444353,True,True
unequal_major,True,gelu,False,5,1,1,4,0,-1.671041671632786e-08,1.504043953883536,True,True
unequal_major,True,gelu,False,5,1,1,5,0,-7.469240958412484e-09,3.6823375355642014,True,True
unequal_major,True,gelu,False,5,8,1,0,-1,-1.000025100237454,0.9999999999999999,True,True
unequal_major,True,gelu,False,5,8,1,1,0,1.0193699209873911e-05,0.14375515268865943,True,True
unequal_major,True,gelu,False,5,8,1,2,0,-9.772801135216152e-06,0.0684158329030147,True,True
unequal_major,True,gelu,False,5,8,1,3,0,-1.046728642266131e-06,0.27409557963742304,True,True
unequal_major,True,gelu,False,5,8,1,4,0,-6.688838601651708e-08,0.7271633295859065,True,True
unequal_major,True,gelu,False,5,8,1,5,0,-2.5338333577517164e-11,1.988738109073487,True,True
unequal_major,True,gelu,False,8,3,1,0,-1,-1.000025100237454,0.9999999999999999,True,True
unequal_major,True,gelu,False,8,3,1,1,0,2.5561321280845825e-05,0.0968136703920958,True,True
unequal_major,True,gelu,False,8,3,1,2,0,-4.079320621441295e-06,0.09259228385413566,True,True
unequal_major,True,gelu,False,8,3,1,3,0,1.9299362773842196e-09,0.1771019035581586,True,True
unequal_major,True,gelu,False,8,3,1,4,0,1.896733649472707e-08,0.42089571735983994,True,True
unequal_major,True,gelu,False,8,3,1,5,0,-5.431773642050975e-10,1.3027910237577196,True,True
unequal_major,True,gelu,False,8,3,1,6,0,-1.5080076191612723e-12,3.3766548865356345,True,True
unequal_major,True,gelu,False,8,3,1,7,0,-2.4070481575261943e-11,6.557752254258611,True,True
unequal_major,True,gelu,False,8,3,1,8,0,-5.562732407067754e-14,8.598634075831393,True,True
asymmetric_tube,True,gelu,False,3,5,1,0,-1,-1.000025100237454,0.9999999999999998,True,True
asymmetric_tube,True,gelu,False,3,5,1,1,0,-3.989561438496665e-06,0.11379653413990641,True,True
asymmetric_tube,True,gelu,False,3,5,1,2,0,1.374493339450883e-05,0.1556606640263372,True,True
asymmetric_tube,True,gelu,False,3,5,1,3,0,2.31330274313871e-07,1.0401394752902022,True,True
asymmetric_tube,True,gelu,False,5,0,1,0,-1,-1.000025100237454,0.9999999999999998,True,True
asymmetric_tube,True,gelu,False,5,0,1,1,0,-1.1446734117814016e-05,0.14066516122171577,True,True
asymmetric_tube,True,gelu,False,5,0,1,2,0,1.7774850355252203e-05,0.2452169570134138,True,True
asymmetric_tube,True,gelu,False,5,0,1,3,0,2.9240216952042307e-05,0.137001626432812,True,True
asymmetric_tube,True,gelu,False,5,0,1,4,0,1.452269045211539e-06,0.6678013810334186,True,True
asymmetric_tube,True,gelu,False,5,0,1,5,0,-1.2285962446633578e-07,3.290381796973437,True,True
asymmetric_both,True,gelu,False,5,3,1,0,-1,-1.000025100237454,0.9999999999999999,True,True
asymmetric_both,True,gelu,False,5,3,1,1,0,-1.9082720175763545e-05,0.13646791921694595,True,True
asymmetric_both,True,gelu,False,5,3,1,2,0,2.293125238312129e-05,0.1385918370436478,True,True
asymmetric_both,True,gelu,False,5,3,1,3,0,6.271987228869846e-06,0.3232810896825422,True,True
asymmetric_both,True,gelu,False,5,3,1,4,0,2.378718581180611e-07,0.7406423632112381,True,True
asymmetric_both,True,gelu,False,5,3,1,5,0,-1.1304057298249291e-10,2.2593322140935133,True,True
asymmetric_both,True,gelu,False,5,8,1,0,-1,-1.000025100237454,0.9999999999999999,True,True
asymmetric_both,True,gelu,False,5,8,1,1,0,1.4320525989454012e-05,0.136141827872715,True,True
asymmetric_both,True,gelu,False,5,8,1,2,0,-1.4963488456595194e-05,0.07534931628353105,True,True
asymmetric_both,True,gelu,False,5,8,1,3,0,1.184520162700555e-08,0.3034242963612841,True,True
asymmetric_both,True,gelu,False,5,8,1,4,0,-1.0327043310408815e-07,1.156263491273119,True,True
asymmetric_both,True,gelu,False,5,8,1,5,0,-6.232821915839862e-08,4.678871957811018,True,True
asymmetric_both,True,gelu,False,8,3,1,0,-1,-1.000025100237454,0.9999999999999999,True,True
asymmetric_both,True,gelu,False,8,3,1,1,0,1.8876308612619994e-05,0.09856999930780207,True,True
asymmetric_both,True,gelu,False,8,3,1,2,0,-7.891365231334446e-07,0.08175814916454262,True,True
asymmetric_both,True,gelu,False,8,3,1,3,0,-8.062007510963161e-10,0.22619449199327096,True,True
asymmetric_both,True,gelu,False,8,3,1,4,0,6.637235727701516e-09,0.6501867162375511,True,True
asymmetric_both,True,gelu,False,8,3,1,5,0,1.06228493412521e-09,2.431959814877523,True,True
asymmetric_both,True,gelu,False,8,3,1,6,0,-3.4228534424019863e-10,6.224857674727694,True,True
asymmetric_both,True,gelu,False,8,3,1,7,0,-4.600172233181901e-10,11.355436443684962,True,True
asymmetric_both,True,gelu,False,8,3,1,8,0,1.131205692934223e-09,10.506442148689136,True,True
near_offset,True,gelu,False,5,3,1,0,-1,-1.000025100237454,0.6999999999999998,True,True
near_offset,True,gelu,False,5,3,1,1,0,-1.0758866208419597e-05,0.113672883732934,True,True
near_offset,True,gelu,False,5,3,1,2,0,4.429160274836248e-06,0.12403427974529727,True,True
near_offset,True,gelu,False,5,3,1,3,0,1.5234512147632465e-06,0.3375924012587344,True,True
near_offset,True,gelu,False,5,3,1,4,0,-1.0267786817040108e-07,0.8860099088451037,True,True
near_offset,True,gelu,False,5,3,1,5,0,-5.694044126405752e-13,2.504517765982909,True,True
near_offset,True,gelu,False,5,8,1,0,-1,-1.000025100237454,0.6999999999999998,True,True
near_offset,True,gelu,False,5,8,1,1,0,-5.209435637247875e-06,0.11020992702816941,True,True
near_offset,True,gelu,False,5,8,1,2,0,6.9795636983306565e-06,0.056777283995817406,True,True
near_offset,True,gelu,False,5,8,1,3,0,1.2549933899375283e-07,0.2013421931377076,True,True
near_offset,True,gelu,False,5,8,1,4,0,-1.853310905401328e-09,0.7508159886879179,True,True
near_offset,True,gelu,False,5,8,1,5,0,7.441528685612498e-10,3.41075866693164,True,True
near_offset,True,gelu,False,5,9,1,0,-1,-1.000025100237454,0.6999999999999998,True,True
near_offset,True,gelu,False,5,9,1,1,0,-2.529956063246798e-07,0.09910523684754634,True,True
near_offset,True,gelu,False,5,9,1,2,0,2.368055712255842e-06,0.11489960813286447,True,True
near_offset,True,gelu,False,5,9,1,3,0,-4.34807935320163e-06,0.5817884986452713,True,True
near_offset,True,gelu,False,5,9,1,4,0,-5.605625487524426e-06,1.6143334370066214,True,True
near_offset,True,gelu,False,5,9,1,5,0,2.070744867160612e-05,3.60329383071232,True,True
near_offset,True,gelu,False,12,3,1,0,-1,-1.000025100237454,0.6999999999999998,True,True
near_offset,True,gelu,False,12,3,1,1,0,-8.938980670299381e-05,0.0798832191712539,True,True
near_offset,True,gelu,False,12,3,1,2,0,2.065106279788962e-06,0.0363717899263935,True,True
near_offset,True,gelu,False,12,3,1,3,0,5.907167652868816e-08,0.04410235250272639,True,True
near_offset,True,gelu,False,12,3,1,4,0,-6.113375657224209e-08,0.08663972701002177,True,True
near_offset,True,gelu,False,12,3,1,5,0,-4.974757744471349e-08,0.15360611251234188,True,True
near_offset,True,gelu,False,12,3,1,6,0,6.774111020484846e-11,0.23777806283284736,True,True
near_offset,True,gelu,False,12,3,1,7,0,1.313162943991349e-10,0.2780309583663657,True,True
near_offset,True,gelu,False,12,3,1,8,0,-1.477879151500264e-11,0.9717564195295614,True,True
near_offset,True,gelu,False,12,3,1,9,0,1.324293980952247e-11,1.8383368448168036,True,True
near_offset,True,gelu,False,12,3,1,10,0,1.7549422826897318e-14,1.7873148026691914,True,True
near_offset,True,gelu,False,12,3,1,11,0,-2.3539430084719482e-14,3.3476138723595787,True,True
near_offset,True,gelu,False,12,3,1,12,0,-2.863451464168145e-14,6.34811097624798,True,True
near_offset,True,gelu,False,12,4,1,0,-1,-1.000025100237454,0.6999999999999998,True,True
near_offset,True,gelu,False,12,4,1,1,0,-5.3526171826710726e-05,0.12816014737407475,True,True
near_offset,True,gelu,False,12,4,1,2,0,-7.30699481638174e-06,0.11408465212553623,True,True
near_offset,True,gelu,False,12,4,1,3,0,-7.001598356156748e-06,0.18776324952397058,True,True
near_offset,True,gelu,False,12,4,1,4,0,3.403683653231757e-06,0.28356474689780403,True,True
near_offset,True,gelu,False,12,4,1,5,0,4.419415157567784e-06,0.35349236146252827,True,True
near_offset,True,gelu,False,12,4,1,6,0,-8.94887986518573e-08,0.6280644884588816,True,True
near_offset,True,gelu,False,12,4,1,7,0,2.616371540229333e-06,0.7447047373363754,True,True
near_offset,True,gelu,False,12,4,1,8,0,-1.0754438123290183e-05,1.4932262411687842,True,True
near_offset,True,gelu,False,12,4,1,9,0,7.140325374024826e-05,1.5353623858362964,True,True
near_offset,True,gelu,False,12,4,1,10,0,4.7496415680907564e-06,3.1543610669387823,True,True
near_offset,True,gelu,False,12,4,1,11,0,-3.639820613994655e-07,6.12510456245813,True,True
near_offset,True,gelu,False,12,4,1,12,0,-6.403089442961265e-07,8.819783359520468,True,True
oblique_offset,True,gelu,False,5,0,1,0,-1,-1.000025100237454,0.7497304934608423,True,True
oblique_offset,True,gelu,False,5,0,1,1,0,-1.495271583162095e-05,0.12919741675987842,True,True
oblique_offset,True,gelu,False,5,0,1,2,0,-2.4948171541780518e-05,0.28338110384286946,True,True
oblique_offset,True,gelu,False,5,0,1,3,0,2.9536495729132548e-05,0.13945759227388,True,True
oblique_offset,True,gelu,False,5,0,1,4,0,-4.1941372293608695e-06,0.7908568062251994,True,True
oblique_offset,True,gelu,False,5,0,1,5,0,1.2410145337555444e-06,3.718331767054281,True,True
oblique_offset,True,gelu,False,5,8,1,0,-1,-1.000025100237454,0.7497304934608423,True,True
oblique_offset,True,gelu,False,5,8,1,1,0,1.368894095652611e-05,0.1107507924606257,True,True
oblique_offset,True,gelu,False,5,8,1,2,0,-3.281128974803335e-06,0.17584042815234077,True,True
oblique_offset,True,gelu,False,5,8,1,3,0,8.028754548422062e-06,0.25457867964776465,True,True
oblique_offset,True,gelu,False,5,8,1,4,0,8.161283937237056e-07,1.0649897083081303,True,True
oblique_offset,True,gelu,False,5,8,1,5,0,2.493683604027323e-09,4.287048624989961,True,True
oblique_offset,True,gelu,False,8,2,1,0,-1,-1.000025100237454,0.7497304934608423,True,True
oblique_offset,True,gelu,False,8,2,1,1,0,-5.4859201203389305e-06,0.1449563252378696,True,True
oblique_offset,True,gelu,False,8,2,1,2,0,3.629471134026886e-07,0.07043856324211756,True,True
oblique_offset,True,gelu,False,8,2,1,3,0,2.3478455330930488e-06,0.11217496023926127,True,True
oblique_offset,True,gelu,False,8,2,1,4,0,-3.782289735290195e-08,0.22022914007898994,True,True
oblique_offset,True,gelu,False,8,2,1,5,0,-1.8084724834929443e-08,0.6456466223247375,True,True
oblique_offset,True,gelu,False,8,2,1,6,0,-1.26590540446219e-08,1.481918934284827,True,True
oblique_offset,True,gelu,False,8,2,1,7,0,7.658240774871134e-09,1.8430900729943103,True,True
oblique_offset,True,gelu,False,8,2,1,8,0,2.7251351197690926e-14,2.9477896417661897,True,True
rotated_30,False,gelu,False,5,0,1,0,-1,-1.000025100237454,0.48237088813154516,True,True
rotated_30,False,gelu,False,5,0,1,1,0,-3.287284046875413e-05,0.10861938010111154,True,True
rotated_30,False,gelu,False,5,0,1,2,0,-6.999718976099438e-06,0.16458974043297048,True,True
rotated_30,False,gelu,False,5,0,1,3,0,3.974511681646214e-08,0.4125637397927941,True,True
rotated_30,False,gelu,False,5,0,1,4,0,6.731092389376922e-07,1.3013627481158145,True,True
rotated_30,False,gelu,False,5,0,1,5,0,-5.7780498287019693e-08,5.423906426752212,True,True
rotated_30,False,gelu,False,12,2,1,0,-1,-1.000025100237454,0.48237088813154516,True,True
rotated_30,False,gelu,False,12,2,1,1,0,-4.09017287181734e-05,0.10935805677805087,True,True
rotated_30,False,gelu,False,12,2,1,2,0,-2.6490329062427127e-05,0.09594187051131119,True,True
rotated_30,False,gelu,False,12,2,1,3,0,-2.3156887768259508e-06,0.21135878901833016,True,True
rotated_30,False,gelu,False,12,2,1,4,0,-1.2793590907140075e-06,0.1676738473125941,True,True
rotated_30,False,gelu,False,12,2,1,5,0,1.3504211270030285e-06,0.21001027117180066,True,True
rotated_30,False,gelu,False,12,2,1,6,0,3.385252837491419e-07,0.5535050825782911,True,True
rotated_30,False,gelu,False,12,2,1,7,0,1.9396415542764975e-09,1.1023735101861525,True,True
rotated_30,False,gelu,False,12,2,1,8,0,-3.5758610333006507e-12,2.408347139541676,True,True
rotated_30,False,gelu,False,12,2,1,9,0,5.608209125393572e-10,2.8676469062263097,True,True
rotated_30,False,gelu,False,12,2,1,10,0,8.853893595420607e-14,3.1904419858518764,True,True
rotated_30,False,gelu,False,12,2,1,11,0,-1.225534887913346e-14,5.603025709076843,True,True
rotated_30,False,gelu,False,12,2,1,12,0,-3.2650453674094266e-17,9.185806212055967,True,True
rotated_30,False,gelu,False,12,5,1,0,-1,-1.000025100237454,0.48237088813154516,True,True
rotated_30,False,gelu,False,12,5,1,1,0,-1.4483683706505442e-06,0.12127706831297796,True,True
rotated_30,False,gelu,False,12,5,1,2,0,-1.2739282525485662e-05,0.03874929731286536,True,True
rotated_30,False,gelu,False,12,5,1,3,0,7.084373264903182e-06,0.03915614491888146,True,True
rotated_30,False,gelu,False,12,5,1,4,0,1.382224646017185e-06,0.0844149971717271,True,True
rotated_30,False,gelu,False,12,5,1,5,0,-2.417818654371743e-08,0.17279154311120837,True,True
rotated_30,False,gelu,False,12,5,1,6,0,-9.12042383702174e-09,0.324269073940832,True,True
rotated_30,False,gelu,False,12,5,1,7,0,9.791468944295541e-10,0.5780939621016338,True,True
rotated_30,False,gelu,False,12,5,1,8,0,-1.5979263179683327e-08,0.8984882602552975,True,True
rotated_30,False,gelu,False,12,5,1,9,0,-1.9502958217564256e-09,1.3461402836158611,True,True
rotated_30,False,gelu,False,12,5,1,10,0,-2.0506449871955034e-10,2.513540009862549,True,True
rotated_30,False,gelu,False,12,5,1,11,0,-5.328161930018308e-12,4.923933203975244,True,True
rotated_30,False,gelu,False,12,5,1,12,0,7.390946304908344e-13,7.844442830726525,True,True
rotated_30,False,gelu,False,12,8,1,0,-1,-1.000025100237454,0.48237088813154516,True,True
rotated_30,False,gelu,False,12,8,1,1,0,-3.924447179901975e-05,0.14830365066263854,True,True
rotated_30,False,gelu,False,12,8,1,2,0,5.221893936702106e-07,0.050169773533081226,True,True
rotated_30,False,gelu,False,12,8,1,3,0,2.0111736014709138e-09,0.11104459485947916,True,True
rotated_30,False,gelu,False,12,8,1,4,0,-1.4518552652838026e-10,0.18028459200955976,True,True
rotated_30,False,gelu,False,12,8,1,5,0,-1.7378378260024497e-11,0.3450528460825557,True,True
rotated_30,False,gelu,False,12,8,1,6,0,-1.5060709644449594e-11,0.44949008593077816,True,True
rotated_30,False,gelu,False,12,8,1,7,0,-6.934927021371073e-13,0.723287365701448,True,True
rotated_30,False,gelu,False,12,8,1,8,0,-4.6458179054815115e-14,1.454249458146848,True,True
rotated_30,False,gelu,False,12,8,1,9,0,6.965468410712154e-14,2.0331594443154213,True,True
rotated_30,False,gelu,False,12,8,1,10,0,-2.647750008881762e-14,1.6267303074730484,True,True
rotated_30,False,gelu,False,12,8,1,11,0,7.228803490877546e-22,1.2203964977611366,True,True
rotated_30,False,gelu,False,12,8,1,12,0,2.1628117633489968e-24,3.085786889757052,True,True
rotated_generic,False,gelu,False,5,8,1,0,-1,-1.000025100237454,0.899070210059265,True,True
rotated_generic,False,gelu,False,5,8,1,1,0,1.7307795838633593e-05,0.09277466048511816,True,True
rotated_generic,False,gelu,False,5,8,1,2,0,-3.466476438020172e-06,0.18427119047151527,True,True
rotated_generic,False,gelu,False,5,8,1,3,0,-2.489692184709616e-06,0.24538751736200828,True,True
rotated_generic,False,gelu,False,5,8,1,4,0,4.172627106978217e-06,0.5538143072295018,True,True
rotated_generic,False,gelu,False,5,8,1,5,0,1.14793058673499e-07,2.2550167192491974,True,True
rotated_generic,False,gelu,False,12,2,1,0,-1,-1.000025100237454,0.899070210059265,True,True
rotated_generic,False,gelu,False,12,2,1,1,0,-3.0177540044845174e-06,0.14330512300668005,True,True
rotated_generic,False,gelu,False,12,2,1,2,0,4.169748614186207e-06,0.09232610141354824,True,True
rotated_generic,False,gelu,False,12,2,1,3,0,-6.814195956426259e-07,0.2753548620034432,True,True
rotated_generic,False,gelu,False,12,2,1,4,0,4.0934753686301096e-07,0.05772632166539058,True,True
rotated_generic,False,gelu,False,12,2,1,5,0,8.685271002986177e-09,0.08686974444591036,True,True
rotated_generic,False,gelu,False,12,2,1,6,0,3.393686629201141e-09,0.2564698193416375,True,True
rotated_generic,False,gelu,False,12,2,1,7,0,-1.6905966096816935e-10,0.5201243302722102,True,True
rotated_generic,False,gelu,False,12,2,1,8,0,1.591463209871812e-12,1.1959636646205978,True,True
rotated_generic,False,gelu,False,12,2,1,9,0,2.6955362579419848e-11,1.4225137700984332,True,True
rotated_generic,False,gelu,False,12,2,1,10,0,-5.771609314184947e-13,1.6833411379715746,True,True
rotated_generic,False,gelu,False,12,2,1,11,0,-8.906201394356585e-14,2.3669244236433675,True,True
rotated_generic,False,gelu,False,12,2,1,12,0,1.261585413080472e-16,5.884189931353647,True,True
generic,False,gelu,False,3,5,1,0,-1,-1.000025100237454,0.6613694422285493,True,True
generic,False,gelu,False,3,5,1,1,0,1.9419298957063395e-05,0.09440815066633465,True,True
generic,False,gelu,False,3,5,1,2,0,3.829140560102881e-05,0.1648858872010228,True,True
generic,False,gelu,False,3,5,1,3,0,3.224096609030512e-08,1.1434901477543327,True,True
generic,False,gelu,False,5,2,1,0,-1,-1.000025100237454,0.6613694422285493,True,True
generic,False,gelu,False,5,2,1,1,0,1.702019359309724e-05,0.09255868913123282,True,True
generic,False,gelu,False,5,2,1,2,0,-7.286034822445197e-06,0.15057101334077758,True,True
generic,False,gelu,False,5,2,1,3,0,-2.949680724349372e-07,0.41732031364031164,True,True
generic,False,gelu,False,5,2,1,4,0,3.714453077123472e-10,1.4195640744009541,True,True
generic,False,gelu,False,5,2,1,5,0,-6.775236729956377e-11,5.0992918758034085,True,True
generic,False,gelu,False,5,8,1,0,-1,-1.000025100237454,0.6613694422285493,True,True
generic,False,gelu,False,5,8,1,1,0,-3.1531778568578244e-06,0.1037672767513968,True,True
generic,False,gelu,False,5,8,1,2,0,3.396110624193479e-05,0.060389732161690905,True,True
generic,False,gelu,False,5,8,1,3,0,2.937479006861808e-07,0.27734789554678374,True,True
generic,False,gelu,False,5,8,1,4,0,-4.035399531907052e-08,1.099243776000769,True,True
generic,False,gelu,False,5,8,1,5,0,2.1560017615480226e-09,4.798845879807556,True,True
generic,False,gelu,False,8,0,1,0,-1,-1.000025100237454,0.6613694422285493,True,True
generic,False,gelu,False,8,0,1,1,0,1.2535589898432493e-05,0.12053209035165184,True,True
generic,False,gelu,False,8,0,1,2,0,-8.912690917414364e-05,0.036864615719217265,True,True
generic,False,gelu,False,8,0,1,3,0,-4.06304346169543e-05,0.05335939859460533,True,True
generic,False,gelu,False,8,0,1,4,0,4.8163389421281e-07,0.15604570283450658,True,True
generic,False,gelu,False,8,0,1,5,0,-4.959548834158776e-08,0.3498826458222929,True,True
generic,False,gelu,False,8,0,1,6,0,-2.3767421982539245e-08,1.0012821776249867,True,True
generic,False,gelu,False,8,0,1,7,0,-1.6017535184646296e-08,2.1681949756572347,True,True
generic,False,gelu,False,8,0,1,8,0,-4.479051843401129e-10,5.4337452010767,True,True
generic,False,gelu,False,8,2,1,0,-1,-1.000025100237454,0.6613694422285493,True,True
generic,False,gelu,False,8,2,1,1,0,6.95054851737997e-05,0.10348182946422739,True,True
generic,False,gelu,False,8,2,1,2,0,5.0320918000942663e-05,0.13945195841893432,True,True
generic,False,gelu,False,8,2,1,3,0,2.8232743338322024e-05,0.10739420178779033,True,True
generic,False,gelu,False,8,2,1,4,0,-3.2540407864414083e-07,0.2784131431485192,True,True
generic,False,gelu,False,8,2,1,5,0,4.2380615149505094e-08,0.6628070212611084,True,True
generic,False,gelu,False,8,2,1,6,0,-1.4781828486803772e-08,1.4057585208577028,True,True
generic,False,gelu,False,8,2,1,7,0,-1.368168131293204e-08,1.7759266946672594,True,True
generic,False,gelu,False,8,2,1,8,0,2.2412420895238548e-14,3.2268229026996447,True,True
generic,False,gelu,False,12,3,1,0,-1,-1.000025100237454,0.6613694422285493,True,True
generic,False,gelu,False,12,3,1,1,0,-5.209951308006301e-06,0.08377985250385571,True,True
generic,False,gelu,False,12,3,1,2,0,1.5614533571756148e-05,0.20850712198014854,True,True
generic,False,gelu,False,12,3,1,3,0,5.240937495912826e-06,0.047460967908499324,True,True
generic,False,gelu,False,12,3,1,4,0,-6.108969622566323e-07,0.11508964306173229,True,True
generic,False,gelu,False,12,3,1,5,0,-2.0650189205293076e-08,0.34946251913710863,True,True
generic,False,gelu,False,12,3,1,6,0,-1.0035054712895831e-09,0.40823388291984025,True,True
generic,False,gelu,False,12,3,1,7,0,-1.516112887130179e-07,0.4710733993221533,True,True
generic,False,gelu,False,12,3,1,8,0,4.155517632428805e-09,0.8033472406151657,True,True
generic,False,gelu,False,12,3,1,9,0,4.134400116010245e-09,0.12082790407589947,True,True
generic,False,gelu,False,12,3,1,10,0,-5.789600263611028e-11,0.44462624143851764,True,True
generic,False,gelu,False,12,3,1,11,0,4.95717446436021e-11,1.1742715246417204,True,True
generic,False,gelu,False,12,3,1,12,0,1.8212447436502114e-12,3.932884811643594,True,True
generic,False,gelu,False,12,7,2,0,-1,-1.000025100237454,0.6613694422285493,True,True
generic,False,gelu,False,12,7,2,1,-1,-1.000027281826437,0.3001117964186226,True,True
generic,False,gelu,False,12,7,2,2,0,-6.576666774703297e-06,0.1512864640398699,True,True
generic,False,gelu,False,12,7,2,3,0,9.629563598760365e-07,0.26584164859062986,True,True
generic,False,gelu,False,12,7,2,4,0,5.658122016475764e-08,0.1888690774705457,True,True
generic,False,gelu,False,12,7,2,5,0,-3.6385084205269936e-08,0.5547900676933275,True,True
generic,False,gelu,False,12,7,2,6,0,-7.729801547535845e-10,0.6351985050354003,True,True
generic,False,gelu,False,12,7,2,7,0,-2.348281341205951e-10,0.9361054284657094,True,True
generic,False,gelu,False,12,7,2,8,0,-5.0929746194689e-12,0.9291198004129059,True,True
generic,False,gelu,False,12,7,2,9,0,7.144242236253681e-13,0.7966785779407344,True,True
generic,False,gelu,False,12,7,2,10,0,6.463304210064861e-13,0.556136739718329,True,True
generic,False,gelu,False,12,7,2,11,0,-4.298727822101568e-13,0.9075985228470683,True,True
generic,False,gelu,False,12,7,2,12,0,-8.301521117722903e-15,2.247715266244527,True,True
