depth,seed,parameter,monotonic,errors_before_adapt,errors_after_adapt,train_errors_after_adapt
3,4,3.0,False,0,0,0
3,4,2.95,False,0,0,0
3,4,2.9,False,0,0,0
3,4,2.85,False,0,0,0
3,4,2.8,False,0,0,0
3,4,2.75,False,0,0,0
3,4,2.7,False,0,0,0
3,4,2.65,False,0,0,0
3,4,2.6,False,0,0,0
3,4,2.55,False,0,0,0
3,4,2.5,False,0,0,0
3,4,2.45,False,0,0,0
3,4,2.4,False,0,0,0
3,4,2.35,False,0,0,0
3,4,2.3,False,0,0,0
3,4,2.25,False,0,0,0
3,4,2.2,False,0,0,0
3,4,2.15,False,0,0,0
3,4,2.1,False,0,0,0
3,4,2.05,False,0,0,0
3,4,2.0,False,0,0,0
3,4,1.95,False,0,0,0
3,4,1.9,False,0,0,0
3,4,1.85,False,0,0,0
3,4,1.8,False,0,0,0
3,4,1.75,False,0,0,0
3,4,1.7,False,0,0,0
3,4,1.65,False,0,0,0
3,4,1.6,False,0,0,0
3,4,1.55,False,0,0,0
3,4,1.5,False,0,0,0
3,4,1.45,False,0,0,0
3,4,1.4,False,0,0,0
3,4,1.35,False,0,0,0
3,4,1.3,False,0,0,0
3,4,1.25,False,2,3,2
3,4,1.2,False,7,6,8
3,4,1.15,False,26,29,29
3,4,1.1,False,58,67,55
3,4,1.05,False,91,70,66
3,4,1.0,True,86,38,29
3,4,0.95,True,49,41,29
3,4,0.9,True,51,43,30
3,4,0.85,True,52,40,27
3,4,0.8,True,45,33,26
3,9,3.0,False,0,0,0
3,9,2.95,False,0,0,0
3,9,2.9,False,0,0,0
3,9,2.85,False,0,0,0
3,9,2.8,False,0,0,0
3,9,2.75,False,0,0,0
3,9,2.7,False,0,0,0
3,9,2.65,False,0,0,0
3,9,2.6,False,0,0,0
3,9,2.55,False,0,0,0
3,9,2.5,False,0,0,0
3,9,2.45,False,0,0,0
3,9,2.4,False,0,0,0
3,9,2.35,False,0,0,0
3,9,2.3,False,0,0,0
3,9,2.25,False,0,0,0
3,9,2.2,False,0,0,0
3,9,2.15,False,0,0,0
3,9,2.1,False,0,0,0
3,9,2.05,False,0,0,0
3,9,2.0,False,0,0,0
3,9,1.95,False,0,0,0
3,9,1.9,False,0,0,0
3,9,1.85,False,0,0,0
3,9,1.8,False,0,0,0
3,9,1.75,False,0,0,0
3,9,1.7,False,0,0,0
3,9,1.65,False,0,0,0
3,9,1.6,False,0,0,0
3,9,1.55,False,0,0,0
3,9,1.5,False,0,0,0
3,9,1.45,False,0,0,0
3,9,1.4,False,0,0,0
3,9,1.35,False,2,0,0
3,9,1.3,False,8,0,0
3,9,1.25,False,19,2,0
3,9,1.2,False,29,11,4
3,9,1.15,False,41,25,16
3,9,1.1,False,103,89,67
3,9,1.05,False,106,69,63
3,9,1.0,True,78,68,53
3,9,0.95,True,76,65,53
3,9,0.9,True,74,66,51
3,9,0.85,True,79,64,53
3,9,0.8,True,84,64,53
3,11,3.0,False,0,0,0
3,11,2.95,False,0,0,0
3,11,2.9,False,0,0,0
3,11,2.85,False,0,0,0
3,11,2.8,False,0,0,0
3,11,2.75,False,0,0,0
3,11,2.7,False,0,0,0
3,11,2.65,False,0,0,0
3,11,2.6,False,0,0,0
3,11,2.55,False,0,0,0
3,11,2.5,False,0,0,0
3,11,2.45,False,0,0,0
3,11,2.4,False,0,0,0
3,11,2.35,False,0,0,0
3,11,2.3,False,0,0,0
3,11,2.25,False,0,0,0
3,11,2.2,False,0,0,0
3,11,2.15,False,0,0,0
3,11,2.1,False,0,0,0
3,11,2.05,False,0,0,0
3,11,2.0,False,0,0,0
3,11,1.95,False,0,0,0
3,11,1.9,False,0,0,0
3,11,1.85,False,0,0,0
3,11,1.8,False,0,0,0
3,11,1.75,False,0,0,0
3,11,1.7,False,0,0,0
3,11,1.65,False,0,0,0
3,11,1.6,False,0,0,0
3,11,1.55,False,0,0,0
3,11,1.5,False,0,0,0
3,11,1.45,False,0,0,0
3,11,1.4,False,0,0,0
3,11,1.35,False,0,0,0
3,11,1.3,False,8,0,0
3,11,1.25,False,24,0,0
3,11,1.2,False,63,0,0
3,11,1.15,False,81,10,4
3,11,1.1,False,84,52,27
3,11,1.05,False,90,60,50
3,11,1.0,True,104,68,55
3,11,0.95,True,83,69,47
3,11,0.9,True,82,68,45
3,11,0.85,True,83,64,43
3,11,0.8,True,82,62,41
3,13,3.0,False,0,0,0
3,13,2.95,False,0,0,0
3,13,2.9,False,0,0,0
3,13,2.85,False,0,0,0
3,13,2.8,False,0,0,0
3,13,2.75,False,0,0,0
3,13,2.7,False,0,0,0
3,13,2.65,False,0,0,0
3,13,2.6,False,0,0,0
3,13,2.55,False,0,0,0
3,13,2.5,False,0,0,0
3,13,2.45,False,0,0,0
3,13,2.4,False,0,0,0
3,13,2.35,False,0,0,0
3,13,2.3,False,0,0,0
3,13,2.25,False,0,0,0
3,13,2.2,False,0,0,0
3,13,2.15,False,0,0,0
3,13,2.1,False,0,0,0
3,13,2.05,False,0,0,0
3,13,2.0,False,0,0,0
3,13,1.95,False,0,0,0
3,13,1.9,False,0,0,0
3,13,1.85,False,0,0,0
3,13,1.8,False,0,0,0
3,13,1.75,False,0,0,0
3,13,1.7,False,0,0,0
3,13,1.65,False,0,0,0
3,13,1.6,False,0,0,0
3,13,1.55,False,0,0,0
3,13,1.5,False,0,0,0
3,13,1.45,False,0,0,0
3,13,1.4,False,0,0,0
3,13,1.35,False,0,0,0
3,13,1.3,False,0,0,0
3,13,1.25,False,1,0,0
3,13,1.2,False,7,0,0
3,13,1.15,False,32,4,0
3,13,1.1,False,102,16,12
3,13,1.05,False,216,99,75
3,13,1.0,True,201,92,82
3,13,0.95,True,101,95,81
3,13,0.9,True,104,93,81
3,13,0.85,True,102,96,81
3,13,0.8,True,101,94,80
5,0,3.0,False,0,0,0
5,0,2.95,False,0,0,0
5,0,2.9,False,0,0,0
5,0,2.85,False,0,0,0
5,0,2.8,False,0,0,0
5,0,2.75,False,0,0,0
5,0,2.7,False,0,0,0
5,0,2.65,False,0,0,0
5,0,2.6,False,0,0,0
5,0,2.55,False,0,0,0
5,0,2.5,False,0,0,0
5,0,2.45,False,0,0,0
5,0,2.4,False,0,0,0
5,0,2.35,False,0,0,0
5,0,2.3,False,0,0,0
5,0,2.25,False,0,0,0
5,0,2.2,False,0,0,0
5,0,2.15,False,0,0,0
5,0,2.1,False,0,0,0
5,0,2.05,False,0,0,0
5,0,2.0,False,0,0,0
5,0,1.95,False,0,0,0
5,0,1.9,False,0,0,0
5,0,1.85,False,0,0,0
5,0,1.8,False,0,0,0
5,0,1.75,False,0,0,0
5,0,1.7,False,0,0,0
5,0,1.65,False,0,0,0
5,0,1.6,False,0,0,0
5,0,1.55,False,0,0,0
5,0,1.5,False,0,0,0
5,0,1.45,False,0,0,0
5,0,1.4,False,0,0,0
5,0,1.35,False,0,0,0
5,0,1.3,False,0,0,0
5,0,1.25,False,8,0,0
5,0,1.2,False,20,13,6
5,0,1.15,False,70,33,27
5,0,1.1,False,127,26,12
5,0,1.05,False,122,51,43
5,0,1.0,True,421,92,70
5,0,0.95,True,157,90,71
5,0,0.9,True,117,92,73
5,0,0.85,True,118,93,73
5,0,0.8,True,114,92,72
5,4,3.0,False,0,0,0
5,4,2.95,False,0,0,0
5,4,2.9,False,0,0,0
5,4,2.85,False,0,0,0
5,4,2.8,False,0,0,0
5,4,2.75,False,0,0,0
5,4,2.7,False,0,0,0
5,4,2.65,False,0,0,0
5,4,2.6,False,0,0,0
5,4,2.55,False,0,0,0
5,4,2.5,False,0,0,0
5,4,2.45,False,0,0,0
5,4,2.4,False,0,0,0
5,4,2.35,False,0,0,0
5,4,2.3,False,0,0,0
5,4,2.25,False,0,0,0
5,4,2.2,False,0,0,0
5,4,2.15,False,0,0,0
5,4,2.1,False,0,0,0
5,4,2.05,False,0,0,0
5,4,2.0,False,0,0,0
5,4,1.95,False,0,0,0
5,4,1.9,False,0,0,0
5,4,1.85,False,0,0,0
5,4,1.8,False,0,0,0
5,4,1.75,False,0,0,0
5,4,1.7,False,0,0,0
5,4,1.65,False,0,0,0
5,4,1.6,False,0,0,0
5,4,1.55,False,1,0,0
5,4,1.5,False,1,0,0
5,4,1.45,False,1,0,0
5,4,1.4,False,2,0,0
5,4,1.35,False,7,0,0
5,4,1.3,False,14,0,0
5,4,1.25,False,19,3,5
5,4,1.2,False,16,6,7
5,4,1.15,False,47,20,19
5,4,1.1,False,90,10,11
5,4,1.05,False,245,42,40
5,4,1.0,True,99,68,66
5,4,0.95,True,107,76,79
5,4,0.9,True,101,85,92
5,4,0.85,True,100,88,90
5,4,0.8,True,99,73,79
5,7,3.0,False,0,0,0
5,7,2.95,False,0,0,0
5,7,2.9,False,0,0,0
5,7,2.85,False,0,0,0
5,7,2.8,False,0,0,0
5,7,2.75,False,0,0,0
5,7,2.7,False,0,0,0
5,7,2.65,False,0,0,0
5,7,2.6,False,0,0,0
5,7,2.55,False,0,0,0
5,7,2.5,False,0,0,0
5,7,2.45,False,0,0,0
5,7,2.4,False,0,0,0
5,7,2.35,False,0,0,0
5,7,2.3,False,0,0,0
5,7,2.25,False,0,0,0
5,7,2.2,False,0,0,0
5,7,2.15,False,0,0,0
5,7,2.1,False,0,0,0
5,7,2.05,False,0,0,0
5,7,2.0,False,0,0,0
5,7,1.95,False,0,0,0
5,7,1.9,False,0,0,0
5,7,1.85,False,0,0,0
5,7,1.8,False,0,0,0
5,7,1.75,False,0,0,0
5,7,1.7,False,0,0,0
5,7,1.65,False,0,0,0
5,7,1.6,False,0,0,0
5,7,1.55,False,0,0,0
5,7,1.5,False,0,0,0
5,7,1.45,False,0,0,0
5,7,1.4,False,0,0,0
5,7,1.35,False,0,0,0
5,7,1.3,False,0,0,0
5,7,1.25,False,0,0,0
5,7,1.2,False,0,45,42
5,7,1.15,False,51,24,32
5,7,1.1,False,44,20,29
5,7,1.05,False,46,27,30
5,7,1.0,True,47,29,34
5,7,0.95,True,49,45,43
5,7,0.9,True,55,53,49
5,7,0.85,True,56,55,45
5,7,0.8,True,55,48,43
5,9,3.0,False,0,0,0
5,9,2.95,False,0,0,0
5,9,2.9,False,0,0,0
5,9,2.85,False,0,0,0
5,9,2.8,False,0,0,0
5,9,2.75,False,0,0,0
5,9,2.7,False,0,0,0
5,9,2.65,False,0,0,0
5,9,2.6,False,0,0,0
5,9,2.55,False,0,0,0
5,9,2.5,False,0,0,0
5,9,2.45,False,0,0,0
5,9,2.4,False,0,0,0
5,9,2.35,False,0,0,0
5,9,2.3,False,0,0,0
5,9,2.25,False,0,0,0
5,9,2.2,False,0,0,0
5,9,2.15,False,0,0,0
5,9,2.1,False,0,0,0
5,9,2.05,False,0,0,0
5,9,2.0,False,0,0,0
5,9,1.95,False,0,0,0
5,9,1.9,False,0,0,0
5,9,1.85,False,0,0,0
5,9,1.8,False,0,0,0
5,9,1.75,False,0,0,0
5,9,1.7,False,0,0,0
5,9,1.65,False,0,0,0
5,9,1.6,False,0,111,86
5,9,1.55,False,114,107,84
5,9,1.5,False,100,89,75
5,9,1.45,False,87,80,69
5,9,1.4,False,83,63,39
5,9,1.35,False,56,49,26
5,9,1.3,False,44,48,32
5,9,1.25,False,50,59,39
5,9,1.2,False,70,71,53
5,9,1.15,False,89,93,73
5,9,1.1,False,124,127,106
5,9,1.05,False,127,99,80
5,9,1.0,True,119,109,99
5,9,0.95,True,122,112,97
5,9,0.9,True,124,110,94
5,9,0.85,True,114,93,73
5,9,0.8,True,92,93,73
5,10,3.0,False,0,0,0
5,10,2.95,False,0,0,0
5,10,2.9,False,0,0,0
5,10,2.85,False,0,0,0
5,10,2.8,False,0,0,0
5,10,2.75,False,0,0,0
5,10,2.7,False,0,0,0
5,10,2.65,False,0,0,0
5,10,2.6,False,0,0,0
5,10,2.55,False,0,0,0
5,10,2.5,False,0,0,0
5,10,2.45,False,0,0,0
5,10,2.4,False,0,0,0
5,10,2.35,False,0,0,0
5,10,2.3,False,0,0,0
5,10,2.25,False,0,85,89
5,10,2.2,False,89,87,90
5,10,2.15,False,88,89,93
5,10,2.1,False,90,88,93
5,10,2.05,False,90,86,92
5,10,2.0,False,93,85,95
5,10,1.95,False,89,82,91
5,10,1.9,False,91,81,90
5,10,1.85,False,93,76,82
5,10,1.8,False,97,75,77
5,10,1.75,False,104,1,0
5,10,1.7,False,10,0,0
5,10,1.65,False,2,0,0
5,10,1.6,False,1,0,0
5,10,1.55,False,0,0,0
5,10,1.5,False,0,0,0
5,10,1.45,False,0,0,0
5,10,1.4,False,0,0,0
5,10,1.35,False,0,67,69
5,10,1.3,False,75,72,63
5,10,1.25,False,95,73,60
5,10,1.2,False,113,68,63
5,10,1.15,False,157,71,68
5,10,1.1,False,239,84,78
5,10,1.05,False,356,85,74
5,10,1.0,True,230,97,88
5,10,0.95,True,198,97,90
5,10,0.9,True,158,91,89
5,10,0.85,True,144,77,75
5,10,0.8,True,161,71,63
5,14,3.0,False,0,0,0
5,14,2.95,False,0,0,0
5,14,2.9,False,0,0,0
5,14,2.85,False,0,0,0
5,14,2.8,False,0,0,0
5,14,2.75,False,0,0,0
5,14,2.7,False,0,0,0
5,14,2.65,False,0,0,0
5,14,2.6,False,0,0,0
5,14,2.55,False,0,0,0
5,14,2.5,False,0,0,0
5,14,2.45,False,0,0,0
5,14,2.4,False,0,0,0
5,14,2.35,False,0,0,0
5,14,2.3,False,0,0,0
5,14,2.25,False,0,0,0
5,14,2.2,False,0,0,0
5,14,2.15,False,0,0,0
5,14,2.1,False,0,0,0
5,14,2.05,False,0,0,0
5,14,2.0,False,0,0,0
5,14,1.95,False,0,0,0
5,14,1.9,False,0,0,0
5,14,1.85,False,0,0,0
5,14,1.8,False,0,0,0
5,14,1.75,False,0,0,0
5,14,1.7,False,0,0,0
5,14,1.65,False,0,0,0
5,14,1.6,False,0,0,0
5,14,1.55,False,0,0,0
5,14,1.5,False,0,0,0
5,14,1.45,False,0,0,0
5,14,1.4,False,0,0,0
5,14,1.35,False,0,0,0
5,14,1.3,False,0,0,0
5,14,1.25,False,0,0,0
5,14,1.2,False,1,0,0
5,14,1.15,False,3,0,0
5,14,1.1,False,15,0,0
5,14,1.05,False,47,19,11
5,14,1.0,True,44,25,16
5,14,0.95,True,43,31,18
5,14,0.9,True,46,31,17
5,14,0.85,True,48,30,16
5,14,0.8,True,50,31,16
5,15,3.0,False,0,0,0
5,15,2.95,False,0,0,0
5,15,2.9,False,0,0,0
5,15,2.85,False,0,0,0
5,15,2.8,False,0,0,0
5,15,2.75,False,0,0,0
5,15,2.7,False,0,0,0
5,15,2.65,False,0,0,0
5,15,2.6,False,0,0,0
5,15,2.55,False,0,0,0
5,15,2.5,False,0,0,0
5,15,2.45,False,0,0,0
5,15,2.4,False,0,0,0
5,15,2.35,False,0,0,0
5,15,2.3,False,0,0,0
5,15,2.25,False,0,0,0
5,15,2.2,False,0,0,0
5,15,2.15,False,0,0,0
5,15,2.1,False,0,0,0
5,15,2.05,False,0,0,0
5,15,2.0,False,0,0,0
5,15,1.95,False,0,0,0
5,15,1.9,False,0,0,0
5,15,1.85,False,0,0,0
5,15,1.8,False,0,0,0
5,15,1.75,False,0,79,99
5,15,1.7,False,82,78,101
5,15,1.65,False,82,78,99
5,15,1.6,False,82,78,98
5,15,1.55,False,83,78,98
5,15,1.5,False,83,78,98
5,15,1.45,False,82,79,98
5,15,1.4,False,81,78,98
5,15,1.35,False,81,78,97
5,15,1.3,False,83,76,99
5,15,1.25,False,85,75,99
5,15,1.2,False,92,77,98
5,15,1.15,False,98,78,98
5,15,1.1,False,116,80,102
5,15,1.05,False,242,80,112
5,15,1.0,True,89,81,106
5,15,0.95,True,88,79,102
5,15,0.9,True,86,78,103
5,15,0.85,True,85,77,103
5,15,0.8,True,85,77,105
5,16,3.0,False,0,0,0
5,16,2.95,False,0,0,0
5,16,2.9,False,0,0,0
5,16,2.85,False,0,0,0
5,16,2.8,False,0,0,0
5,16,2.75,False,0,0,0
5,16,2.7,False,0,0,0
5,16,2.65,False,0,0,0
5,16,2.6,False,0,0,0
5,16,2.55,False,0,0,0
5,16,2.5,False,0,0,0
5,16,2.45,False,0,0,0
5,16,2.4,False,0,0,0
5,16,2.35,False,0,0,0
5,16,2.3,False,0,0,0
5,16,2.25,False,0,0,0
5,16,2.2,False,0,0,0
5,16,2.15,False,0,0,0
5,16,2.1,False,0,0,0
5,16,2.05,False,0,0,0
5,16,2.0,False,0,0,0
5,16,1.95,False,0,0,0
5,16,1.9,False,0,0,0
5,16,1.85,False,0,0,0
5,16,1.8,False,0,1,0
5,16,1.75,False,0,1,0
5,16,1.7,False,1,2,0
5,16,1.65,False,2,5,0
5,16,1.6,False,5,3,0
5,16,1.55,False,4,3,0
5,16,1.5,False,3,3,0
5,16,1.45,False,3,5,0
5,16,1.4,False,8,4,0
5,16,1.35,False,11,3,0
5,16,1.3,False,14,3,0
5,16,1.25,False,28,0,0
5,16,1.2,False,122,0,0
5,16,1.15,False,216,0,0
5,16,1.1,False,423,67,58
5,16,1.05,False,774,68,82
5,16,1.0,True,558,94,70
5,16,0.95,True,242,73,56
5,16,0.9,True,230,62,58
5,16,0.85,True,197,57,60
5,16,0.8,True,167,59,62
