activation,parameter,depth,width,seed,train_data_seed,eval_data_seed,final_eval_accuracy,perfect_eval,eval_errors,duration_seconds
sin_family,0.95,8,3,0,10000,20000,0.9695,False,61,1.9882072091568261
sin_family,0.95,8,3,1,10001,20001,0.996,False,8,1.4609520409721881
sin_family,0.95,8,3,2,10002,20002,0.999,False,2,1.437054666923359
sin_family,0.95,8,3,3,10003,20003,0.9815,False,37,1.430002042092383
sin_family,0.95,8,3,4,10004,20004,0.979,False,42,1.4603689580690116
sin_family,0.95,8,3,5,10005,20005,0.9625,False,75,1.4675987500231713
sin_family,0.95,8,3,6,10006,20006,0.961,False,78,1.4636340001598
sin_family,0.95,8,3,7,10007,20007,0.9905,False,19,1.4739327081479132
sin_family,0.95,8,3,8,10008,20008,0.9635,False,73,1.4565811669453979
sin_family,0.95,8,3,9,10009,20009,0.994,False,12,1.4642467079684138
sin_family,0.95,8,3,10,10010,20010,0.9635,False,73,1.4680888750590384
sin_family,0.95,8,3,11,10011,20011,0.99,False,20,1.463604458142072
sin_family,0.95,8,3,12,10012,20012,0.992,False,16,1.462444582954049
sin_family,0.95,8,3,13,10013,20013,0.9585,False,83,1.4832066670060158
sin_family,0.95,8,3,14,10014,20014,0.952,False,96,1.5123801250010729
sin_family,0.95,8,3,15,10015,20015,0.968,False,64,1.4667251659557223
sin_family,0.95,8,3,16,10016,20016,0.947,False,106,1.451415958115831
sin_family,0.95,8,3,17,10017,20017,0.971,False,58,1.4695355829317123
sin_family,0.95,8,3,18,10018,20018,0.97,False,60,2.9588124160654843
sin_family,0.95,8,3,19,10019,20019,0.9825,False,35,1.5381034170277417
sin_family,0.95,8,3,20,10020,20020,0.9685,False,63,1.5098462500609457
sin_family,0.95,8,3,21,10021,20021,0.969,False,62,1.4973213749472052
sin_family,0.95,8,3,22,10022,20022,0.969,False,62,1.5041061660740525
sin_family,0.95,8,3,23,10023,20023,0.9725,False,55,1.4907625000923872
sin_family,0.95,8,3,24,10024,20024,0.976,False,48,1.5477791659068316
sin_family,0.95,8,3,25,10025,20025,0.9635,False,73,1.522538207937032
sin_family,0.95,8,3,26,10026,20026,0.9925,False,15,1.503645959077403
sin_family,0.95,8,3,27,10027,20027,0.9975,False,5,1.5040673329494894
sin_family,0.95,8,3,28,10028,20028,0.95,False,100,1.9258147499058396
sin_family,0.95,8,3,29,10029,20029,0.961,False,78,1.566365165868774
sin_family,0.95,8,3,30,10030,20030,0.969,False,62,1.542116415919736
sin_family,0.95,8,3,31,10031,20031,0.962,False,76,1.5602859170176089
sin_family,0.95,8,3,32,10032,20032,0.991,False,18,1.847825791919604
sin_family,0.95,8,3,33,10033,20033,0.9705,False,59,1.5120078749023378
sin_family,0.95,8,3,34,10034,20034,0.967,False,66,1.5063602079171687
sin_family,0.95,8,3,35,10035,20035,0.963,False,74,1.637417540885508
sin_family,0.95,8,3,36,10036,20036,0.958,False,84,1.522900499869138
sin_family,0.95,8,3,37,10037,20037,0.965,False,70,1.523054416058585
sin_family,0.95,8,3,38,10038,20038,0.9775,False,45,1.6816375409252942
sin_family,0.95,8,3,39,10039,20039,0.955,False,90,1.6107787499204278
sin_family,0.95,8,3,40,10040,20040,0.971,False,58,1.529152208007872
sin_family,0.95,8,3,41,10041,20041,0.989,False,22,1.942493167007342
sin_family,0.95,8,3,42,10042,20042,0.9645,False,71,1.8279870408587158
sin_family,0.95,8,3,43,10043,20043,0.981,False,38,2.248475833097473
sin_family,0.95,8,3,44,10044,20044,0.9535,False,93,2.118334208149463
sin_family,0.95,8,3,45,10045,20045,0.959,False,82,1.6197525409515947
sin_family,0.95,8,3,46,10046,20046,0.9685,False,63,1.5260698751080781
sin_family,0.95,8,3,47,10047,20047,0.958,False,84,1.6167729580774903
sin_family,0.95,8,3,48,10048,20048,0.9665,False,67,1.5058198338374496
sin_family,0.95,8,3,49,10049,20049,0.9935,False,13,1.5764882499352098
sin_family,0.95,8,3,50,10050,20050,0.995,False,10,1.5871204580180347
sin_family,0.95,8,3,51,10051,20051,0.9865,False,27,1.8441652501933277
sin_family,0.95,8,3,52,10052,20052,0.994,False,12,1.5897269588895142
sin_family,0.95,8,3,53,10053,20053,0.9925,False,15,1.5634762500412762
sin_family,0.95,8,3,54,10054,20054,0.9645,False,71,1.5583041668869555
sin_family,0.95,8,3,55,10055,20055,0.993,False,14,1.5480078340042382
sin_family,0.95,8,3,56,10056,20056,0.9635,False,73,1.5197684578597546
sin_family,0.95,8,3,57,10057,20057,0.9955,False,9,1.5203884579241276
sin_family,0.95,8,3,58,10058,20058,0.9895,False,21,1.5183947919867933
sin_family,0.95,8,3,59,10059,20059,0.9515,False,97,1.538348250091076
sin_family,0.95,8,3,60,10060,20060,0.9835,False,33,1.5411930000409484
sin_family,0.95,8,3,61,10061,20061,0.988,False,24,1.516804208047688
sin_family,0.95,8,3,62,10062,20062,0.99,False,20,1.6340765829663724
sin_family,0.95,8,3,63,10063,20063,0.9485,False,103,1.663509750040248
sin_family,0.95,8,3,64,10064,20064,0.9955,False,9,1.6481219579000026
sin_family,0.95,8,3,65,10065,20065,0.9635,False,73,1.5704420420806855
sin_family,0.95,8,3,66,10066,20066,0.98,False,40,1.575237332843244
sin_family,0.95,8,3,67,10067,20067,0.968,False,64,1.5963432500138879
sin_family,0.95,8,3,68,10068,20068,0.9595,False,81,1.656327874865383
sin_family,0.95,8,3,69,10069,20069,0.9795,False,41,1.556816500145942
sin_family,0.95,8,3,70,10070,20070,0.971,False,58,1.51127895899117
sin_family,0.95,8,3,71,10071,20071,0.9615,False,77,1.5083214999176562
sin_family,0.95,8,3,72,10072,20072,0.9955,False,9,1.5152026659343392
sin_family,0.95,8,3,73,10073,20073,0.986,False,28,1.5240874160081148
sin_family,0.95,8,3,74,10074,20074,0.9685,False,63,1.5272311251610518
sin_family,0.95,8,3,75,10075,20075,0.9825,False,35,1.6134989170823246
sin_family,0.95,8,3,76,10076,20076,0.9525,False,95,1.5083594578318298
sin_family,0.95,8,3,77,10077,20077,0.965,False,70,1.5487557919695973
sin_family,0.95,8,3,78,10078,20078,0.9625,False,75,1.5243164589628577
sin_family,0.95,8,3,79,10079,20079,0.9865,False,27,1.5486867500003427
sin_family,0.95,8,3,80,10080,20080,0.968,False,64,1.507845374988392
sin_family,0.95,8,3,81,10081,20081,0.97,False,60,1.4993571669328958
sin_family,0.95,8,3,82,10082,20082,0.987,False,26,1.538924708031118
sin_family,0.95,8,3,83,10083,20083,0.9915,False,17,1.4938137910794467
sin_family,0.95,8,3,84,10084,20084,0.9635,False,73,1.5087315000128
sin_family,0.95,8,3,85,10085,20085,0.9715,False,57,1.5171603329945356
sin_family,0.95,8,3,86,10086,20086,0.994,False,12,1.562379082897678
sin_family,0.95,8,3,87,10087,20087,0.97,False,60,1.5914581660181284
sin_family,0.95,8,3,88,10088,20088,0.991,False,18,1.596947459038347
sin_family,0.95,8,3,89,10089,20089,0.9895,False,21,1.5884071250911802
sin_family,0.95,8,3,90,10090,20090,0.9705,False,59,1.590317500056699
sin_family,0.95,8,3,91,10091,20091,0.9615,False,77,1.5975273330695927
sin_family,0.95,8,3,92,10092,20092,0.993,False,14,1.5778487920761108
sin_family,0.95,8,3,93,10093,20093,0.9565,False,87,1.5340651250444353
sin_family,0.95,8,3,94,10094,20094,0.969,False,62,1.544256665976718
sin_family,0.95,8,3,95,10095,20095,0.9645,False,71,1.4957647919654846
sin_family,0.95,8,3,96,10096,20096,0.9945,False,11,1.515801375033334
sin_family,0.95,8,3,97,10097,20097,0.9555,False,89,1.5031634999904782
sin_family,0.95,8,3,98,10098,20098,0.962,False,76,1.5090734171681106
sin_family,0.95,8,3,99,10099,20099,0.979,False,42,1.525603499962017
sin_family,0.95,8,3,100,10100,20100,0.964,False,72,1.528011792106554
sin_family,0.95,8,3,101,10101,20101,0.969,False,62,1.5139787499792874
sin_family,0.95,8,3,102,10102,20102,0.9605,False,79,1.5188865000382066
sin_family,0.95,8,3,103,10103,20103,0.97,False,60,1.4977352090645581
sin_family,0.95,8,3,104,10104,20104,0.9525,False,95,1.5225642090663314
sin_family,0.95,8,3,105,10105,20105,0.949,False,102,1.51293341582641
sin_family,0.95,8,3,106,10106,20106,0.982,False,36,1.511069083120674
sin_family,0.95,8,3,107,10107,20107,0.9895,False,21,1.5118163330480456
sin_family,0.95,8,3,108,10108,20108,0.9635,False,73,1.5606467088218778
sin_family,0.95,8,3,109,10109,20109,0.98,False,40,1.5862046249676496
sin_family,0.95,8,3,110,10110,20110,0.995,False,10,1.5913325829897076
sin_family,0.95,8,3,111,10111,20111,0.9895,False,21,1.5813137500081211
sin_family,0.95,8,3,112,10112,20112,0.97,False,60,1.5863910419866443
sin_family,0.95,8,3,113,10113,20113,0.9705,False,59,1.5900427082087845
sin_family,0.95,8,3,114,10114,20114,0.9875,False,25,1.584269749931991
sin_family,0.95,8,3,115,10115,20115,0.974,False,52,1.5860937091056257
sin_family,0.95,8,3,116,10116,20116,0.988,False,24,1.581924624973908
sin_family,0.95,8,3,117,10117,20117,0.987,False,26,1.5845396660733968
sin_family,0.95,8,3,118,10118,20118,0.9605,False,79,1.586100208107382
sin_family,0.95,8,3,119,10119,20119,0.958,False,84,1.5946152079850435
sin_family,0.95,8,3,120,10120,20120,0.961,False,78,1.6018888750113547
sin_family,0.95,8,3,121,10121,20121,0.974,False,52,1.583389916922897
sin_family,0.95,8,3,122,10122,20122,0.964,False,72,1.5911060420330614
sin_family,0.95,8,3,123,10123,20123,0.9625,False,75,1.5880499579943717
sin_family,0.95,8,3,124,10124,20124,0.9835,False,33,1.5952643749769777
sin_family,0.95,8,3,125,10125,20125,0.961,False,78,1.5915807909332216
sin_family,0.95,8,3,126,10126,20126,0.9905,False,19,1.5900296668987721
sin_family,0.95,8,3,127,10127,20127,0.9655,False,69,1.588402000023052
sin_family,0.95,8,3,128,10128,20128,0.96,False,80,1.5905108749866486
sin_family,0.95,8,3,129,10129,20129,0.963,False,74,1.585298749851063
sin_family,0.95,8,3,130,10130,20130,0.9635,False,73,1.587828709045425
sin_family,0.95,8,3,131,10131,20131,0.9755,False,49,1.584698332939297
sin_family,0.95,8,3,132,10132,20132,0.9735,False,53,1.5860938751138747
sin_family,0.95,8,3,133,10133,20133,0.9955,False,9,1.5882902080193162
sin_family,0.95,8,3,134,10134,20134,0.9795,False,41,1.5975387918297201
sin_family,0.95,8,3,135,10135,20135,0.9825,False,35,1.5845838331151754
sin_family,0.95,8,3,136,10136,20136,0.9585,False,83,1.5905083329416811
sin_family,0.95,8,3,137,10137,20137,0.9675,False,65,1.5898483330383897
sin_family,0.95,8,3,138,10138,20138,0.987,False,26,1.577478083083406
sin_family,0.95,8,3,139,10139,20139,0.966,False,68,1.5558422501198947
sin_family,0.95,8,3,140,10140,20140,0.9535,False,93,1.5170863340608776
sin_family,0.95,8,3,141,10141,20141,0.9885,False,23,1.5174327078275383
sin_family,0.95,8,3,142,10142,20142,0.982,False,36,1.5173477500211447
sin_family,0.95,8,3,143,10143,20143,0.964,False,72,1.517014249926433
sin_family,0.95,8,3,144,10144,20144,0.96,False,80,1.5208319169469178
sin_family,0.95,8,3,145,10145,20145,0.986,False,28,1.5257375841028988
sin_family,0.95,8,3,146,10146,20146,0.9565,False,87,1.5482110830489546
sin_family,0.95,8,3,147,10147,20147,0.9815,False,37,1.498360084136948
sin_family,0.95,8,3,148,10148,20148,0.9785,False,43,1.5254460838623345
sin_family,0.95,8,3,149,10149,20149,0.97,False,60,1.5231940411031246
sin_family,0.95,8,3,150,10150,20150,0.9885,False,23,1.5280430000275373
sin_family,0.95,8,3,151,10151,20151,0.9865,False,27,1.5179006669204682
sin_family,0.95,8,3,152,10152,20152,0.9565,False,87,1.5258317498955876
sin_family,0.95,8,3,153,10153,20153,0.9895,False,21,1.563610040815547
sin_family,0.95,8,3,154,10154,20154,0.9985,False,3,1.5803906249348074
sin_family,0.95,8,3,155,10155,20155,0.989,False,22,1.5817007080186158
sin_family,0.95,8,3,156,10156,20156,0.9515,False,97,1.66027995897457
sin_family,0.95,8,3,157,10157,20157,0.9925,False,15,1.6713301669806242
sin_family,0.95,8,3,158,10158,20158,0.96,False,80,1.6179437499959022
sin_family,0.95,8,3,159,10159,20159,0.9885,False,23,1.5933095419313759
sin_family,0.95,8,3,160,10160,20160,0.965,False,70,1.5695730831939727
sin_family,0.95,8,3,161,10161,20161,0.96,False,80,1.571176459081471
sin_family,0.95,8,3,162,10162,20162,0.9585,False,83,1.5745982909575105
sin_family,0.95,8,3,163,10163,20163,0.96,False,80,1.5866225000936538
sin_family,0.95,8,3,164,10164,20164,0.9935,False,13,1.5875477499794215
sin_family,0.95,8,3,165,10165,20165,0.9645,False,71,1.5811719158664346
sin_family,0.95,8,3,166,10166,20166,0.962,False,76,1.5740245829802006
sin_family,0.95,8,3,167,10167,20167,0.9955,False,9,1.5771397908683866
sin_family,0.95,8,3,168,10168,20168,0.964,False,72,1.5826640829909593
sin_family,0.95,8,3,169,10169,20169,0.9915,False,17,1.5786157499533147
sin_family,0.95,8,3,170,10170,20170,0.985,False,30,1.574500709073618
sin_family,0.95,8,3,171,10171,20171,0.9665,False,67,1.5772410419303924
sin_family,0.95,8,3,172,10172,20172,0.9975,False,5,1.5794856671709567
sin_family,0.95,8,3,173,10173,20173,0.9975,False,5,1.571175874909386
sin_family,0.95,8,3,174,10174,20174,0.986,False,28,1.5755869999993593
sin_family,0.95,8,3,175,10175,20175,0.964,False,72,1.5751232500188053
sin_family,0.95,8,3,176,10176,20176,0.991,False,18,1.5765266248490661
sin_family,0.95,8,3,177,10177,20177,0.9945,False,11,1.57567570800893
sin_family,0.95,8,3,178,10178,20178,0.9645,False,71,1.5732212502043694
sin_family,0.95,8,3,179,10179,20179,0.952,False,96,1.5742932499852031
sin_family,0.95,8,3,180,10180,20180,0.9585,False,83,1.5773626670707017
sin_family,0.95,8,3,181,10181,20181,0.991,False,18,1.5805700831115246
sin_family,0.95,8,3,182,10182,20182,0.989,False,22,1.5798172089271247
sin_family,0.95,8,3,183,10183,20183,0.9685,False,63,1.575474375160411
sin_family,0.95,8,3,184,10184,20184,0.9885,False,23,1.5786106248851866
sin_family,0.95,8,3,185,10185,20185,0.9525,False,95,1.5788496248424053
sin_family,0.95,8,3,186,10186,20186,0.9855,False,29,1.577697749948129
sin_family,0.95,8,3,187,10187,20187,0.96,False,80,1.5801477499771863
sin_family,0.95,8,3,188,10188,20188,0.996,False,8,1.5796395840588957
sin_family,0.95,8,3,189,10189,20189,0.979,False,42,1.5755316668655723
sin_family,0.95,8,3,190,10190,20190,0.9685,False,63,1.5692951248493046
sin_family,0.95,8,3,191,10191,20191,0.9645,False,71,1.5722769580315799
sin_family,0.95,8,3,192,10192,20192,0.998,False,4,1.5767449159175158
sin_family,0.95,8,3,193,10193,20193,0.9645,False,71,1.581251333002001
sin_family,0.95,8,3,194,10194,20194,0.983,False,34,1.5914855420123786
sin_family,0.95,8,3,195,10195,20195,0.987,False,26,1.6443028750363737
sin_family,0.95,8,3,196,10196,20196,0.9715,False,57,1.5876187500543892
sin_family,0.95,8,3,197,10197,20197,0.9615,False,77,1.595530292019248
sin_family,0.95,8,3,198,10198,20198,0.942,False,116,1.5687116659246385
sin_family,0.95,8,3,199,10199,20199,0.993,False,14,1.5836694170720875
tanh,,8,3,0,10000,20000,0.959,False,82,1.4738781249616295
tanh,,8,3,1,10001,20001,0.964,False,72,1.4746164998505265
tanh,,8,3,2,10002,20002,0.967,False,66,1.4800770410802215
tanh,,8,3,3,10003,20003,0.9635,False,73,1.4591446248814464
tanh,,8,3,4,10004,20004,0.957,False,86,1.436865916941315
tanh,,8,3,5,10005,20005,0.9655,False,69,1.4152785420883447
tanh,,8,3,6,10006,20006,0.956,False,88,1.4384464998729527
tanh,,8,3,7,10007,20007,0.9515,False,97,1.4059629160910845
tanh,,8,3,8,10008,20008,0.987,False,26,1.417853666935116
tanh,,8,3,9,10009,20009,0.9675,False,65,1.4556729579344392
tanh,,8,3,10,10010,20010,0.9635,False,73,1.4239935409277678
tanh,,8,3,11,10011,20011,0.9605,False,79,1.4139786248560995
tanh,,8,3,12,10012,20012,0.9615,False,77,1.469180207932368
tanh,,8,3,13,10013,20013,0.9525,False,95,1.4356936658732593
tanh,,8,3,14,10014,20014,0.952,False,96,1.418437666958198
tanh,,8,3,15,10015,20015,0.9685,False,63,1.478916916064918
tanh,,8,3,16,10016,20016,0.9675,False,65,1.5230535420123488
tanh,,8,3,17,10017,20017,0.9405,False,119,1.4906729168724269
tanh,,8,3,18,10018,20018,0.963,False,74,1.4890686250291765
tanh,,8,3,19,10019,20019,0.9585,False,83,1.4900278749410063
tanh,,8,3,20,10020,20020,0.9705,False,59,1.4888410831335932
tanh,,8,3,21,10021,20021,0.9695,False,61,1.4981663329526782
tanh,,8,3,22,10022,20022,0.956,False,88,1.4940502089448273
tanh,,8,3,23,10023,20023,0.9565,False,87,1.4899948749225587
tanh,,8,3,24,10024,20024,0.965,False,70,1.490647458937019
tanh,,8,3,25,10025,20025,0.949,False,102,1.490993875078857
tanh,,8,3,26,10026,20026,0.9585,False,83,1.4907319589983672
tanh,,8,3,27,10027,20027,0.9715,False,57,1.490272041875869
tanh,,8,3,28,10028,20028,0.964,False,72,1.4992052079178393
tanh,,8,3,29,10029,20029,0.9655,False,69,1.4895149171352386
tanh,,8,3,30,10030,20030,0.9625,False,75,1.4196683340705931
tanh,,8,3,31,10031,20031,0.955,False,90,1.4106686250306666
tanh,,8,3,32,10032,20032,0.969,False,62,1.4369688751176
tanh,,8,3,33,10033,20033,0.9665,False,67,1.418101540999487
tanh,,8,3,34,10034,20034,0.942,False,116,1.4166619579773396
tanh,,8,3,35,10035,20035,0.9735,False,53,1.4200999590102583
tanh,,8,3,36,10036,20036,0.956,False,88,1.4683878340292722
tanh,,8,3,37,10037,20037,0.966,False,68,1.4221140420995653
tanh,,8,3,38,10038,20038,0.957,False,86,1.4149390410166234
tanh,,8,3,39,10039,20039,0.958,False,84,1.4424252919852734
tanh,,8,3,40,10040,20040,0.9655,False,69,1.4067606250755489
tanh,,8,3,41,10041,20041,0.9775,False,45,1.418989249970764
tanh,,8,3,42,10042,20042,0.965,False,70,1.4987265830859542
tanh,,8,3,43,10043,20043,0.971,False,58,1.4185868750791997
tanh,,8,3,44,10044,20044,0.956,False,88,1.4230872080661356
tanh,,8,3,45,10045,20045,0.9625,False,75,1.4419766669161618
tanh,,8,3,46,10046,20046,0.9645,False,71,1.4085647501051426
tanh,,8,3,47,10047,20047,0.966,False,68,1.4260456659831107
tanh,,8,3,48,10048,20048,0.959,False,82,1.423206124920398
tanh,,8,3,49,10049,20049,0.965,False,70,1.4295101668685675
tanh,,8,3,50,10050,20050,0.9695,False,61,1.4317229581065476
tanh,,8,3,51,10051,20051,0.965,False,70,1.4224814581684768
tanh,,8,3,52,10052,20052,0.952,False,96,1.4209699158091098
tanh,,8,3,53,10053,20053,0.9655,False,69,1.4289320420939475
tanh,,8,3,54,10054,20054,0.966,False,68,1.410819208016619
tanh,,8,3,55,10055,20055,0.96,False,80,1.3991657081060112
tanh,,8,3,56,10056,20056,0.951,False,98,1.4651938749011606
tanh,,8,3,57,10057,20057,0.967,False,66,1.4776693750172853
tanh,,8,3,58,10058,20058,0.969,False,62,1.6169234171975404
tanh,,8,3,59,10059,20059,0.971,False,58,1.426453209016472
tanh,,8,3,60,10060,20060,0.954,False,92,1.4168942500837147
tanh,,8,3,61,10061,20061,0.9555,False,89,1.4257965409196913
tanh,,8,3,62,10062,20062,0.9705,False,59,1.4119815840385854
tanh,,8,3,63,10063,20063,0.9585,False,83,1.4180219999980181
tanh,,8,3,64,10064,20064,0.9685,False,63,1.4063706251326948
tanh,,8,3,65,10065,20065,0.9505,False,99,1.4408296248875558
tanh,,8,3,66,10066,20066,0.967,False,66,1.4322584171313792
tanh,,8,3,67,10067,20067,0.9485,False,103,1.9479864579625428
tanh,,8,3,68,10068,20068,0.964,False,72,1.482970415847376
tanh,,8,3,69,10069,20069,0.9685,False,63,1.5355596251320094
tanh,,8,3,70,10070,20070,0.9575,False,85,1.435650749830529
tanh,,8,3,71,10071,20071,0.9665,False,67,1.412399916909635
tanh,,8,3,72,10072,20072,0.969,False,62,1.8613038749899715
tanh,,8,3,73,10073,20073,0.9585,False,83,1.460552749922499
tanh,,8,3,74,10074,20074,0.959,False,82,1.4463240418117493
tanh,,8,3,75,10075,20075,0.9535,False,93,1.47996462485753
tanh,,8,3,76,10076,20076,0.966,False,68,1.4209145000204444
tanh,,8,3,77,10077,20077,0.9615,False,77,1.5012817501556128
tanh,,8,3,78,10078,20078,0.964,False,72,1.426380458055064
tanh,,8,3,79,10079,20079,0.9695,False,61,1.4167879580054432
tanh,,8,3,80,10080,20080,0.961,False,78,1.5122547089122236
tanh,,8,3,81,10081,20081,0.973,False,54,1.457229332998395
tanh,,8,3,82,10082,20082,0.9625,False,75,1.4927158339414746
tanh,,8,3,83,10083,20083,0.96,False,80,1.4787379170302302
tanh,,8,3,84,10084,20084,0.9645,False,71,1.497815917013213
tanh,,8,3,85,10085,20085,0.9695,False,61,1.48245804104954
tanh,,8,3,86,10086,20086,0.976,False,48,1.5125990000087768
tanh,,8,3,87,10087,20087,0.961,False,78,1.5141547920648009
tanh,,8,3,88,10088,20088,0.957,False,86,1.504839917179197
tanh,,8,3,89,10089,20089,0.952,False,96,1.4895456249359995
tanh,,8,3,90,10090,20090,0.969,False,62,1.5059467907994986
tanh,,8,3,91,10091,20091,0.964,False,72,1.5005507501773536
tanh,,8,3,92,10092,20092,0.9515,False,97,1.4964591248426586
tanh,,8,3,93,10093,20093,0.9725,False,55,1.4972111249808222
tanh,,8,3,94,10094,20094,0.964,False,72,1.4997855420224369
tanh,,8,3,95,10095,20095,0.9655,False,69,1.4957827089820057
tanh,,8,3,96,10096,20096,0.952,False,96,1.512536708964035
tanh,,8,3,97,10097,20097,0.955,False,90,1.5426710830070078
tanh,,8,3,98,10098,20098,0.962,False,76,1.5075092089828104
tanh,,8,3,99,10099,20099,0.9545,False,91,1.4862602499779314
tanh,,8,3,100,10100,20100,0.9625,False,75,1.5110631668940187
tanh,,8,3,101,10101,20101,0.968,False,64,1.4970189579762518
tanh,,8,3,102,10102,20102,0.9685,False,63,1.5002794170286506
tanh,,8,3,103,10103,20103,0.9685,False,63,1.4908858330454677
tanh,,8,3,104,10104,20104,0.948,False,104,1.4945725419092923
tanh,,8,3,105,10105,20105,0.9615,False,77,1.5221655839122832
tanh,,8,3,106,10106,20106,0.9585,False,83,1.5299387499690056
tanh,,8,3,107,10107,20107,0.968,False,64,1.4941744159441441
tanh,,8,3,108,10108,20108,0.962,False,76,1.5040608749259263
tanh,,8,3,109,10109,20109,0.9665,False,67,1.4800502920988947
tanh,,8,3,110,10110,20110,0.9635,False,73,1.4808866248931736
tanh,,8,3,111,10111,20111,0.966,False,68,1.4794600829482079
tanh,,8,3,112,10112,20112,0.972,False,56,1.4789117500185966
tanh,,8,3,113,10113,20113,0.9575,False,85,1.4851375420112163
tanh,,8,3,114,10114,20114,0.964,False,72,1.48398566711694
tanh,,8,3,115,10115,20115,0.96,False,80,1.4907034588977695
tanh,,8,3,116,10116,20116,0.971,False,58,1.4777034160215408
tanh,,8,3,117,10117,20117,0.9685,False,63,1.5149532910436392
tanh,,8,3,118,10118,20118,0.9555,False,89,1.4952526669949293
tanh,,8,3,119,10119,20119,0.9705,False,59,1.506889791926369
tanh,,8,3,120,10120,20120,0.971,False,58,1.4934062499087304
tanh,,8,3,121,10121,20121,0.966,False,68,1.4908187908586115
tanh,,8,3,122,10122,20122,0.9655,False,69,1.4973290001507849
tanh,,8,3,123,10123,20123,0.9595,False,81,1.49346016603522
tanh,,8,3,124,10124,20124,0.9595,False,81,1.491466874955222
tanh,,8,3,125,10125,20125,0.9665,False,67,1.5027971670497209
tanh,,8,3,126,10126,20126,0.971,False,58,1.4853865408804268
tanh,,8,3,127,10127,20127,0.949,False,102,1.490395125001669
tanh,,8,3,128,10128,20128,0.9675,False,65,1.489207583013922
tanh,,8,3,129,10129,20129,0.963,False,74,1.4950904168654233
tanh,,8,3,130,10130,20130,0.9665,False,67,1.4941934579983354
tanh,,8,3,131,10131,20131,0.966,False,68,1.4885066661518067
tanh,,8,3,132,10132,20132,0.9725,False,55,1.491399624850601
tanh,,8,3,133,10133,20133,0.967,False,66,1.4858376670163125
tanh,,8,3,134,10134,20134,0.9655,False,69,1.4936342500150204
tanh,,8,3,135,10135,20135,0.962,False,76,1.4933274160139263
tanh,,8,3,136,10136,20136,0.9565,False,87,1.4897163750138134
tanh,,8,3,137,10137,20137,0.9705,False,59,1.4870947080198675
tanh,,8,3,138,10138,20138,0.97,False,60,1.4874162080232054
tanh,,8,3,139,10139,20139,0.953,False,94,1.490133584011346
tanh,,8,3,140,10140,20140,0.9385,False,123,1.4904930831398815
tanh,,8,3,141,10141,20141,0.964,False,72,1.4923077498096973
tanh,,8,3,142,10142,20142,0.9695,False,61,1.4963854581583291
tanh,,8,3,143,10143,20143,0.9705,False,59,1.4912468341644853
tanh,,8,3,144,10144,20144,0.9645,False,71,1.490248457994312
tanh,,8,3,145,10145,20145,0.9645,False,71,1.49984991713427
tanh,,8,3,146,10146,20146,0.9705,False,59,1.4897865001112223
tanh,,8,3,147,10147,20147,0.962,False,76,1.4889895000960678
tanh,,8,3,148,10148,20148,0.965,False,70,1.492449542041868
tanh,,8,3,149,10149,20149,0.968,False,64,1.4882604170124978
tanh,,8,3,150,10150,20150,0.97,False,60,1.4946339160669595
tanh,,8,3,151,10151,20151,0.9635,False,73,1.4910225828643888
tanh,,8,3,152,10152,20152,0.957,False,86,1.4920845001470298
tanh,,8,3,153,10153,20153,0.967,False,66,1.4875977078918368
tanh,,8,3,154,10154,20154,0.967,False,66,1.4906381249893457
tanh,,8,3,155,10155,20155,0.9685,False,63,1.4886205410584807
tanh,,8,3,156,10156,20156,0.9625,False,75,1.4955390410032123
tanh,,8,3,157,10157,20157,0.965,False,70,1.5138683749828488
tanh,,8,3,158,10158,20158,0.9635,False,73,1.4875511249992996
tanh,,8,3,159,10159,20159,0.9635,False,73,1.4918150841258466
tanh,,8,3,160,10160,20160,0.953,False,94,1.7068023751489818
tanh,,8,3,161,10161,20161,0.957,False,86,1.488896334078163
tanh,,8,3,162,10162,20162,0.9685,False,63,2.2102172090671957
tanh,,8,3,163,10163,20163,0.947,False,106,2.00378816598095
tanh,,8,3,164,10164,20164,0.965,False,70,1.4867330419365317
tanh,,8,3,165,10165,20165,0.965,False,70,1.484671083977446
tanh,,8,3,166,10166,20166,0.9645,False,71,1.48798816697672
tanh,,8,3,167,10167,20167,0.969,False,62,1.4889575839042664
tanh,,8,3,168,10168,20168,0.9565,False,87,1.4886017499957234
tanh,,8,3,169,10169,20169,0.9605,False,79,1.491305542178452
tanh,,8,3,170,10170,20170,0.963,False,74,1.4905906671192497
tanh,,8,3,171,10171,20171,0.9665,False,67,1.483415458118543
tanh,,8,3,172,10172,20172,0.9725,False,55,1.4887766670435667
tanh,,8,3,173,10173,20173,0.979,False,42,1.5075078748632222
tanh,,8,3,174,10174,20174,0.9705,False,59,1.5671322089619935
tanh,,8,3,175,10175,20175,0.959,False,82,1.5258948339615017
tanh,,8,3,176,10176,20176,0.965,False,70,1.498738416004926
tanh,,8,3,177,10177,20177,0.9725,False,55,1.4876844168175012
tanh,,8,3,178,10178,20178,0.973,False,54,1.4879951658658683
tanh,,8,3,179,10179,20179,0.958,False,84,1.4861307078972459
tanh,,8,3,180,10180,20180,0.9585,False,83,1.4861409170553088
tanh,,8,3,181,10181,20181,0.9625,False,75,1.4868069170042872
tanh,,8,3,182,10182,20182,0.964,False,72,1.4888556248042732
tanh,,8,3,183,10183,20183,0.959,False,82,1.4924603330437094
tanh,,8,3,184,10184,20184,0.948,False,104,1.4924790838267654
tanh,,8,3,185,10185,20185,0.9525,False,95,1.4898592920508236
tanh,,8,3,186,10186,20186,0.962,False,76,1.4926714999601245
tanh,,8,3,187,10187,20187,0.972,False,56,1.4860036671161652
tanh,,8,3,188,10188,20188,0.724,False,552,1.4896774580702186
tanh,,8,3,189,10189,20189,0.9515,False,97,1.4870275829453021
tanh,,8,3,190,10190,20190,0.967,False,66,1.4918105418328196
tanh,,8,3,191,10191,20191,0.956,False,88,1.4955853330902755
tanh,,8,3,192,10192,20192,0.9585,False,83,1.4882900000084192
tanh,,8,3,193,10193,20193,0.972,False,56,1.4870999159757048
tanh,,8,3,194,10194,20194,0.96,False,80,1.4846615409478545
tanh,,8,3,195,10195,20195,0.9715,False,57,1.4875653330236673
tanh,,8,3,196,10196,20196,0.973,False,54,1.4884179159998894
tanh,,8,3,197,10197,20197,0.9515,False,97,1.521977833006531
tanh,,8,3,198,10198,20198,0.955,False,90,1.4876729999668896
tanh,,8,3,199,10199,20199,0.9665,False,67,1.5440785828977823
